id,date,product,price,quantity
1,10/05/2021,Skirt - 29 Foot,12.5,1
2,10/08/2021,Sprouts - Baby Pea Tendrils,19.9,4
3,10/08/2021,Soup Campbells Beef With Veg,3.0,5
4,10/10/2021,Sprite - 355 Ml,16.2,5
5,10/08/2021,Creamers - 10%,3.1,3
6,10/04/2021,Tomato - Tricolor Cherry,17.9,3
7,10/04/2021,Beef - Montreal Smoked Brisket,9.7,5
8,10/04/2021,Chocolate - Compound Coating,16.8,2
9,10/09/2021,Fondant - Icing,14.1,3
10,10/08/2021,Tea Peppermint,15.3,3
11,10/10/2021,Muffin Hinge - 211n,7.4,4
12,10/05/2021,Jolt Cola - Electric Blue,11.5,5
13,10/08/2021,Plate Foam Laminated 9in Blk,3.0,1
14,10/07/2021,Shopper Bag - S - 4,2.4,5
15,10/04/2021,Wine - Fontanafredda Barolo,2.0,1
16,10/06/2021,"Pineapple - Canned, Rings",4.5,5
17,10/04/2021,Cookies Cereal Nut,4.3,5
18,10/10/2021,Veal - Osso Bucco,19.3,1
19,10/04/2021,Plasticforkblack,4.3,3
20,10/04/2021,Steel Wool,3.5,4
21,10/04/2021,Chocolate Bar - Coffee Crisp,8.2,1
22,10/07/2021,Milk - Chocolate 250 Ml,19.3,3
23,10/06/2021,Dragon Fruit,18.0,1
24,10/07/2021,Appetizer - Assorted Box,16.6,1
25,10/05/2021,Worcestershire Sauce,1.2,2
26,10/09/2021,Salmon - Sockeye Raw,7.3,1
27,11/06/2021,Lamb Leg - Bone - In Nz,11.6,1
28,10/04/2021,Wine - Magnotta - Belpaese,1.0,4
29,10/09/2021,Energy Drink - Franks Original,4.5,2
30,10/04/2021,Contreau,14.4,5
31,10/10/2021,Quail - Jumbo Boneless,15.0,3
32,10/06/2021,Muffin - Mix - Strawberry Rhubarb,9.2,4
33,10/10/2021,"Nut - Pecan, Halves",12.8,2
34,10/07/2021,"Garlic - Primerba, Paste",15.4,2
35,10/10/2021,Containter - 3oz Microwave Rect.,16.8,1
36,10/05/2021,Halibut - Steaks,9.2,5
37,10/08/2021,Oil - Margarine,17.0,2
38,10/10/2021,"Soup - Campbells, Chix Gumbo",1.3,3
39,10/05/2021,"Chicken - Diced, Cooked",2.7,2
40,10/08/2021,Sauce - Salsa,19.3,4
41,10/05/2021,Crackers - Melba Toast,17.9,1
42,10/06/2021,"Soup - Campbells, Beef Barley",7.0,2
43,10/05/2021,"Artichoke - Bottom, Canned",6.8,1
44,10/10/2021,Squash - Acorn,10.1,1
45,10/04/2021,"Oranges - Navel, 72",3.9,5
46,11/06/2021,Turkey - Oven Roast Breast,6.6,4
47,10/07/2021,"Shrimp - Baby, Cold Water",4.5,2
48,10/05/2021,Sausage - Blood Pudding,7.9,5
49,10/05/2021,Salt - Sea,10.2,2
50,10/09/2021,"Mushroom - Oyster, Fresh",5.3,5
51,10/06/2021,Soup Campbells Turkey Veg.,15.1,4
52,10/08/2021,Truffle Cups - White Paper,18.1,5
53,10/10/2021,Tart - Raisin And Pecan,6.4,2
54,10/05/2021,Basil - Fresh,15.0,1
55,10/07/2021,Canada Dry,13.7,3
56,10/08/2021,Momiji Oroshi Chili Sauce,4.2,2
57,10/07/2021,Wine - Zinfandel Rosenblum,13.0,4
58,10/04/2021,Macaroons - Two Bite Choc,3.5,2
59,10/07/2021,Lemonade - Pineapple Passion,18.2,5
60,10/09/2021,Wine - Chenin Blanc K.w.v.,9.9,4
61,10/06/2021,Onion Powder,2.8,5
62,10/07/2021,V8 - Berry Blend,18.7,4
63,10/04/2021,Sauce - Mint,15.7,4
64,10/10/2021,"Pepper - Paprika, Hungarian",8.8,3
65,10/06/2021,Wine - Vidal Icewine Magnotta,14.3,5
66,10/08/2021,Chocolate - White,10.2,1
67,10/07/2021,"Bread - Dark Rye, Loaf",1.4,1
68,10/10/2021,Compound - Raspberry,13.1,4
69,10/07/2021,Salmon Steak - Cohoe 8 Oz,11.7,2
70,10/04/2021,Potatoes - Fingerling 4 Oz,2.0,2
71,10/07/2021,Cabbage - Red,9.5,2
72,10/09/2021,Wine - Rubyport,8.2,2
73,10/04/2021,Pastry - Carrot Muffin - Mini,1.3,1
74,10/07/2021,Eggplant - Asian,11.4,1
75,10/04/2021,Jameson Irish Whiskey,19.2,4
76,10/08/2021,"Flour - Buckwheat, Dark",7.0,5
77,10/06/2021,"Cheese - Brie,danish",12.1,5
78,10/05/2021,Bread - Malt,4.9,4
79,10/06/2021,Calaloo,10.7,5
80,10/07/2021,Cauliflower,15.2,5
81,10/09/2021,Cheese - Goat With Herbs,17.7,4
82,10/06/2021,Bread - Ciabatta Buns,17.9,5
83,10/06/2021,Pastry - Baked Scones - Mini,14.0,3
84,10/06/2021,Oil - Olive,12.7,3
85,10/04/2021,Mix - Cocktail Strawberry Daiquiri,10.6,2
86,10/05/2021,Cheese - Le Cheve Noir,18.1,4
87,10/07/2021,Flour - Semolina,15.0,1
88,10/04/2021,Truffle Shells - Semi - Sweet,3.9,1
89,10/10/2021,Ham - Cooked Bayonne Tinned,8.5,3
90,10/04/2021,Ice Cream Bar - Oreo Cone,9.7,1
91,10/09/2021,Pastry - Cheese Baked Scones,8.8,2
92,10/05/2021,Veal - Insides Provini,14.8,3
93,10/04/2021,Tea - Green,14.8,2
94,10/08/2021,"Mushroom - Shitake, Fresh",12.0,2
95,10/04/2021,Assorted Desserts,17.0,4
96,10/05/2021,Crab - Meat,19.0,2
97,10/10/2021,Cafe Royale,16.3,5
98,10/06/2021,Lettuce - Treviso,16.8,5
99,10/09/2021,Crackers - Water,15.2,1
100,10/05/2021,Beer - Camerons Auburn,8.9,2
101,10/10/2021,Salt And Pepper Mix - White,11.0,3
102,10/05/2021,"Tortillas - Flour, 10",1.8,5
103,10/08/2021,Mussels - Frozen,4.2,3
104,10/10/2021,Crackers Cheez It,9.3,3
105,10/08/2021,Tomato Puree,7.6,1
106,10/04/2021,Sausage - Andouille,18.5,4
107,10/06/2021,Wheat - Soft Kernal Of Wheat,14.6,3
108,10/08/2021,Paste - Black Olive,19.7,1
109,10/09/2021,Cape Capensis - Fillet,14.6,1
110,10/08/2021,"Apple - Delicious, Golden",14.2,2
111,10/05/2021,"Pork - Bacon,back Peameal",14.5,4
112,10/10/2021,Truffle Cups - Brown,18.7,4
113,10/09/2021,Flour Dark Rye,4.4,1
114,10/06/2021,Tomatoes - Grape,17.6,4
115,10/07/2021,Shrimp - Prawn,2.6,1
116,10/05/2021,Glaze - Clear,19.7,2
117,10/09/2021,Pepper - Jalapeno,15.6,5
118,10/07/2021,Bay Leaf Ground,8.3,3
119,10/05/2021,Beer - Steamwhistle,5.1,2
120,10/08/2021,"Potatoes - Instant, Mashed",13.3,4
121,10/10/2021,"Pepper - Black, Ground",2.9,3
122,10/07/2021,Wine - Black Tower Qr,8.6,5
123,10/04/2021,Shiratamako - Rice Flour,11.6,2
124,10/09/2021,Icecream - Dibs,2.8,1
125,10/04/2021,Sandwich Wrap,15.6,5
126,10/09/2021,Browning Caramel Glace,5.8,4
127,10/06/2021,Ecolab - Hobart Upr Prewash Arm,11.5,2
128,10/08/2021,Wine - Zonnebloem Pinotage,16.0,5
129,10/05/2021,Mousse - Banana Chocolate,7.1,5
130,10/04/2021,Oil - Sunflower,17.3,5
131,10/08/2021,Beer - Corona,6.7,5
132,10/10/2021,Ham - Cooked Italian,11.8,3
133,10/06/2021,Scallops - 20/30,17.0,5
134,10/10/2021,"Mushroom - Trumpet, Dry",17.7,5
135,10/04/2021,"Wine - Red, Harrow Estates, Cab",13.5,3
136,10/08/2021,Coffee - Irish Cream,9.6,4
137,10/10/2021,Bread - White Mini Epi,2.5,3
138,10/08/2021,Cookies - Fortune,6.0,1
139,10/06/2021,Flour - Fast / Rapid,13.9,2
140,10/07/2021,"Liqueur Banana, Ramazzotti",19.3,4
141,10/07/2021,Canada Dry,5.5,1
142,10/06/2021,Chambord Royal,5.9,4
143,10/06/2021,"Cod - Salted, Boneless",1.1,4
144,10/04/2021,"Wine - White, Lindemans Bin 95",16.7,3
145,10/10/2021,"Salmon - Atlantic, Skin On",14.1,1
146,10/05/2021,Wine - Chardonnay Mondavi,15.3,4
147,10/07/2021,Wine - Casablanca Valley,10.7,4
148,10/05/2021,Coffee - Egg Nog Capuccino,9.5,5
149,10/06/2021,Chick Peas - Canned,14.5,1
150,10/06/2021,Cheese - Parmigiano Reggiano,12.6,2
151,10/04/2021,Orange - Tangerine,15.0,3
152,10/05/2021,Steampan - Foil,6.6,3
153,10/08/2021,Nestea - Iced Tea,10.0,1
154,10/04/2021,Flour - Masa De Harina Mexican,9.4,4
155,10/04/2021,"Pasta - Fusili, Dry",8.1,4
156,10/10/2021,Veal - Heart,4.3,4
157,10/04/2021,Bread - Malt,18.9,1
158,10/07/2021,Hot Chocolate - Individual,2.2,3
159,10/07/2021,Scampi Tail,19.1,4
160,10/09/2021,Bread - Raisin Walnut Pull,11.0,2
161,10/06/2021,Milk - Skim,7.2,2
162,10/09/2021,Energy Drink - Franks Pineapple,1.0,3
163,10/09/2021,Langers - Cranberry Cocktail,6.0,3
164,10/07/2021,Coffee - Frthy Coffee Crisp,7.7,5
165,10/09/2021,Sugar Thermometer,18.0,2
166,10/07/2021,Island Oasis - Strawberry,2.9,1
167,10/07/2021,Miso Paste White,1.1,1
168,10/07/2021,Butter Ripple - Phillips,6.1,4
169,10/10/2021,Tomato Paste,14.6,1
170,10/07/2021,Liquid Aminios Acid - Braggs,6.7,2
171,10/09/2021,Cake - Pancake,2.9,4
172,10/09/2021,Sauce - Chili,16.9,3
173,10/07/2021,Syrup - Monin - Granny Smith,10.5,2
174,10/05/2021,Spaghetti Squash,5.1,5
175,10/08/2021,Wine - Spumante Bambino White,6.4,1
176,10/05/2021,Pernod,13.6,3
177,10/10/2021,Dried Apple,1.4,3
178,10/04/2021,Potatoes - Yukon Gold 5 Oz,1.7,4
179,10/08/2021,Octopus,4.8,2
180,10/05/2021,Buffalo - Tenderloin,10.7,2
181,10/04/2021,"Pork - Back, Short Cut, Boneless",3.9,1
182,10/06/2021,Creme De Banane - Marie,5.6,3
183,10/08/2021,Coffee Decaf Colombian,2.9,5
184,10/08/2021,Kellogs Cereal In A Cup,16.6,5
185,10/07/2021,Taro Root,15.1,1
186,10/05/2021,Chip - Potato Dill Pickle,14.0,1
187,10/07/2021,Squash - Pepper,1.5,5
188,10/09/2021,Kellogs Cereal In A Cup,13.2,3
189,10/05/2021,Plate Foam Laminated 9in Blk,8.2,2
190,10/04/2021,"Extract - Vanilla,artificial",5.2,5
191,10/04/2021,Wine - Chianti Classica Docg,7.8,5
192,10/09/2021,Lamb - Rack,19.0,4
193,10/05/2021,"Shrimp - Baby, Warm Water",11.8,4
194,10/08/2021,Steel Wool,18.5,5
195,10/08/2021,Shrimp - 150 - 250,9.2,4
196,10/04/2021,Cleaner - Bleach,1.7,2
197,10/04/2021,Shiratamako - Rice Flour,5.6,4
198,10/04/2021,Coffee Cup 16oz Foam,16.4,5
199,10/07/2021,Cheese - Augre Des Champs,18.8,3
200,10/08/2021,Wine - Riesling Dr. Pauly,9.9,1
201,10/07/2021,Blueberries - Frozen,1.8,1
202,10/06/2021,"Lobster - Baby, Boiled",14.9,5
203,10/08/2021,Dried Cranberries,15.1,2
204,10/04/2021,Pie Pecan,2.3,5
205,10/07/2021,Foam Espresso Cup Plain White,14.2,1
206,10/08/2021,Mustard - Pommery,6.7,4
207,10/06/2021,Fireball Whisky,19.9,5
208,10/05/2021,"Nut - Pistachio, Shelled",8.3,2
209,10/09/2021,"Sprite, Diet - 355ml",6.8,1
210,10/10/2021,Containter - 3oz Microwave Rect.,18.1,5
211,10/04/2021,Maintenance Removal Charge,7.0,4
212,10/09/2021,Wine - Clavet Saint Emilion,6.6,5
213,10/07/2021,Coffee - Irish Cream,18.0,4
214,10/05/2021,Sauce - Rosee,9.8,2
215,10/07/2021,Juice - Ocean Spray Kiwi,14.0,1
216,10/05/2021,Egg - Salad Premix,13.1,1
217,10/10/2021,Fudge - Chocolate Fudge,10.0,4
218,10/09/2021,"Potatoes - Yukon Gold, 80 Ct",9.9,1
219,10/04/2021,Beer - Heinekin,19.2,5
220,10/05/2021,"Pasta - Penne Primavera, Single",3.4,3
221,10/09/2021,"Lid - High Heat, Super Clear",18.3,3
222,10/05/2021,Latex Rubber Gloves Size 9,3.5,2
223,10/05/2021,"Beef - Ox Tongue, Pickled",19.9,4
224,10/06/2021,Ecolab Crystal Fusion,3.8,3
225,10/10/2021,Lemon Grass,12.7,2
226,10/10/2021,Skewers - Bamboo,12.2,2
227,10/07/2021,"Coke - Classic, 355 Ml",14.1,5
228,10/07/2021,Kohlrabi,17.7,4
229,10/05/2021,Ecolab - Lime - A - Way 4/4 L,19.9,4
230,10/04/2021,Jack Daniels,5.2,3
231,10/05/2021,Table Cloth 54x54 Colour,12.5,2
232,10/04/2021,Sauce - Hoisin,13.0,2
233,10/05/2021,Shrimp - Black Tiger 16/20,7.2,4
234,10/06/2021,Wine - Port Late Bottled Vintage,10.7,1
235,10/05/2021,Nescafe - Frothy French Vanilla,14.6,2
236,10/05/2021,"Soup - Knorr, Veg / Beef",5.2,5
237,10/08/2021,Jolt Cola,17.8,3
238,10/05/2021,Chicken - Tenderloin,19.7,1
239,10/10/2021,Eggs - Extra Large,9.6,3
240,10/04/2021,"Ice - Clear, 300 Lb For Carving",5.8,1
241,10/10/2021,Nantucket Cranberry Juice,19.3,5
242,10/04/2021,"Crush - Grape, 355 Ml",13.2,1
243,10/10/2021,Island Oasis - Ice Cream Mix,19.5,4
244,10/06/2021,Sage - Rubbed,2.3,3
245,10/09/2021,Olives - Morracan Dired,8.5,3
246,10/10/2021,Muffin - Mix - Bran And Maple 15l,7.6,1
247,10/06/2021,Fiddlehead - Frozen,4.3,3
248,10/05/2021,Muffin - Carrot Individual Wrap,17.3,2
249,10/06/2021,Thermometer Digital,4.4,5
250,10/05/2021,Cake - Cake Sheet Macaroon,15.8,2
251,10/09/2021,Liquid Aminios Acid - Braggs,18.0,2
252,10/10/2021,Beer - Paulaner Hefeweisse,17.2,5
253,10/09/2021,"Lemonade - Black Cherry, 591 Ml",4.1,2
254,10/08/2021,Wine - Fume Blanc Fetzer,6.5,3
255,10/08/2021,Lettuce - Belgian Endive,16.2,2
256,10/07/2021,"Water - Mineral, Carbonated",11.1,2
257,10/10/2021,Anchovy Paste - 56 G Tube,8.2,3
258,10/06/2021,Nantucket - 518ml,5.0,3
259,10/08/2021,Miso - Soy Bean Paste,3.8,5
260,10/09/2021,Chocolate - Mi - Amere Semi,18.3,4
261,10/04/2021,Wine - Fontanafredda Barolo,2.9,2
262,10/05/2021,Truffle Shells - Semi - Sweet,3.1,3
263,10/08/2021,Onions - Red Pearl,1.2,4
264,10/06/2021,"Sauce - Soya, Light",14.6,4
265,10/08/2021,Bacardi Raspberry,1.8,3
266,10/08/2021,Shrimp - 150 - 250,16.8,4
267,10/08/2021,Pepper - Green,3.3,2
268,10/06/2021,Piping Jelly - All Colours,15.4,4
269,10/06/2021,Pastry - Chocolate Chip Muffin,16.9,1
270,10/04/2021,Soup Campbells Turkey Veg.,11.8,3
271,10/09/2021,"Cheese - Brie,danish",3.6,1
272,10/09/2021,Tomatoes - Roma,2.4,4
273,10/04/2021,Wine - Tribal Sauvignon,3.0,2
274,10/07/2021,Ice Cream - Turtles Stick Bar,5.9,4
275,10/04/2021,Wine - Champagne Brut Veuve,9.8,4
276,10/06/2021,"Fish - Halibut, Cold Smoked",8.5,4
277,10/09/2021,Amarula Cream,7.4,3
278,10/04/2021,Appetizer - Assorted Box,7.4,4
279,10/10/2021,Mcgillicuddy Vanilla Schnap,10.3,1
280,10/08/2021,Bag Stand,19.0,2
281,10/09/2021,Miso - Soy Bean Paste,2.0,1
282,10/08/2021,"Onions - Dried, Chopped",18.5,1
283,10/08/2021,Cookie Chocolate Chip With,1.7,1
284,10/06/2021,Fudge - Cream Fudge,18.2,3
285,10/05/2021,Chips - Potato Jalapeno,17.7,5
286,10/06/2021,Chips Potato All Dressed - 43g,2.4,3
287,10/10/2021,Ice Cream - Strawberry,2.9,5
288,10/04/2021,"Beef - Ground, Extra Lean, Fresh",11.2,5
289,10/10/2021,"Napkin - Dinner, White",13.6,2
290,10/07/2021,Pastry - Cheese Baked Scones,3.4,1
291,10/10/2021,"Loaf Pan - 2 Lb, Foil",11.0,5
292,10/10/2021,Maintenance Removal Charge,14.8,1
293,10/06/2021,"Nestea - Ice Tea, Diet",6.7,3
294,10/05/2021,Zucchini - Yellow,19.5,3
295,10/05/2021,Sour Puss - Tangerine,16.6,5
296,10/09/2021,Sauerkraut,4.3,1
297,10/05/2021,Meldea Green Tea Liquor,10.5,5
298,10/05/2021,Milk - Chocolate 250 Ml,5.2,3
299,10/06/2021,Haggis,5.4,3
300,10/08/2021,Cilantro / Coriander - Fresh,11.0,2
301,10/07/2021,Wine - Chenin Blanc K.w.v.,19.5,3
302,10/05/2021,Lentils - Green Le Puy,10.4,5
303,10/07/2021,Dried Apple,6.4,4
304,10/06/2021,Soup - Campbells Bean Medley,10.7,2
305,10/06/2021,Soup - Tomato Mush. Florentine,19.2,1
306,10/06/2021,"Pasta - Canelloni, Single Serve",15.1,1
307,10/06/2021,"Wine - Red, Mouton Cadet",16.3,5
308,10/06/2021,Sherry - Dry,9.9,5
309,10/09/2021,Chicken Breast Wing On,8.2,5
310,10/04/2021,Coffee - French Vanilla Frothy,3.9,2
311,10/10/2021,Cheese - Valancey,14.2,5
312,10/10/2021,Isomalt,3.3,3
313,10/06/2021,Wine - Delicato Merlot,15.0,5
314,10/04/2021,Cookie Dough - Chunky,3.9,4
315,10/10/2021,Steam Pan Full Lid,4.7,4
316,10/10/2021,Chicken - Soup Base,6.2,4
317,10/10/2021,Kiwi Gold Zespri,7.9,4
318,10/05/2021,Sword Pick Asst,3.0,3
319,10/09/2021,Pasta - Canelloni,8.8,2
320,10/08/2021,Vinegar - Champagne,7.8,2
321,10/10/2021,"Sprite, Diet - 355ml",15.0,2
322,10/10/2021,Pastry - Lemon Danish - Mini,9.9,2
323,10/09/2021,"Napkin - Beverge, White 2 - Ply",10.1,4
324,10/09/2021,Tomato - Plum With Basil,16.7,5
325,10/08/2021,Cookie Dough - Chunky,16.9,2
326,10/06/2021,Vaccum Bag 10x13,8.3,2
327,10/10/2021,Bread - 10 Grain,5.6,3
328,10/05/2021,Cheese - Goat With Herbs,1.5,3
329,10/08/2021,Puree - Mango,10.6,4
330,10/04/2021,Wasabi Paste,1.1,4
331,10/04/2021,"Basil - Dry, Rubbed",2.4,4
332,10/09/2021,Coffee - Espresso,4.8,5
333,10/04/2021,"Salsify, Organic",9.4,3
334,10/10/2021,Bread - Italian Roll With Herbs,5.9,5
335,10/09/2021,Quail - Jumbo Boneless,11.5,3
336,10/04/2021,Towel - Roll White,10.1,4
337,10/04/2021,"Tomatoes - Cherry, Yellow",10.5,2
338,10/08/2021,Sauce - Caesar Dressing,8.4,2
339,10/08/2021,"Nut - Pecan, Pieces",14.2,5
340,10/06/2021,Oil - Pumpkinseed,14.8,5
341,10/08/2021,"Lentils - Red, Dry",9.8,3
342,10/07/2021,Soup - Campbells Pasta Fagioli,1.6,5
343,10/09/2021,Soup - French Onion,6.8,3
344,10/07/2021,Bread - Italian Roll With Herbs,7.5,4
345,10/09/2021,Chicken - Soup Base,4.9,5
346,10/04/2021,Stock - Fish,15.7,4
347,10/04/2021,Tilapia - Fillets,16.0,5
348,10/10/2021,Onions - Red Pearl,7.6,5
349,10/05/2021,Soup - Tomato Mush. Florentine,6.7,2
350,10/07/2021,Arctic Char - Fillets,7.8,2
351,10/08/2021,Ice Cream - Turtles Stick Bar,9.5,2
352,10/09/2021,Garbage Bag - Clear,16.3,3
353,10/10/2021,Beef - Ground Medium,19.4,3
354,10/09/2021,Pork - Backfat,16.8,3
355,10/08/2021,"Beans - Black Bean, Preserved",16.0,4
356,10/06/2021,Ecolab - Balanced Fusion,10.3,4
357,10/10/2021,Tart - Raisin And Pecan,8.3,1
358,10/06/2021,Lettuce - Green Leaf,3.6,5
359,10/06/2021,Beer - Paulaner Hefeweisse,3.0,2
360,10/07/2021,"Lettuce - Romaine, Heart",8.7,5
361,10/06/2021,"Wine - Cahors Ac 2000, Clos",5.3,3
362,10/06/2021,Coriander - Seed,5.5,4
363,10/04/2021,Energy Drink - Franks Original,16.1,3
364,10/06/2021,Flavouring - Rum,12.7,5
365,10/05/2021,"Oil - Shortening,liqud, Fry",8.7,1
366,10/09/2021,Goat - Whole Cut,4.3,3
367,10/04/2021,Milk - Chocolate 500ml,9.7,4
368,10/06/2021,Chocolate Bar - Smarties,8.2,2
369,10/04/2021,"Cheese - Boursin, Garlic / Herbs",8.8,4
370,10/07/2021,Salt And Pepper Mix - Black,9.3,3
371,10/07/2021,Mayonnaise - Individual Pkg,18.1,1
372,10/09/2021,Lychee - Canned,15.3,1
373,10/05/2021,Flounder - Fresh,11.4,5
374,10/05/2021,Chicken - Whole Roasting,9.0,3
375,10/04/2021,Towel Multifold,14.0,5
376,10/09/2021,Ham Black Forest,5.8,5
377,10/08/2021,Tomatoes Tear Drop Yellow,13.2,1
378,10/04/2021,Oil - Coconut,4.0,5
379,10/07/2021,Bread - Pita,11.1,5
380,10/09/2021,Pancetta,5.8,2
381,10/08/2021,Rice - 7 Grain Blend,14.3,4
382,10/06/2021,Longos - Cheese Tortellini,7.8,3
383,10/06/2021,Juice - Ocean Spray Kiwi,8.1,5
384,10/09/2021,Duck - Breast,3.8,4
385,10/07/2021,Sardines,8.7,2
386,10/08/2021,Pasta - Orecchiette,16.5,2
387,10/04/2021,Oil - Sunflower,17.2,2
388,10/08/2021,Coffee - Egg Nog Capuccino,4.1,5
389,10/10/2021,Wine - Shiraz Wolf Blass Premium,1.4,3
390,10/09/2021,Pepper - Orange,13.9,5
391,10/07/2021,Blue Curacao - Marie Brizard,4.0,2
392,10/07/2021,Chick Peas - Canned,13.4,3
393,10/07/2021,Flour - Teff,8.8,3
394,10/06/2021,"Fish - Artic Char, Cold Smoked",7.7,4
395,10/10/2021,Sprite - 355 Ml,16.3,5
396,10/07/2021,Cookie - Dough Variety,19.3,5
397,10/05/2021,"Yogurt - Banana, 175 Gr",7.6,3
398,10/07/2021,Squid - U 5,10.1,1
399,10/08/2021,Clementine,8.2,2
400,10/10/2021,"Fish - Artic Char, Cold Smoked",18.2,3
401,10/05/2021,"Bread - Bagels, Plain",14.0,2
402,10/10/2021,Macaroons - Two Bite Choc,10.5,2
403,10/08/2021,Sauce - Hollandaise,6.7,5
404,10/08/2021,"Shrimp - 16/20, Iqf, Shell On",11.9,3
405,10/06/2021,Cabbage Roll,6.8,4
406,10/09/2021,Hot Choc Vending,11.6,3
407,10/10/2021,Cheese - Ermite Bleu,2.0,4
408,10/08/2021,"Bread - White, Sliced",5.6,3
409,10/07/2021,Cheese - Goat,10.9,5
410,10/04/2021,Dc - Sakura Fu,8.3,3
411,10/09/2021,Vol Au Vents,3.3,2
412,10/05/2021,"Wine - Red, Black Opal Shiraz",3.7,1
413,10/09/2021,Cookie - Oreo 100x2,13.2,1
414,10/10/2021,Shrimp - Black Tiger 8 - 12,6.3,1
415,10/05/2021,Duck - Legs,11.7,2
416,10/10/2021,Capers - Pickled,4.7,3
417,10/04/2021,Bread - Bistro White,19.9,3
418,10/09/2021,Lid - 0090 Clear,17.5,2
419,10/10/2021,Chips - Doritos,16.8,2
420,10/09/2021,"Iced Tea - Lemon, 460 Ml",2.2,2
421,10/08/2021,Lettuce - Belgian Endive,16.9,2
422,10/09/2021,Pastry - Carrot Muffin - Mini,3.3,1
423,10/08/2021,Pastry - Plain Baked Croissant,18.6,3
424,10/07/2021,"Lentils - Red, Dry",10.1,2
425,10/09/2021,Bread - Raisin Walnut Oval,10.8,4
426,10/07/2021,"Tart Shells - Savory, 3",15.0,5
427,10/10/2021,Chocolate - Milk Coating,2.6,4
428,10/06/2021,Daves Island Stinger,19.3,5
429,10/09/2021,Kellogs All Bran Bars,11.9,5
430,10/10/2021,Shrimp - 150 - 250,5.6,4
431,10/10/2021,Rabbit - Frozen,19.4,2
432,10/09/2021,Beef Dry Aged Tenderloin Aaa,6.5,2
433,10/05/2021,Jicama,17.5,5
434,10/06/2021,Appetizer - Lobster Phyllo Roll,8.7,2
435,10/07/2021,"Veal - Inside Round / Top, Lean",7.8,3
436,10/10/2021,Nutmeg - Ground,1.4,1
437,10/09/2021,"Schnappes - Peach, Walkers",14.6,5
438,10/06/2021,Scallops - U - 10,4.6,5
439,10/06/2021,Tea - Lemon Green Tea,17.0,5
440,10/04/2021,Oil - Sunflower,16.4,4
441,10/07/2021,Chinese Foods - Thick Noodles,10.3,2
442,10/07/2021,Bread - Flat Bread,13.0,4
443,10/10/2021,Lettuce - Lambs Mash,11.9,5
444,10/08/2021,French Kiss Vanilla,2.4,1
445,10/09/2021,Compound - Raspberry,15.5,4
446,10/08/2021,Wine - Chateau Bonnet,1.3,3
447,10/10/2021,Flour Dark Rye,15.5,5
448,10/05/2021,Eggplant Italian,5.3,3
449,10/10/2021,Soup - French Onion,8.4,3
450,10/09/2021,"Chicken - Breast, 5 - 7 Oz",11.7,3
451,10/04/2021,Chambord Royal,17.4,5
452,10/07/2021,Soup Campbells Beef With Veg,4.3,4
453,10/09/2021,Lettuce - Red Leaf,2.1,4
454,10/08/2021,Icecream - Dibs,18.0,1
455,10/06/2021,Juice Peach Nectar,8.3,2
456,10/09/2021,Crab - Imitation Flakes,8.3,4
457,10/09/2021,Longos - Penne With Pesto,16.1,1
458,10/05/2021,Tuna - Bluefin,6.5,5
459,10/08/2021,"Wine - White, Antinore Orvieto",6.6,2
460,10/08/2021,Melon - Watermelon Yellow,14.3,3
461,10/10/2021,French Pastry - Mini Chocolate,2.6,2
462,10/09/2021,Sour Puss Raspberry,9.4,2
463,10/06/2021,Cheese - Swiss Sliced,18.9,5
464,10/08/2021,Bread - Hamburger Buns,10.4,2
465,10/05/2021,Potato - Sweet,10.9,1
466,10/09/2021,Cheese - Cream Cheese,2.1,5
467,10/06/2021,Mushroom - Portebello,4.1,4
468,10/10/2021,Lettuce - Iceberg,1.4,4
469,10/07/2021,Sterno - Chafing Dish Fuel,1.2,5
470,10/05/2021,Soup - Tomato Mush. Florentine,18.9,2
471,10/08/2021,"Mushroom - Enoki, Fresh",5.6,1
472,10/09/2021,Rice - Brown,4.1,3
473,10/09/2021,Egg Patty Fried,12.5,4
474,10/09/2021,"Pork - Ham, Virginia",15.1,5
475,10/04/2021,Liners - Baking Cups,15.5,2
476,10/10/2021,Garlic - Peeled,7.0,1
477,10/04/2021,Bread - Crusty Italian Poly,10.5,4
478,10/09/2021,Mustard Prepared,3.1,4
479,10/06/2021,Scallops - Live In Shell,9.7,3
480,10/05/2021,Veal - Slab Bacon,7.8,5
481,10/06/2021,Red Cod Fillets - 225g,16.9,2
482,10/09/2021,Spinach - Frozen,18.6,4
483,10/10/2021,Cheese - Parmesan Grated,13.5,2
484,10/05/2021,"Nut - Pine Nuts, Whole",16.6,4
485,10/06/2021,Pie Shell - 9,13.2,3
486,10/07/2021,Cleaner - Lime Away,6.4,1
487,10/08/2021,Flour - So Mix Cake White,6.7,4
488,10/04/2021,Lettuce - Arugula,6.2,2
489,10/05/2021,Jolt Cola - Electric Blue,17.0,2
490,10/07/2021,Flax Seed,18.1,2
491,10/08/2021,Wine - Barolo Fontanafredda,14.8,4
492,10/09/2021,Spring Roll Veg Mini,11.8,3
493,10/09/2021,Straws - Cocktale,5.5,2
494,10/04/2021,Soup - Verve - Chipotle Chicken,18.4,2
495,10/04/2021,Pepper - Red Bell,17.0,2
496,10/10/2021,Pie Filling - Pumpkin,1.3,1
497,10/10/2021,Bread Foccacia Whole,13.0,3
498,10/09/2021,Jameson Irish Whiskey,7.5,4
499,10/06/2021,Spring Roll Wrappers,4.1,4
500,10/04/2021,Cinnamon - Ground,19.3,5
501,10/04/2021,Breakfast Quesadillas,12.4,1
502,10/05/2021,Bread - Corn Muffaleta Onion,3.5,5
503,10/08/2021,Cheese - Comte,9.3,4
504,10/08/2021,Sea Bass - Fillets,14.5,3
505,10/09/2021,Red Currant Jelly,2.8,5
506,10/10/2021,"Bread - Roll, Italian",9.5,3
507,10/09/2021,Onions - Red Pearl,16.4,3
508,10/08/2021,Beef - Tenderloin Tails,18.6,3
509,10/09/2021,"Pepsi - Diet, 355 Ml",8.6,5
510,10/09/2021,"Soup - French Onion, Dry",15.6,5
511,10/09/2021,Chicken - Livers,13.2,5
512,10/10/2021,Cucumber - Pickling Ontario,2.1,3
513,10/10/2021,Bananas,8.8,3
514,10/07/2021,Tea - Honey Green Tea,9.0,4
515,10/09/2021,Wooden Mop Handle,5.3,4
516,10/08/2021,Olives - Nicoise,16.9,3
517,10/09/2021,"Chicken - Leg, Fresh",19.8,1
518,10/04/2021,Beer - Mill St Organic,4.1,1
519,10/04/2021,Cup Translucent 9 Oz,18.1,1
520,10/07/2021,Ecolab Digiclean Mild Fm,10.1,3
521,10/06/2021,"Sparkling Wine - Rose, Freixenet",19.9,1
522,10/06/2021,Cookies Oatmeal Raisin,18.0,4
523,10/08/2021,Carroway Seed,14.6,2
524,10/09/2021,Appetizer - Lobster Phyllo Roll,3.1,1
525,10/09/2021,"Rum - Spiced, Captain Morgan",12.2,2
526,10/06/2021,Jolt Cola - Electric Blue,8.8,5
527,10/04/2021,Campari,13.0,5
528,10/07/2021,Alize Gold Passion,9.1,3
529,10/10/2021,Five Alive Citrus,14.4,1
530,10/06/2021,Gatorade - Cool Blue Raspberry,17.0,5
531,10/04/2021,Toamtoes 6x7 Select,16.4,1
532,10/04/2021,"Salmon - Atlantic, No Skin",8.4,3
533,10/04/2021,Vodka - Moskovskaya,5.2,1
534,10/05/2021,Sprouts - Corn,5.7,3
535,10/08/2021,Liquid Aminios Acid - Braggs,15.9,2
536,10/04/2021,Ice Cream Bar - Hageen Daz To,9.8,4
537,10/06/2021,Sprouts - Baby Pea Tendrils,3.8,5
538,10/08/2021,Gherkin - Sour,10.8,3
539,10/09/2021,Nori Sea Weed,9.9,5
540,10/05/2021,Pork - Bones,8.4,2
541,10/09/2021,Pie Pecan,8.7,3
542,10/10/2021,"Nut - Pistachio, Shelled",4.5,4
543,10/05/2021,"Asparagus - White, Fresh",16.8,1
544,10/10/2021,Rappini - Andy Boy,10.1,3
545,10/09/2021,Flour - Semolina,9.3,1
546,10/07/2021,Beef - Kobe Striploin,3.2,3
547,10/08/2021,Soup - Campbells - Tomato,8.2,3
548,10/05/2021,Zucchini - Yellow,17.6,4
549,10/05/2021,Pastry - Baked Cinnamon Stick,11.1,1
550,10/05/2021,"Zucchini - Mini, Green",14.8,3
551,10/08/2021,Salmon - Canned,14.8,1
552,10/09/2021,Sauce - Mint,19.0,5
553,10/08/2021,Cocktail Napkin Blue,18.3,2
554,10/09/2021,Rootbeer,1.0,4
555,10/04/2021,Chocolate - Compound Coating,3.4,5
556,10/06/2021,Anisette - Mcguiness,19.7,3
557,10/05/2021,"Veal - Shank, Pieces",14.8,5
558,10/08/2021,Coffee - Decaffeinato Coffee,16.6,1
559,10/06/2021,Wine - Barossa Valley Estate,5.9,4
560,10/07/2021,Grapes - Green,4.5,3
561,10/10/2021,"Sauce - Soya, Dark",19.2,2
562,10/08/2021,Fenngreek Seed,19.4,2
563,10/04/2021,Spinach - Packaged,12.6,5
564,10/04/2021,Beef - Top Butt,10.8,1
565,10/08/2021,Milk 2% 500 Ml,11.0,5
566,10/08/2021,Pepper - Red Bell,1.5,1
567,10/08/2021,Ecolab - Balanced Fusion,1.9,4
568,10/04/2021,"Beef - Outside, Round",18.9,5
569,10/07/2021,"Beef - Outside, Round",8.9,2
570,10/07/2021,Carbonated Water - Wildberry,14.6,4
571,10/04/2021,Salmon Steak - Cohoe 6 Oz,6.7,4
572,10/08/2021,Eel Fresh,14.2,4
573,10/06/2021,Cheese - Camembert,19.6,3
574,10/09/2021,Vol Au Vents,15.3,2
575,10/05/2021,Cheese - Ricotta,1.6,5
576,10/08/2021,Dried Cherries,12.1,4
577,10/07/2021,"Mushroom - Trumpet, Dry",13.8,5
578,10/10/2021,Beef - Striploin,17.7,2
579,10/10/2021,Mikes Hard Lemonade,13.6,4
580,10/10/2021,Pepper - Red Bell,7.0,1
581,10/10/2021,"Rosemary - Primerba, Paste",2.4,2
582,10/08/2021,Puff Pastry - Slab,14.0,2
583,10/05/2021,Sugar - White Packet,11.3,1
584,10/06/2021,"Thyme - Lemon, Fresh",9.4,3
585,10/09/2021,Wine - Gato Negro Cabernet,2.3,5
586,10/04/2021,Cloves - Whole,17.7,5
587,10/09/2021,Pomello,19.7,4
588,10/07/2021,"Pasta - Orzo, Dry",14.4,2
589,10/06/2021,Ice Cream - Strawberry,15.3,1
590,10/04/2021,"Star Anise, Whole",6.3,1
591,10/04/2021,"Ice - Clear, 300 Lb For Carving",1.0,3
592,10/10/2021,Oil - Hazelnut,19.4,4
593,10/08/2021,"Pasta - Cappellini, Dry",4.2,2
594,10/06/2021,Ecolab - Ster Bac,9.2,2
595,10/07/2021,Oil - Olive,12.2,4
596,10/09/2021,Herb Du Provence - Primerba,2.2,1
597,10/04/2021,Ecolab - Medallion,9.5,1
598,10/04/2021,Beer - Labatt Blue,6.1,2
599,10/05/2021,Lettuce - Radicchio,4.8,5
600,10/07/2021,"Juice - Tomato, 48 Oz",16.3,1
601,10/04/2021,Bread - Wheat Baguette,13.9,2
602,10/10/2021,Curry Paste - Green Masala,19.3,3
603,10/06/2021,"Ecolab - Orange Frc, Cleaner",3.2,4
604,10/08/2021,Sugar - Splenda Sweetener,18.8,3
605,10/07/2021,"Cookies - Oreo, 4 Pack",20.0,1
606,10/04/2021,Skirt - 24 Foot,2.4,1
607,10/08/2021,Cheese - Victor Et Berthold,10.3,4
608,10/10/2021,"Oil - Shortening,liqud, Fry",3.2,5
609,10/10/2021,Phyllo Dough,19.7,3
610,10/04/2021,"Bread - Rolls, Corn",6.7,4
611,10/07/2021,Sobe - Lizard Fuel,7.3,2
612,10/05/2021,Liners - Baking Cups,8.8,5
613,10/06/2021,Bread - Assorted Rolls,3.8,1
614,10/06/2021,"Nut - Walnut, Chopped",11.1,3
615,10/07/2021,Olives - Nicoise,8.0,1
616,10/08/2021,Turkey - Ground. Lean,13.0,3
617,10/05/2021,Halibut - Fletches,13.8,5
618,10/09/2021,Yogurt - French Vanilla,19.7,2
619,10/08/2021,Chicken - Whole,2.3,5
620,10/08/2021,"Wine - Red, Pelee Island Merlot",2.1,1
621,10/06/2021,Onions - Green,2.1,4
622,10/06/2021,Scallops - 10/20,7.9,2
623,10/09/2021,Salmon Atl.whole 8 - 10 Lb,15.4,3
624,10/09/2021,Rice Wine - Aji Mirin,16.1,4
625,10/06/2021,Garlic - Elephant,8.4,1
626,10/09/2021,Wine - Fontanafredda Barolo,5.7,1
627,10/05/2021,Phyllo Dough,7.9,2
628,10/04/2021,Ham - Cooked,16.5,3
629,10/04/2021,"Pepper - Green, Chili",16.8,1
630,10/08/2021,"Napkin - Cocktail,beige 2 - Ply",12.6,3
631,10/10/2021,Mince Meat - Filling,6.7,1
632,10/05/2021,Lobster - Live,14.4,1
633,10/07/2021,"Carrots - Purple, Organic",19.2,2
634,10/05/2021,"Crush - Orange, 355ml",6.2,5
635,10/07/2021,Creamers - 10%,11.3,3
636,10/06/2021,Apricots Fresh,7.3,2
637,10/08/2021,Veal - Eye Of Round,16.6,1
638,10/04/2021,"Potatoes - Purple, Organic",2.5,4
639,10/07/2021,"Pepper - Red, Finger Hot",3.3,2
640,10/05/2021,"Nut - Peanut, Roasted",19.7,4
641,10/09/2021,Foam Dinner Plate,4.6,1
642,10/09/2021,"Lamb - Leg, Diced",5.5,3
643,10/05/2021,Corn Meal,13.7,3
644,10/09/2021,Flower - Potmums,10.4,2
645,10/05/2021,"Soup - Knorr, French Onion",7.1,3
646,10/07/2021,Sauce - Hollandaise,8.1,1
647,10/10/2021,"Pepper - Julienne, Frozen",9.1,5
648,10/06/2021,Squid - Tubes / Tenticles 10/20,3.9,2
649,10/10/2021,Wine - Rubyport,13.5,1
650,10/07/2021,"Chicken - Wings, Tip Off",17.6,2
651,10/07/2021,Pork - Liver,3.6,3
652,10/10/2021,Tia Maria,7.1,1
653,10/10/2021,Wine - Saint Emilion Calvet,12.8,4
654,10/08/2021,"Yogurt - Strawberry, 175 Gr",4.0,4
655,10/07/2021,Pan Grease,2.1,1
656,10/09/2021,Sprouts - Bean,9.1,3
657,10/07/2021,Beef - Top Sirloin,15.1,2
658,10/08/2021,Cookies - Englishbay Wht,3.7,4
659,10/06/2021,Orange Roughy 6/8 Oz,3.4,4
660,10/09/2021,Bread - Pain Au Liat X12,3.2,5
661,10/09/2021,Icecream - Dibs,19.7,1
662,10/07/2021,"Sauce - Soya, Light",5.4,4
663,10/04/2021,Ice Cream - Life Savers,1.5,4
664,10/09/2021,Snapple Lemon Tea,10.1,4
665,10/10/2021,"Sugar - Sweet N Low, Individual",11.9,4
666,10/07/2021,Green Tea Refresher,14.9,2
667,10/04/2021,Straw - Regular,2.0,3
668,10/08/2021,Beer - True North Lager,6.0,5
669,10/05/2021,"Tuna - Canned, Flaked, Light",19.3,5
670,10/09/2021,Crackers - Soda / Saltins,9.9,1
671,10/08/2021,"Nut - Almond, Blanched, Whole",12.8,2
672,10/08/2021,Ecolab Crystal Fusion,17.7,4
673,10/09/2021,Sauce - Hollandaise,7.3,5
674,10/07/2021,Pepsi - 600ml,6.5,4
675,10/08/2021,Sword Pick Asst,8.4,1
676,10/10/2021,V8 - Tropical Blend,6.2,2
677,10/09/2021,Wine - Maipo Valle Cabernet,14.2,5
678,10/07/2021,"Wine - White, Ej Gallo",19.6,5
679,10/06/2021,Truffle Cups Green,14.2,4
680,10/09/2021,"Bread - Pullman, Sliced",10.7,3
681,10/06/2021,Mushroom - Morel Frozen,18.0,5
682,10/04/2021,Soup Bowl Clear 8oz92008,12.2,1
683,10/07/2021,Bols Melon Liqueur,17.9,2
684,10/05/2021,Chicken - White Meat With Tender,10.0,5
685,10/09/2021,"Brandy - Orange, Mc Guiness",3.9,3
686,10/04/2021,Parsley - Fresh,7.3,3
687,10/09/2021,Tea - Green,3.0,4
688,10/05/2021,"Turkey - Breast, Smoked",4.7,2
689,10/05/2021,"Soup - Campbells, Butternut",5.2,5
690,10/04/2021,"Wine - Bourgogne 2002, La",8.0,4
691,10/10/2021,Straws - Cocktale,11.1,1
692,10/06/2021,Table Cloth 54x72 White,16.0,3
693,10/09/2021,Food Colouring - Red,17.8,1
694,10/10/2021,"Juice - Apple, 500 Ml",4.4,3
695,10/04/2021,Vodka - Smirnoff,13.6,2
696,10/05/2021,Emulsifier,3.0,3
697,10/08/2021,Salmon Steak - Cohoe 6 Oz,9.8,5
698,10/07/2021,"Lamb - Whole, Frozen",12.6,4
699,10/06/2021,Bagel - Whole White Sesame,11.2,2
700,10/04/2021,"Napkin - Dinner, White",15.7,5
701,10/08/2021,Sole - Fillet,4.8,5
702,10/10/2021,Longos - Penne With Pesto,4.6,3
703,10/06/2021,Wine - Chablis J Moreau Et Fils,4.0,5
704,10/04/2021,Brandy Apricot,15.2,4
705,10/10/2021,Muffin Batt - Blueberry Passion,19.2,3
706,10/06/2021,"Pasta - Shells, Medium, Dry",11.5,3
707,10/07/2021,Butter Balls Salted,9.3,5
708,10/04/2021,Beef - Striploin Aa,2.7,1
709,10/09/2021,Spice - Onion Powder Granulated,10.6,5
710,10/08/2021,"Roe - Lump Fish, Red",15.1,3
711,10/09/2021,Bread - Raisin Walnut Oval,10.3,4
712,10/04/2021,Ginger - Fresh,7.9,2
713,10/05/2021,Tia Maria,7.2,5
714,10/09/2021,Broccoli - Fresh,15.4,2
715,10/07/2021,Tart - Pecan Butter Squares,19.7,3
716,10/07/2021,"Beef - Ground, Extra Lean, Fresh",6.6,5
717,10/10/2021,Sorrel - Fresh,11.6,5
718,10/08/2021,"Beans - Kidney, Canned",2.0,4
719,10/07/2021,"Asparagus - White, Fresh",3.5,3
720,10/05/2021,Ham - Cooked Bayonne Tinned,15.4,5
721,10/10/2021,Juice - Apple 284ml,8.5,5
722,10/04/2021,Eggroll,16.9,5
723,10/10/2021,Wine - Piper Heidsieck Brut,12.9,1
724,10/07/2021,Wine - White Cab Sauv.on,10.2,3
725,10/04/2021,Carbonated Water - Wildberry,3.5,2
726,10/09/2021,Chocolate Eclairs,3.5,5
727,10/07/2021,Papayas,11.8,2
728,10/08/2021,Wine - Pinot Noir Latour,6.2,4
729,10/05/2021,Sauerkraut,14.7,4
730,10/09/2021,Ice Cream Bar - Hageen Daz To,4.3,2
731,10/07/2021,Wine - Pinot Noir Latour,17.4,1
732,10/10/2021,Vinegar - Balsamic,6.8,1
733,10/10/2021,"Bread - Multigrain, Loaf",6.8,2
734,10/05/2021,Sauce - Soy Low Sodium - 3.87l,12.0,1
735,10/08/2021,Yogurt - French Vanilla,19.3,4
736,10/10/2021,"Soup - Campbells, Minestrone",4.3,5
737,10/05/2021,Juice - Happy Planet,12.7,4
738,10/09/2021,Pepper - Scotch Bonnet,15.9,2
739,10/07/2021,Canadian Emmenthal,6.7,5
740,10/08/2021,"Dill - Primerba, Paste",16.3,2
741,10/06/2021,"Clams - Littleneck, Whole",11.2,4
742,10/08/2021,Chinese Foods - Thick Noodles,2.4,1
743,10/08/2021,Rootbeer,12.8,4
744,10/05/2021,Veal - Nuckle,6.0,5
745,10/07/2021,Bread - Malt,19.0,5
746,10/05/2021,Piping Jelly - All Colours,7.6,5
747,10/04/2021,Nantucket - Kiwi Berry Cktl.,15.5,4
748,10/10/2021,Glass Clear 8 Oz,6.1,5
749,10/06/2021,"Rum - Dark, Bacardi, Black",4.6,1
750,10/06/2021,Pork - Backs - Boneless,2.1,2
751,10/04/2021,"Lamb - Leg, Boneless",2.9,4
752,10/08/2021,Flour - Masa De Harina Mexican,12.9,3
753,10/10/2021,Frangelico,4.9,4
754,10/08/2021,Wanton Wrap,10.9,4
755,10/05/2021,Carrots - Mini Red Organic,19.0,2
756,10/08/2021,Cheese - Mascarpone,17.9,4
757,10/09/2021,Graham Cracker Mix,3.9,3
758,10/06/2021,Scallops - In Shell,2.9,1
759,10/04/2021,"Tart Shells - Sweet, 4",19.0,1
760,10/09/2021,"Placemat - Scallop, White",16.6,1
761,10/08/2021,Tilapia - Fillets,15.1,3
762,10/10/2021,"Mushroom - Shitake, Fresh",7.7,5
763,10/07/2021,Pastry - Baked Cinnamon Stick,7.8,4
764,10/09/2021,Wine - Rosso Toscano Igt,11.2,4
765,10/06/2021,Tea - Camomele,13.3,4
766,10/07/2021,Soup - Campbells Beef Stew,16.2,4
767,10/10/2021,Danishes - Mini Cheese,11.2,4
768,10/07/2021,"Quail - Whole, Boneless",9.6,1
769,10/09/2021,Oil - Avocado,4.6,1
770,10/06/2021,Raisin - Golden,11.8,1
771,10/10/2021,Tomatoes - Grape,14.7,4
772,10/04/2021,Wine - Cave Springs Dry Riesling,4.9,3
773,10/04/2021,Pickle - Dill,13.2,5
774,10/10/2021,Wine - Chateauneuf Du Pape,11.5,1
775,10/10/2021,Yogurt - French Vanilla,1.9,2
776,10/07/2021,Flower - Leather Leaf Fern,2.7,2
777,10/09/2021,Tuna - Fresh,12.8,2
778,10/06/2021,Beans - Yellow,15.6,4
779,10/08/2021,Bread - Focaccia Quarter,16.7,4
780,10/06/2021,"Pasta - Fettuccine, Dry",3.6,5
781,10/05/2021,Arizona - Plum Green Tea,8.7,4
782,10/07/2021,Soup - Cream Of Potato / Leek,8.8,5
783,10/08/2021,Vinegar - Rice,12.0,2
784,10/04/2021,"Turkey - Breast, Bone - In",13.5,4
785,10/06/2021,Lemon Pepper,15.0,4
786,10/08/2021,Wine - Magnotta - Cab Sauv,8.5,3
787,10/10/2021,Miso Paste White,12.0,5
788,10/06/2021,Momiji Oroshi Chili Sauce,6.2,2
789,10/10/2021,Containter - 3oz Microwave Rect.,11.5,1
790,10/06/2021,Soup - Base Broth Chix,10.1,5
791,10/06/2021,Vaccum Bag - 14x20,9.9,4
792,10/08/2021,Sprouts - Baby Pea Tendrils,14.3,1
793,10/06/2021,Vodka - Smirnoff,14.8,3
794,10/10/2021,Foam Dinner Plate,8.7,1
795,10/06/2021,"Plate - Foam, Bread And Butter",8.3,5
796,10/05/2021,Coffee - Egg Nog Capuccino,17.4,4
797,10/10/2021,Whmis Spray Bottle Graduated,10.6,1
798,10/07/2021,Currants,19.8,2
799,10/09/2021,Beef Tenderloin Aaa,11.2,1
800,10/06/2021,Muffin Puck Ww Carrot,15.7,5
801,10/04/2021,Taro Leaves,15.5,2
802,10/04/2021,"Crab - Claws, Snow 16 - 24",13.5,3
803,10/08/2021,"Water, Tap",18.2,2
804,10/10/2021,Cheese - Victor Et Berthold,16.0,2
805,10/04/2021,Pork Loin Bine - In Frenched,2.0,3
806,10/06/2021,Cheese - Pied De Vents,14.6,4
807,10/10/2021,Vinegar - Sherry,15.0,2
808,10/05/2021,Pork Loin Cutlets,16.3,3
809,10/08/2021,Chicken - Bones,6.2,3
810,10/06/2021,"Sauce - Apple, Unsweetened",1.9,1
811,10/04/2021,Soup - French Can Pea,18.2,2
812,10/05/2021,Longos - Assorted Sandwich,3.7,1
813,10/06/2021,Wanton Wrap,18.9,2
814,10/07/2021,Flour Pastry Super Fine,17.7,4
815,10/05/2021,Cherries - Frozen,10.7,1
816,10/05/2021,Table Cloth 54x72 White,15.4,5
817,10/08/2021,Beans - Soya Bean,14.7,2
818,10/05/2021,"Brocolinni - Gaylan, Chinese",2.5,1
819,10/04/2021,Sauce Tomato Pouch,11.5,2
820,10/06/2021,Cake - Cheese Cake 9 Inch,3.2,3
821,10/10/2021,Muffin Hinge 117n,8.2,2
822,10/08/2021,Iced Tea Concentrate,15.2,3
823,10/06/2021,Peach - Halves,2.9,5
824,10/07/2021,Muffin - Mix - Creme Brule 15l,17.6,5
825,10/05/2021,Aspic - Light,6.5,2
826,10/10/2021,"Wine - Red, Colio Cabernet",16.2,5
827,10/08/2021,Mushroom - King Eryingii,9.4,3
828,10/08/2021,Sour Puss Sour Apple,16.0,4
829,10/08/2021,Monkfish Fresh - Skin Off,5.4,5
830,10/10/2021,Pastry - Carrot Muffin - Mini,3.4,1
831,10/08/2021,Steel Wool S.o.s,13.2,1
832,10/09/2021,Wood Chips - Regular,12.2,3
833,10/06/2021,"Pasta - Penne, Rigate, Dry",6.8,3
834,10/07/2021,Sansho Powder,9.0,2
835,10/09/2021,Ketchup - Tomato,1.2,4
836,10/04/2021,Lemon Pepper,15.1,3
837,10/07/2021,Dill Weed - Fresh,7.2,2
838,10/05/2021,Sugar - Splenda Sweetener,2.0,5
839,10/10/2021,Cod - Black Whole Fillet,1.9,5
840,10/04/2021,Carbonated Water - White Grape,8.2,4
841,10/06/2021,"Split Peas - Green, Dry",6.7,5
842,10/06/2021,Glaze - Apricot,13.0,5
843,10/05/2021,"Wine - Red, Lurton Merlot De",5.6,5
844,10/04/2021,Wine - Shiraz South Eastern,8.0,5
845,10/05/2021,Eggwhite Frozen,1.0,4
846,10/09/2021,Bread - Bistro Sour,8.7,3
847,10/08/2021,"7up Diet, 355 Ml",3.4,4
848,10/08/2021,Lady Fingers,9.4,4
849,10/04/2021,Pastry - Raisin Muffin - Mini,8.6,4
850,10/08/2021,"Syrup - Golden, Lyles",13.7,4
851,10/05/2021,Broccoli - Fresh,1.7,3
852,10/05/2021,Coffee - Espresso,14.8,1
853,10/10/2021,Wine - Penfolds Koonuga Hill,16.4,3
854,10/06/2021,Icecream - Dstk Strw Chseck,12.1,1
855,10/08/2021,"Halibut - Whole, Fresh",18.3,4
856,10/04/2021,Salt - Kosher,6.0,3
857,10/09/2021,Tray - 16in Rnd Blk,2.2,2
858,10/08/2021,Dill Weed - Fresh,3.8,1
859,10/08/2021,"Pasta - Linguini, Dry",8.9,3
860,10/06/2021,Sprouts - Alfalfa,15.2,5
861,10/05/2021,Carbonated Water - Lemon Lime,17.1,5
862,10/09/2021,"Pasta - Tortellini, Fresh",14.1,5
863,10/10/2021,Vinegar - Sherry,7.8,3
864,10/07/2021,"Juice - Grapefruit, 341 Ml",8.1,5
865,10/07/2021,Nescafe - Frothy French Vanilla,5.7,3
866,10/10/2021,Seabream Whole Farmed,6.7,2
867,10/07/2021,Lamb - Shanks,4.3,1
868,10/05/2021,Tea - Orange Pekoe,17.0,3
869,10/09/2021,Butter - Pod,16.5,4
870,10/05/2021,Anchovy Paste - 56 G Tube,15.9,4
871,10/07/2021,Chicken - Soup Base,2.8,1
872,10/04/2021,Oil - Safflower,12.3,5
873,10/10/2021,Flavouring - Orange,17.0,4
874,10/05/2021,Muffin Carrot - Individual,5.5,5
875,10/09/2021,Sugar - Icing,12.1,5
876,10/08/2021,"Asparagus - White, Canned",3.2,1
877,10/06/2021,Spring Roll Veg Mini,11.9,4
878,10/08/2021,Cookies - Englishbay Chochip,7.6,1
879,10/05/2021,Sprouts - Peppercress,13.2,2
880,10/08/2021,Energy Drink - Franks Pineapple,7.3,2
881,10/06/2021,Lidsoupcont Rp12dn,13.4,4
882,10/07/2021,"Sole - Dover, Whole, Fresh",5.1,2
883,10/10/2021,"Dill - Primerba, Paste",8.1,3
884,10/07/2021,Oxtail - Cut,19.3,2
885,10/04/2021,Steam Pan Full Lid,4.9,2
886,10/08/2021,Tomatoes - Yellow Hot House,5.8,3
887,10/04/2021,Calypso - Strawberry Lemonade,19.8,5
888,10/10/2021,Wine - Carmenere Casillero Del,19.4,2
889,10/10/2021,"Asparagus - White, Fresh",16.1,3
890,10/04/2021,"Nut - Almond, Blanched, Sliced",13.3,1
891,10/08/2021,Venison - Striploin,9.7,5
892,10/05/2021,Wine - Bouchard La Vignee Pinot,14.4,3
893,10/10/2021,"Flour - Corn, Fine",8.1,3
894,10/06/2021,"Chicken - Base, Ultimate",7.8,5
895,10/09/2021,"Cheese - Manchego, Spanish",7.2,5
896,10/07/2021,Mustard - Dijon,5.1,3
897,10/08/2021,Cheese - Goat,3.5,1
898,10/04/2021,Wine - Kwv Chenin Blanc South,4.1,1
899,10/10/2021,"Lamb - Racks, Frenched",11.6,3
900,10/09/2021,Stainless Steel Cleaner Vision,7.4,3
901,10/08/2021,Beef - Inside Round,2.9,5
902,10/07/2021,Appetizer - Shrimp Puff,13.6,1
903,10/10/2021,Ham - Proscuitto,18.7,5
904,10/09/2021,Celery,7.2,3
905,10/06/2021,Wine - Semi Dry Riesling Vineland,17.6,1
906,10/08/2021,Cheese - Brie,11.5,1
907,10/07/2021,Sauce - Sesame Thai Dressing,11.2,5
908,10/10/2021,Bread - Pumpernickel,1.4,1
909,10/06/2021,"Asparagus - Green, Fresh",7.2,2
910,10/10/2021,Apron,5.1,4
911,10/07/2021,Beef Tenderloin Aaa,12.0,3
912,10/06/2021,Muffin Mix - Oatmeal,8.8,5
913,10/04/2021,Steamers White,14.7,2
914,10/08/2021,Tumeric,13.9,1
915,10/09/2021,V8 Pet,18.1,3
916,10/07/2021,Nestea - Iced Tea,8.7,2
917,10/04/2021,"Lid - Translucent, 3.5 And 6 Oz",10.8,3
918,10/09/2021,Pheasants - Whole,3.4,4
919,10/04/2021,Bread Crumbs - Japanese Style,2.5,5
920,10/06/2021,Catfish - Fillets,19.1,4
921,10/09/2021,Vinegar - Rice,6.8,3
922,10/09/2021,Pastry - Carrot Muffin - Mini,4.4,5
923,10/09/2021,Guava,6.9,5
924,10/04/2021,Tilapia - Fillets,2.7,5
925,10/04/2021,Truffle Cups - Brown,13.3,3
926,10/09/2021,Cake - Cheese Cake 9 Inch,10.0,2
927,10/08/2021,Sprouts - Pea,12.5,2
928,10/04/2021,Lettuce Romaine Chopped,2.3,1
929,10/05/2021,Beef - Salted,15.6,3
930,10/08/2021,Muffin - Bran Ind Wrpd,9.8,4
931,10/08/2021,Ginsing - Fresh,7.6,4
932,10/04/2021,Wine - Chateauneuf Du Pape,2.5,1
933,10/07/2021,Curry Paste - Green Masala,11.8,4
934,10/10/2021,Squash - Sunburst,10.3,5
935,10/08/2021,Snapple - Iced Tea Peach,6.5,2
936,10/07/2021,"Wine - Magnotta - Red, Baco",2.8,4
937,10/08/2021,"Carrots - Purple, Organic",8.5,3
938,10/07/2021,Bagel - Plain,6.2,1
939,10/05/2021,Shiro Miso,2.0,2
940,10/07/2021,Beef - Top Butt,19.9,2
941,10/07/2021,Cognac - Courvaisier,9.2,3
942,10/06/2021,Cheese - Victor Et Berthold,13.4,1
943,10/09/2021,Truffle - Peelings,17.2,3
944,10/05/2021,Anchovy Paste - 56 G Tube,18.1,4
945,10/05/2021,"Split Peas - Yellow, Dry",3.0,1
946,10/10/2021,Tomatillo,11.9,1
947,10/09/2021,"Lid - High Heat, Super Clear",13.2,4
948,10/04/2021,"Tomatoes - Vine Ripe, Red",16.0,3
949,10/06/2021,Fruit Salad Deluxe,11.1,3
950,10/07/2021,Vinegar - Red Wine,15.0,1
951,10/07/2021,Shrimp - Black Tiger 13/15,9.3,3
952,10/08/2021,"Wine - Red, Cabernet Sauvignon",14.3,1
953,10/05/2021,Energy Drink - Franks Original,17.2,5
954,10/09/2021,Ginsing - Fresh,19.3,1
955,10/08/2021,Tomato - Green,14.8,5
956,10/10/2021,Garbag Bags - Black,6.9,4
957,10/04/2021,Towel - Roll White,12.5,1
958,10/06/2021,Glass Clear 8 Oz,18.1,5
959,10/08/2021,Heavy Duty Dust Pan,6.5,1
960,10/08/2021,Beer - Pilsner Urquell,7.0,2
961,10/04/2021,Bread - Pita,9.0,4
962,10/07/2021,Wine - Malbec Trapiche Reserve,5.6,5
963,10/07/2021,"Thyme - Lemon, Fresh",13.6,2
964,10/08/2021,"Flour - Bran, Red",6.2,4
965,10/10/2021,Rabbit - Frozen,3.9,1
966,10/10/2021,Carbonated Water - Cherry,3.7,4
967,10/07/2021,"Pepper - Black, Ground",16.5,2
968,10/04/2021,Tea Peppermint,6.6,3
969,10/06/2021,"Brocolinni - Gaylan, Chinese",11.5,4
970,10/05/2021,"Doilies - 12, Paper",14.6,4
971,10/08/2021,Nantucket - Carrot Orange,17.1,3
972,10/06/2021,Cookies Cereal Nut,14.2,2
973,10/08/2021,Soup - Campbells Beef Noodle,1.1,3
974,10/06/2021,Kohlrabi,14.6,5
975,10/09/2021,Puree - Mocha,2.6,4
976,10/07/2021,Chef Hat 20cm,8.2,2
977,10/08/2021,Sambuca - Ramazzotti,9.9,5
978,10/04/2021,Wine - Muscadet Sur Lie,12.2,3
979,10/10/2021,"Rum - Dark, Bacardi, Black",7.2,5
980,10/04/2021,Wine - Cave Springs Dry Riesling,14.7,5
981,10/09/2021,"Stock - Chicken, White",9.7,3
982,10/06/2021,"Basil - Primerba, Paste",15.8,4
983,10/04/2021,Bagel - Ched Chs Presliced,5.1,4
984,10/09/2021,Food Colouring - Orange,13.1,4
985,10/10/2021,"Tortillas - Flour, 12",15.2,3
986,10/10/2021,Aspic - Amber,6.8,4
987,10/08/2021,Tomatoes,2.8,3
988,10/09/2021,Beets - Mini Golden,11.7,3
989,10/05/2021,Pie Pecan,1.8,5
990,10/09/2021,Pickles - Gherkins,18.9,4
991,10/09/2021,Milkettes - 2%,6.0,3
992,10/07/2021,Wine - Red Oakridge Merlot,13.9,2
993,10/04/2021,"Bar Mix - Pina Colada, 355 Ml",8.5,1
994,10/07/2021,"Veal - Tenderloin, Untrimmed",19.4,5
995,11/05/2021,Vinegar - Tarragon,1.8,5
996,11/04/2021,Ice Cream - Strawberry,4.1,3
997,10/07/2021,Sauce - Marinara,8.1,3
998,10/08/2021,Cranberries - Frozen,5.8,4
999,10/09/2021,Garbage Bag - Clear,19.3,1
1000,10/07/2021,Black Currants,9.1,5
