Loan_ID,LoanAmount,Loan_Amount_Term,Credit_History,Self_Employed,ApplicantIncome,CoapplicantIncome,Dependents,Married,Education,Last_name,Property_Area,Loan_Status
LPP002991,145.0,360.0,0,No,5849,0.0,0,No,Graduate,Larsen,Urban,Y
LPP002992,128.0,360.0,0,No,4583,1508.0,1,Yes,Graduate,Shaw,Rural,N
LPP002993,66.0,360.0,0,Yes,3000,0.0,0,Yes,Graduate,Wilkinson,Urban,Y
LPP002994,120.0,360.0,0,No,2583,2358.0,0,Yes,Not Graduate,Carr,Urban,Y
LPP002995,141.0,360.0,0,No,6000,0.0,0,No,Graduate,Glenn,Urban,Y
LPP002996,267.0,360.0,0,Yes,5417,4196.0,2,Yes,Graduate,Burch,Urban,Y
LPP002997,95.0,360.0,0,No,2333,1516.0,0,Yes,Not Graduate,Watts,Urban,Y
LPP002998,158.0,360.0,0,No,3036,2504.0,3+,Yes,Graduate,Reid,Semiurban,N
LPP002999,168.0,360.0,0,No,4006,1526.0,2,Yes,Graduate,Ward,Urban,Y
LPP003000,349.0,360.0,0,No,12841,10968.0,1,Yes,Graduate,Keith,Semiurban,N
LPP003001,70.0,360.0,0,No,3200,700.0,2,Yes,Graduate,Avila,Urban,Y
LPP003002,109.0,360.0,0,No,2500,1840.0,2,Yes,Graduate,Hunter,Urban,Y
LPP003003,200.0,360.0,0,No,3073,8106.0,2,Yes,Graduate,Cooper,Urban,Y
LPP003004,114.0,360.0,0,No,1853,2840.0,0,No,Graduate,Chavez,Rural,N
LPP003005,17.0,120.0,0,No,1299,1086.0,2,Yes,Graduate,Williams,Urban,Y
LPP003006,125.0,360.0,0,No,4950,0.0,0,No,Graduate,Cobb,Urban,Y
LPP003007,100.0,240.0,0,No,3596,0.0,1,No,Not Graduate,Hughes,Urban,Y
LPP003008,76.0,360.0,0,No,3510,0.0,0,No,Graduate,Garrett,Urban,N
LPP003009,133.0,360.0,0,No,4887,0.0,0,Yes,Not Graduate,Bush,Rural,N
LPP003010,115.0,342.0,0,No,2600,3500.0,0,Yes,Graduate,Boyd,Urban,Y
LPP003011,104.0,360.0,0,No,7660,0.0,0,Yes,Not Graduate,Day,Urban,N
LPP003012,315.0,360.0,0,No,5955,5625.0,1,Yes,Graduate,Peters,Urban,Y
LPP003013,116.0,360.0,0,No,2600,1911.0,0,Yes,Not Graduate,Allison,Semiurban,N
LPP003014,112.0,360.0,0,No,3365,1917.0,2,Yes,Not Graduate,Arnold,Rural,N
LPP003015,151.0,360.0,0,No,3717,2925.0,1,Yes,Graduate,Osborne,Semiurban,N
LPP003016,191.0,360.0,0,Yes,9560,0.0,0,Yes,Graduate,Roberts,Semiurban,Y
LPP003017,122.0,360.0,0,No,2799,2253.0,0,Yes,Graduate,Murphy,Semiurban,Y
LPP003018,110.0,360.0,0,No,4226,1040.0,2,Yes,Not Graduate,Andrews,Urban,Y
LPP003019,35.0,360.0,0,No,1442,0.0,0,No,Not Graduate,Middleton,Urban,N
LPP003020,120.0,360.0,0,No,3750,2083.0,2,No,Graduate,Coleman,Semiurban,Y
LPP003021,201.0,360.0,0,No,4166,3369.0,1,Yes,Graduate,Weeks,Urban,N
LPP003022,74.0,360.0,0,No,3167,0.0,0,No,Graduate,Olson,Urban,N
LPP003023,106.0,360.0,0,Yes,4692,0.0,1,No,Graduate,Rivera,Rural,N
LPP003024,114.0,360.0,0,No,3500,1667.0,0,Yes,Graduate,Davis,Semiurban,Y
LPP003025,320.0,360.0,0,No,12500,3000.0,3+,No,Graduate,Thompson,Rural,N
LPP003026,145.0,360.0,0,No,2275,2067.0,0,Yes,Graduate,Gardner,Urban,Y
LPP003027,100.0,342.0,0,No,1828,1330.0,0,Yes,Graduate,Macias,Urban,N
LPP003028,144.0,360.0,0,No,3667,1459.0,0,Yes,Graduate,Wall,Semiurban,Y
LPP003029,184.0,360.0,0,No,4166,7210.0,0,No,Graduate,Robinson,Urban,Y
LPP003030,110.0,360.0,0,No,3748,1668.0,0,No,Not Graduate,Case,Semiurban,Y
LPP003031,80.0,360.0,0,No,3600,0.0,0,No,Graduate,Erickson,Urban,N
LPP003032,47.0,360.0,0,No,1800,1213.0,0,No,Graduate,Gutierrez,Urban,Y
LPP003033,75.0,360.0,0,No,2400,0.0,0,Yes,Graduate,Bowman,Urban,Y
LPP003034,134.0,360.0,0,No,3941,2336.0,0,Yes,Graduate,Baxter,Semiurban,Y
LPP003035,96.0,342.0,0,Yes,4695,0.0,0,Yes,Not Graduate,Kerr,Urban,Y
LPP003036,88.0,342.0,0,No,3410,0.0,0,No,Graduate,Lopez,Urban,Y
LPP003037,44.0,360.0,0,No,5649,0.0,1,Yes,Graduate,Burke,Urban,Y
LPP003038,144.0,360.0,0,No,5821,0.0,0,Yes,Graduate,Lopez,Urban,Y
LPP003039,120.0,360.0,0,No,2645,3440.0,0,Yes,Graduate,Arnold,Urban,N
LPP003040,144.0,360.0,0,No,4000,2275.0,0,No,Graduate,Cisneros,Semiurban,Y
LPP003041,100.0,360.0,0,No,1928,1644.0,0,Yes,Not Graduate,Miles,Semiurban,Y
LPP003042,120.0,360.0,0,No,3086,0.0,0,No,Graduate,Oneill,Semiurban,Y
LPP003043,112.0,360.0,0,No,4230,0.0,0,No,Graduate,Brown,Semiurban,N
LPP003044,134.0,360.0,0,No,4616,0.0,2,Yes,Graduate,Gonzalez,Urban,N
LPP003045,286.0,360.0,0,Yes,11500,0.0,1,Yes,Graduate,Mejia,Urban,N
LPP003046,97.0,360.0,0,No,2708,1167.0,2,Yes,Graduate,Jordan,Semiurban,Y
LPP003047,96.0,360.0,0,No,2132,1591.0,0,Yes,Graduate,Mullins,Semiurban,Y
LPP003048,135.0,360.0,0,No,3366,2200.0,0,Yes,Graduate,Davis,Rural,N
LPP003049,180.0,360.0,0,No,8080,2250.0,1,Yes,Graduate,Brady,Urban,Y
LPP003050,144.0,360.0,0,No,3357,2859.0,2,Yes,Not Graduate,Burnett,Urban,Y
LPP003051,120.0,360.0,0,No,2500,3796.0,0,Yes,Graduate,Taylor,Urban,Y
LPP003052,99.0,360.0,0,No,3029,0.0,3+,Yes,Graduate,Bernard,Urban,Y
LPP003053,165.0,180.0,0,Yes,2609,3449.0,0,Yes,Not Graduate,Burnett,Rural,N
LPP003054,145.0,360.0,0,No,4945,0.0,1,Yes,Graduate,Moore,Rural,N
LPP003055,116.0,360.0,0,No,4166,0.0,0,No,Graduate,Sanders,Semiurban,N
LPP003056,258.0,360.0,0,No,5726,4595.0,0,Yes,Graduate,Orr,Semiurban,N
LPP003057,126.0,180.0,0,No,3200,2254.0,0,No,Not Graduate,Gould,Urban,N
LPP003058,312.0,360.0,0,No,10750,0.0,1,Yes,Graduate,Scott,Urban,Y
LPP003059,125.0,60.0,0,Yes,7100,0.0,3+,Yes,Not Graduate,Little,Urban,Y
LPP003060,136.0,360.0,0,No,4300,0.0,0,No,Graduate,Rowe,Semiurban,N
LPP003061,172.0,360.0,0,No,3208,3066.0,0,Yes,Graduate,Warren,Urban,Y
LPP003062,97.0,360.0,0,Yes,1875,1875.0,2,Yes,Not Graduate,Mann,Semiurban,Y
LPP003063,81.0,300.0,0,No,3500,0.0,0,No,Graduate,Jenkins,Semiurban,Y
LPP003064,95.0,342.0,0,No,4755,0.0,3+,Yes,Not Graduate,Scott,Semiurban,N
LPP003065,187.0,360.0,0,Yes,5266,1774.0,3+,Yes,Graduate,Hayes,Semiurban,Y
LPP003066,113.0,480.0,0,No,3750,0.0,0,No,Graduate,Olson,Urban,N
LPP003067,176.0,360.0,0,No,3750,4750.0,0,No,Graduate,Rogers,Urban,N
LPP003068,110.0,360.0,0,Yes,1000,3022.0,1,Yes,Graduate,Blackburn,Urban,N
LPP003069,180.0,300.0,0,No,3167,4000.0,3+,Yes,Graduate,Hinton,Semiurban,N
LPP003070,130.0,360.0,0,Yes,3333,2166.0,3+,Yes,Not Graduate,Strickland,Semiurban,Y
LPP003071,111.0,360.0,0,No,3846,0.0,0,No,Graduate,Farley,Semiurban,Y
LPP003072,145.0,360.0,0,Yes,2395,0.0,1,Yes,Graduate,Wagner,Semiurban,Y
LPP003073,167.0,360.0,0,No,1378,1881.0,2,Yes,Graduate,Walker,Urban,N
LPP003074,265.0,360.0,0,No,6000,2250.0,0,Yes,Graduate,Wilson,Semiurban,N
LPP003075,50.0,240.0,0,No,3988,0.0,1,Yes,Graduate,Graham,Urban,Y
LPP003076,136.0,360.0,0,No,2366,2531.0,0,No,Graduate,Carr,Semiurban,Y
LPP003077,99.0,360.0,0,No,3333,2000.0,2,Yes,Not Graduate,Murphy,Semiurban,Y
LPP003078,104.0,360.0,0,No,2500,2118.0,0,Yes,Graduate,Gutierrez,Semiurban,Y
LPP003079,210.0,360.0,0,No,8566,0.0,0,No,Graduate,Villanueva,Urban,Y
LPP003080,175.0,360.0,0,No,5695,4167.0,0,Yes,Graduate,Jimenez,Semiurban,Y
LPP003081,131.0,360.0,0,No,2958,2900.0,0,Yes,Graduate,Salinas,Semiurban,Y
LPP003082,188.0,180.0,0,No,6250,5654.0,2,Yes,Graduate,Alvarez,Semiurban,Y
LPP003083,81.0,360.0,0,No,3273,1820.0,2,Yes,Not Graduate,Thompson,Urban,Y
LPP003084,122.0,360.0,0,No,4133,0.0,0,No,Graduate,Hines,Semiurban,Y
LPP003085,25.0,120.0,0,No,3620,0.0,0,No,Not Graduate,Moore,Semiurban,Y
LPP003086,145.0,360.0,0,No,6782,0.0,0,No,Graduate,Cruz,Urban,N
LPP003087,137.0,360.0,0,No,2484,2302.0,0,Yes,Graduate,Campbell,Semiurban,Y
LPP003088,50.0,360.0,0,No,1977,997.0,0,Yes,Graduate,Delgado,Semiurban,Y
LPP003089,115.0,180.0,0,No,4188,0.0,0,Yes,Not Graduate,Rhodes,Semiurban,Y
LPP003090,131.0,360.0,0,No,1759,3541.0,0,Yes,Graduate,Lambert,Semiurban,Y
LPP003091,133.0,180.0,0,No,4288,3263.0,2,Yes,Not Graduate,Jackson,Urban,Y
LPP003092,151.0,360.0,0,No,4843,3806.0,0,No,Graduate,Stone,Semiurban,Y
LPP003093,145.0,360.0,0,No,13650,0.0,0,Yes,Graduate,Nunez,Urban,Y
LPP003094,145.0,360.0,0,No,4652,3583.0,0,Yes,Graduate,Lara,Semiurban,Y
LPP003095,160.0,360.0,0,No,3816,754.0,0,No,Graduate,Chavez,Urban,Y
LPP003096,100.0,360.0,0,No,3052,1030.0,1,Yes,Graduate,Hayes,Urban,Y
LPP003097,225.0,360.0,0,No,11417,1126.0,2,Yes,Graduate,Phillips,Urban,Y
LPP003098,120.0,360.0,0,No,7333,0.0,0,No,Not Graduate,Ramos,Rural,N
LPP003099,216.0,360.0,0,No,3800,3600.0,2,Yes,Graduate,Smith,Urban,N
LPP003100,94.0,480.0,0,No,2071,754.0,3+,Yes,Not Graduate,Lyons,Semiurban,Y
LPP003101,136.0,360.0,0,No,5316,0.0,0,No,Graduate,Marsh,Urban,Y
LPP003102,139.0,360.0,0,No,2929,2333.0,0,Yes,Graduate,Humphrey,Semiurban,Y
LPP003103,152.0,342.0,0,No,3572,4114.0,0,Yes,Not Graduate,Hill,Rural,N
LPP003104,145.0,360.0,0,Yes,7451,0.0,1,No,Graduate,Boyd,Semiurban,Y
LPP003105,118.0,360.0,0,No,5050,0.0,0,No,Graduate,Brown,Semiurban,Y
LPP003106,185.0,180.0,0,No,14583,0.0,1,Yes,Graduate,Martinez,Rural,Y
LPP003107,154.0,360.0,0,No,3167,2283.0,0,Yes,Graduate,Duncan,Semiurban,Y
LPP003108,85.0,360.0,0,No,2214,1398.0,1,Yes,Graduate,Lloyd,Urban,Y
LPP003109,175.0,360.0,0,No,5568,2142.0,0,Yes,Graduate,Morgan,Rural,N
LPP003110,259.0,360.0,0,No,10408,0.0,0,No,Graduate,Small,Urban,Y
LPP003111,180.0,360.0,0,No,5667,2667.0,0,Yes,Graduate,Price,Rural,Y
LPP003112,44.0,360.0,0,No,4166,0.0,0,No,Graduate,Tucker,Semiurban,Y
LPP003113,137.0,360.0,0,No,2137,8980.0,0,No,Graduate,King,Semiurban,Y
LPP003114,81.0,360.0,0,No,2957,0.0,2,Yes,Graduate,Phillips,Semiurban,Y
LPP003115,194.0,360.0,0,No,4300,2014.0,0,Yes,Not Graduate,Cochran,Rural,Y
LPP003116,93.0,360.0,0,No,3692,0.0,0,No,Graduate,Holland,Rural,Y
LPP003117,370.0,360.0,0,No,23803,0.0,3+,Yes,Graduate,Ross,Rural,Y
LPP003118,145.0,360.0,0,No,3865,1640.0,0,No,Graduate,Duran,Rural,Y
LPP003119,160.0,180.0,0,Yes,10513,3850.0,1,Yes,Graduate,Webster,Urban,N
LPP003120,182.0,360.0,0,No,6080,2569.0,0,Yes,Graduate,Cantrell,Rural,N
LPP003121,650.0,480.0,0,Yes,20166,0.0,0,No,Graduate,Lewis,Urban,Y
LPP003122,74.0,360.0,0,No,2014,1929.0,0,No,Graduate,Rodriguez,Urban,Y
LPP003123,70.0,360.0,0,No,2718,0.0,0,No,Graduate,Miller,Semiurban,Y
LPP003124,25.0,120.0,0,Yes,3459,0.0,0,Yes,Graduate,Dominguez,Semiurban,Y
LPP003125,102.0,360.0,0,No,4895,0.0,0,No,Graduate,Owens,Semiurban,Y
LPP003126,290.0,360.0,0,No,4000,7750.0,3+,Yes,Graduate,Braun,Semiurban,N
LPP003127,84.0,360.0,0,No,4583,0.0,0,Yes,Graduate,Martin,Rural,N
LPP003128,88.0,360.0,0,Yes,3316,3500.0,2,Yes,Graduate,Schmitt,Urban,Y
LPP003129,242.0,360.0,0,No,14999,0.0,0,No,Graduate,Fox,Semiurban,N
LPP003130,129.0,360.0,0,No,4200,1430.0,2,Yes,Not Graduate,Sandoval,Rural,N
LPP003131,185.0,360.0,0,No,5042,2083.0,2,Yes,Graduate,Myers,Rural,N
LPP003132,168.0,360.0,0,No,5417,0.0,0,No,Graduate,Washington,Urban,Y
LPP003133,175.0,180.0,0,Yes,6950,0.0,0,No,Graduate,Lutz,Semiurban,Y
LPP003134,122.0,360.0,0,No,2698,2034.0,0,Yes,Graduate,Hurst,Semiurban,Y
LPP003135,187.0,180.0,0,No,11757,0.0,2,Yes,Graduate,Young,Urban,Y
LPP003136,100.0,360.0,0,No,2330,4486.0,0,Yes,Graduate,Sullivan,Semiurban,Y
LPP003137,70.0,360.0,0,No,14866,0.0,2,Yes,Graduate,Gaines,Urban,Y
LPP003138,30.0,360.0,0,No,1538,1425.0,1,Yes,Graduate,Harris,Urban,Y
LPP003139,225.0,360.0,0,No,10000,1666.0,0,No,Graduate,Floyd,Rural,N
LPP003140,125.0,360.0,0,No,4860,830.0,0,Yes,Graduate,Harris,Semiurban,Y
LPP003141,118.0,360.0,0,No,6277,0.0,0,No,Graduate,Cooper,Rural,N
LPP003142,152.0,360.0,0,Yes,2577,3750.0,0,Yes,Graduate,Mcfarland,Rural,Y
LPP003143,244.0,360.0,0,No,9166,0.0,0,No,Graduate,Spencer,Urban,N
LPP003144,113.0,360.0,0,No,2281,0.0,2,Yes,Not Graduate,Rose,Rural,N
LPP003145,50.0,360.0,0,No,3254,0.0,0,No,Graduate,Jackson,Urban,Y
LPP003146,600.0,180.0,0,No,39999,0.0,3+,Yes,Graduate,Booth,Semiurban,Y
LPP003147,160.0,360.0,0,No,6000,0.0,1,Yes,Graduate,Fisher,Rural,Y
LPP003148,187.0,360.0,0,No,9538,0.0,1,Yes,Graduate,Lee,Urban,Y
LPP003149,120.0,360.0,0,No,2980,2083.0,0,No,Graduate,Juarez,Rural,Y
LPP003150,255.0,360.0,0,No,4583,5625.0,0,Yes,Graduate,Romero,Semiurban,Y
LPP003151,98.0,360.0,0,No,1863,1041.0,0,Yes,Not Graduate,Norris,Semiurban,Y
LPP003152,275.0,360.0,0,No,7933,0.0,0,Yes,Graduate,Rivera,Urban,N
LPP003153,121.0,360.0,0,No,3089,1280.0,1,Yes,Graduate,Adams,Semiurban,N
LPP003154,158.0,360.0,0,No,4167,1447.0,2,Yes,Graduate,Adams,Rural,Y
LPP003155,75.0,180.0,0,No,9323,0.0,0,Yes,Graduate,Banks,Urban,Y
LPP003156,182.0,342.0,0,No,3707,3166.0,0,Yes,Graduate,Mason,Rural,Y
LPP003157,112.0,360.0,0,No,4583,0.0,0,Yes,Graduate,Young,Rural,N
LPP003158,129.0,360.0,0,No,2439,3333.0,0,Yes,Graduate,Murphy,Rural,Y
LPP003159,63.0,480.0,0,No,2237,0.0,0,No,Graduate,Lee,Semiurban,N
LPP003160,200.0,360.0,0,No,8000,0.0,2,Yes,Graduate,Galloway,Semiurban,Y
LPP003161,95.0,360.0,0,No,1820,1769.0,0,Yes,Not Graduate,George,Rural,Y
LPP003162,700.0,300.0,0,No,51763,0.0,3+,Yes,Graduate,Macias,Urban,Y
LPP003163,81.0,180.0,0,No,3522,0.0,3+,Yes,Not Graduate,Torres,Rural,N
LPP003164,187.0,360.0,0,No,5708,5625.0,0,Yes,Graduate,Chen,Semiurban,Y
LPP003165,87.0,360.0,0,Yes,4344,736.0,0,Yes,Not Graduate,Kemp,Semiurban,N
LPP003166,116.0,360.0,0,No,3497,1964.0,0,Yes,Graduate,Ware,Rural,Y
LPP003167,101.0,360.0,0,No,2045,1619.0,2,Yes,Graduate,Nielsen,Rural,Y
LPP003168,495.0,360.0,0,No,5516,11300.0,3+,Yes,Graduate,Duncan,Semiurban,N
LPP003169,116.0,360.0,0,No,3750,0.0,1,Yes,Graduate,Woodard,Semiurban,Y
LPP003170,102.0,480.0,0,No,2333,1451.0,0,No,Not Graduate,Small,Urban,N
LPP003171,180.0,360.0,0,No,6400,7250.0,1,Yes,Graduate,Cook,Urban,N
LPP003172,67.0,360.0,0,No,1916,5063.0,0,No,Graduate,Jackson,Rural,N
LPP003173,73.0,180.0,0,No,4600,0.0,0,Yes,Graduate,Wright,Semiurban,Y
LPP003174,260.0,360.0,0,No,33846,0.0,1,Yes,Graduate,Barnes,Semiurban,N
LPP003175,108.0,360.0,0,No,3625,0.0,0,Yes,Graduate,Yates,Semiurban,Y
LPP003176,120.0,360.0,0,Yes,39147,4750.0,0,Yes,Graduate,Wilson,Semiurban,Y
LPP003177,66.0,300.0,0,Yes,2178,0.0,1,Yes,Graduate,Raymond,Rural,N
LPP003178,58.0,360.0,0,No,2383,2138.0,0,Yes,Graduate,Lopez,Rural,Y
LPP003179,168.0,360.0,0,Yes,674,5296.0,0,Yes,Graduate,Roberts,Rural,Y
LPP003180,188.0,180.0,0,No,9328,0.0,0,Yes,Graduate,Lopez,Rural,Y
LPP003181,48.0,360.0,0,No,4885,0.0,0,No,Not Graduate,Adams,Rural,Y
LPP003182,164.0,360.0,0,No,12000,0.0,0,No,Graduate,Ingram,Semiurban,N
LPP003183,160.0,360.0,0,No,6033,0.0,0,Yes,Not Graduate,Miller,Urban,N
LPP003184,76.0,360.0,0,No,3858,0.0,0,No,Graduate,Payne,Semiurban,Y
LPP003185,120.0,360.0,0,No,4191,0.0,0,No,Graduate,Smith,Rural,Y
LPP003186,170.0,360.0,0,No,3125,2583.0,1,Yes,Graduate,Wall,Semiurban,N
LPP003187,187.0,360.0,0,No,8333,3750.0,0,No,Graduate,Hammond,Rural,Y
LPP003188,120.0,342.0,0,No,1907,2365.0,0,No,Not Graduate,Parker,Urban,Y
LPP003189,113.0,360.0,0,No,3416,2816.0,0,Yes,Graduate,Ball,Semiurban,Y
LPP003190,83.0,360.0,0,Yes,11000,0.0,0,No,Graduate,Boyd,Urban,N
LPP003191,90.0,360.0,0,No,2600,2500.0,1,Yes,Not Graduate,Edwards,Semiurban,Y
LPP003192,166.0,360.0,0,No,4923,0.0,2,No,Graduate,Gordon,Semiurban,Y
LPP003193,145.0,180.0,0,No,3992,0.0,3+,Yes,Not Graduate,Howard,Urban,N
LPP003194,135.0,360.0,0,No,3500,1083.0,1,Yes,Not Graduate,Best,Urban,Y
LPP003195,124.0,360.0,0,No,3917,0.0,2,Yes,Not Graduate,Alvarez,Semiurban,Y
LPP003196,120.0,360.0,0,No,4408,0.0,0,No,Not Graduate,Adams,Semiurban,Y
LPP003197,80.0,360.0,0,No,3244,0.0,0,No,Graduate,Day,Urban,Y
LPP003198,55.0,360.0,0,No,3975,2531.0,0,No,Not Graduate,Arias,Rural,Y
LPP003199,59.0,360.0,0,No,2479,0.0,0,No,Graduate,Henderson,Urban,Y
LPP003200,127.0,360.0,0,No,3418,0.0,0,No,Graduate,Mcgrath,Semiurban,N
LPP003201,214.0,360.0,0,No,10000,0.0,0,No,Graduate,Levy,Semiurban,N
LPP003202,128.0,360.0,0,No,3430,1250.0,3+,Yes,Graduate,Simmons,Semiurban,N
LPP003203,240.0,360.0,0,Yes,7787,0.0,1,Yes,Graduate,Berg,Urban,Y
LPP003204,130.0,360.0,0,Yes,5703,0.0,3+,Yes,Not Graduate,Duran,Rural,Y
LPP003205,137.0,360.0,0,No,3173,3021.0,0,Yes,Graduate,Turner,Urban,Y
LPP003206,100.0,360.0,0,No,3850,983.0,3+,Yes,Not Graduate,Lloyd,Semiurban,Y
LPP003207,135.0,360.0,0,No,150,1800.0,0,Yes,Graduate,Bentley,Rural,N
LPP003208,131.0,360.0,0,No,3727,1775.0,0,Yes,Graduate,Farmer,Semiurban,Y
LPP003209,72.0,360.0,0,No,5000,0.0,2,Yes,Graduate,Garcia,Semiurban,N
LPP003210,127.0,360.0,0,No,4283,2383.0,2,Yes,Graduate,Shaw,Semiurban,Y
LPP003211,60.0,360.0,0,No,2221,0.0,0,Yes,Graduate,Parker,Urban,N
LPP003212,116.0,360.0,0,No,4009,1717.0,2,Yes,Graduate,Smith,Semiurban,Y
LPP003213,144.0,360.0,0,No,2971,2791.0,0,No,Graduate,Young,Semiurban,Y
LPP003214,175.0,342.0,0,No,7578,1010.0,0,Yes,Graduate,Grant,Semiurban,Y
LPP003215,128.0,360.0,0,No,6250,0.0,0,Yes,Graduate,Jenkins,Semiurban,Y
LPP003216,170.0,360.0,0,No,3250,0.0,0,Yes,Graduate,Foster,Rural,N
LPP003217,138.0,360.0,0,Yes,4735,0.0,0,Yes,Not Graduate,Oconnell,Urban,N
LPP003218,210.0,360.0,0,No,6250,1695.0,2,Yes,Graduate,Miller,Semiurban,Y
LPP003219,158.0,480.0,0,No,4758,0.0,0,No,Graduate,Chaney,Semiurban,Y
LPP003220,200.0,360.0,0,Yes,6400,0.0,0,No,Graduate,Smith,Rural,Y
LPP003221,104.0,360.0,0,No,2491,2054.0,1,Yes,Graduate,White,Semiurban,Y
LPP003222,42.0,180.0,0,No,3716,0.0,0,Yes,Graduate,Cox,Rural,Y
LPP003223,120.0,342.0,0,No,3189,2598.0,0,No,Not Graduate,Haley,Rural,Y
LPP003224,280.0,360.0,0,No,8333,0.0,0,No,Graduate,Munoz,Semiurban,Y
LPP003225,140.0,360.0,0,No,3155,1779.0,1,Yes,Graduate,Mason,Semiurban,Y
LPP003226,170.0,360.0,0,No,5500,1260.0,1,Yes,Graduate,Gonzalez,Rural,Y
LPP003227,255.0,360.0,0,No,5746,0.0,0,Yes,Graduate,Dickerson,Urban,N
LPP003228,122.0,360.0,0,Yes,3463,0.0,0,No,Graduate,Walker,Urban,Y
LPP003229,112.0,360.0,0,No,3812,0.0,1,No,Graduate,Pace,Rural,Y
LPP003230,96.0,360.0,0,No,3315,0.0,1,Yes,Graduate,Robinson,Semiurban,Y
LPP003231,120.0,360.0,0,No,5819,5000.0,2,Yes,Graduate,Stevenson,Rural,Y
LPP003232,140.0,180.0,0,No,2510,1983.0,1,Yes,Not Graduate,Lewis,Urban,N
LPP003233,155.0,60.0,0,No,2965,5701.0,0,No,Graduate,Rodriguez,Urban,Y
LPP003234,108.0,360.0,0,Yes,6250,1300.0,2,Yes,Graduate,Dunlap,Rural,Y
LPP003235,123.0,360.0,0,No,3406,4417.0,0,Yes,Not Graduate,Fletcher,Semiurban,Y
LPP003236,120.0,180.0,0,Yes,6050,4333.0,0,No,Graduate,Ali,Urban,N
LPP003237,112.0,360.0,0,No,9703,0.0,2,Yes,Graduate,Howe,Urban,Y
LPP003238,137.0,180.0,0,No,6608,0.0,1,Yes,Not Graduate,Cook,Urban,Y
LPP003239,123.0,480.0,0,No,2882,1843.0,1,Yes,Graduate,Stark,Semiurban,Y
LPP003240,90.0,360.0,0,No,1809,1868.0,0,Yes,Graduate,Ray,Urban,Y
LPP003241,201.0,360.0,0,No,1668,3890.0,0,Yes,Not Graduate,Hernandez,Semiurban,N
LPP003242,138.0,360.0,0,No,3427,0.0,2,No,Graduate,Rhodes,Urban,N
LPP003243,104.0,360.0,0,Yes,2583,2167.0,0,No,Not Graduate,Green,Rural,Y
LPP003244,279.0,180.0,0,No,2661,7101.0,1,Yes,Not Graduate,Johnson,Semiurban,Y
LPP003245,192.0,360.0,0,Yes,16250,0.0,0,No,Graduate,Clark,Urban,N
LPP003246,255.0,360.0,0,No,3083,0.0,3+,No,Graduate,Jones,Rural,Y
LPP003247,115.0,360.0,0,No,6045,0.0,0,No,Not Graduate,Baker,Rural,N
LPP003248,94.0,360.0,0,No,5250,0.0,3+,Yes,Graduate,Woodward,Urban,N
LPP003249,304.0,360.0,0,No,14683,2100.0,0,Yes,Graduate,James,Rural,N
LPP003250,128.0,360.0,0,No,4931,0.0,3+,Yes,Not Graduate,Kennedy,Semiurban,N
LPP003251,330.0,360.0,0,No,6083,4250.0,1,Yes,Graduate,Wagner,Urban,Y
LPP003252,134.0,360.0,0,No,2060,2209.0,0,No,Graduate,Lynch,Semiurban,Y
LPP003253,155.0,36.0,0,No,3481,0.0,1,No,Graduate,Garcia,Semiurban,N
LPP003254,120.0,360.0,0,No,7200,0.0,0,No,Graduate,Barber,Rural,Y
LPP003255,128.0,360.0,0,Yes,5166,0.0,0,No,Graduate,Smith,Semiurban,Y
LPP003256,151.0,360.0,0,No,4095,3447.0,0,No,Graduate,Lee,Rural,Y
LPP003257,150.0,360.0,0,No,4708,1387.0,2,Yes,Graduate,Leach,Semiurban,Y
LPP003258,160.0,360.0,0,No,4333,1811.0,3+,Yes,Graduate,Brown,Urban,Y
LPP003259,135.0,360.0,0,No,3418,0.0,0,No,Graduate,Delgado,Rural,N
LPP003260,90.0,360.0,0,No,2876,1560.0,1,No,Graduate,Brown,Urban,Y
LPP003261,30.0,360.0,0,No,3237,0.0,0,No,Graduate,Farmer,Urban,Y
LPP003262,136.0,360.0,0,No,11146,0.0,0,Yes,Graduate,Carlson,Urban,Y
LPP003263,126.0,360.0,0,No,2833,1857.0,0,No,Graduate,Jones,Rural,Y
LPP003264,150.0,360.0,0,No,2620,2223.0,0,Yes,Graduate,Castillo,Semiurban,Y
LPP003265,90.0,360.0,0,No,3900,0.0,2,Yes,Graduate,Scott,Semiurban,Y
LPP003266,115.0,360.0,0,No,2750,1842.0,1,Yes,Graduate,Johnson,Semiurban,Y
LPP003267,207.0,360.0,0,No,3993,3274.0,0,Yes,Graduate,French,Semiurban,Y
LPP003268,80.0,360.0,0,No,3103,1300.0,0,Yes,Graduate,Mendez,Urban,Y
LPP003269,436.0,360.0,0,No,14583,0.0,0,Yes,Graduate,Henderson,Semiurban,Y
LPP003270,124.0,360.0,0,No,4100,0.0,0,Yes,Not Graduate,Shaw,Rural,Y
LPP003271,158.0,360.0,0,Yes,4053,2426.0,1,No,Not Graduate,Parker,Urban,N
LPP003272,112.0,360.0,0,No,3927,800.0,0,Yes,Graduate,Rodriguez,Semiurban,Y
LPP003273,78.0,180.0,0,No,2301,985.7999877999997,2,Yes,Graduate,Padilla,Urban,Y
LPP003274,54.0,360.0,0,No,1811,1666.0,0,No,Graduate,Strickland,Urban,Y
LPP003275,145.0,360.0,0,No,20667,0.0,0,Yes,Graduate,Gutierrez,Rural,N
LPP003276,89.0,360.0,0,No,3158,3053.0,0,No,Graduate,Edwards,Rural,Y
LPP003277,99.0,300.0,0,Yes,2600,1717.0,0,No,Graduate,Mata,Semiurban,N
LPP003278,120.0,360.0,0,No,3704,2000.0,0,Yes,Graduate,Diaz,Rural,Y
LPP003279,115.0,360.0,0,No,4124,0.0,0,No,Graduate,Hart,Semiurban,Y
LPP003280,187.0,360.0,0,No,9508,0.0,0,No,Graduate,Ramos,Rural,Y
LPP003281,139.0,360.0,0,No,3075,2416.0,0,Yes,Graduate,Taylor,Rural,Y
LPP003282,127.0,360.0,0,No,4400,0.0,2,Yes,Graduate,Shaffer,Semiurban,N
LPP003283,134.0,360.0,0,No,3153,1560.0,2,Yes,Graduate,Henry,Urban,Y
LPP003284,143.0,480.0,0,No,5417,0.0,0,No,Graduate,Edwards,Urban,N
LPP003285,172.0,360.0,0,No,2383,3334.0,0,Yes,Graduate,Franklin,Semiurban,Y
LPP003286,110.0,360.0,0,No,4416,1250.0,3+,Yes,Graduate,Sutton,Urban,Y
LPP003287,200.0,360.0,0,No,6875,0.0,1,Yes,Graduate,Nelson,Semiurban,Y
LPP003288,135.0,360.0,0,No,4666,0.0,1,Yes,Graduate,Mcneil,Urban,Y
LPP003289,151.0,480.0,0,No,5000,2541.0,0,No,Graduate,Thomas,Rural,N
LPP003290,113.0,360.0,0,No,2014,2925.0,1,Yes,Graduate,Hansen,Urban,N
LPP003291,93.0,360.0,0,No,1800,2934.0,0,Yes,Not Graduate,Smith,Urban,N
LPP003292,105.0,360.0,0,No,2875,1750.0,0,Yes,Not Graduate,Nelson,Semiurban,Y
LPP003293,132.0,360.0,0,No,5000,0.0,0,No,Graduate,Thompson,Rural,Y
LPP003294,96.0,360.0,0,No,1625,1803.0,1,Yes,Graduate,Singh,Urban,Y
LPP003295,140.0,360.0,0,No,4000,2500.0,0,No,Graduate,Cobb,Rural,Y
LPP003296,145.0,360.0,0,No,2000,0.0,0,No,Not Graduate,Warren,Urban,N
LPP003297,135.0,360.0,0,No,3762,1666.0,0,No,Graduate,Smith,Rural,Y
LPP003298,104.0,360.0,0,No,2400,1863.0,0,No,Graduate,Brown,Urban,N
LPP003299,480.0,360.0,0,No,20233,0.0,0,No,Graduate,Ferguson,Rural,N
LPP003300,185.0,360.0,0,No,7667,0.0,2,Yes,Not Graduate,Brewer,Rural,Y
LPP003301,84.0,360.0,0,No,2917,0.0,0,No,Graduate,Smith,Semiurban,Y
LPP003302,111.0,360.0,0,No,2927,2405.0,0,No,Not Graduate,Kline,Semiurban,Y
LPP003303,56.0,360.0,0,No,2507,0.0,0,No,Graduate,Marshall,Rural,Y
LPP003304,144.0,84.0,0,Yes,5746,0.0,2,Yes,Graduate,Rodriguez,Rural,Y
LPP003305,159.0,360.0,0,No,2473,1843.0,0,Yes,Graduate,Whitaker,Rural,N
LPP003306,111.0,180.0,0,No,3399,1640.0,1,Yes,Not Graduate,Gonzalez,Urban,Y
LPP003307,120.0,360.0,0,No,3717,0.0,2,Yes,Graduate,Mcdaniel,Semiurban,Y
LPP003308,88.0,360.0,0,No,2058,2134.0,0,Yes,Graduate,Hayes,Urban,Y
LPP003309,112.0,360.0,0,No,3541,0.0,1,No,Graduate,Martinez,Semiurban,Y
LPP003310,155.0,360.0,0,Yes,10000,0.0,1,Yes,Graduate,Wolf,Rural,N
LPP003311,115.0,360.0,0,No,2400,2167.0,0,Yes,Graduate,Stanley,Semiurban,Y
LPP003312,124.0,360.0,0,No,4342,189.0,3+,Yes,Graduate,Barber,Semiurban,Y
LPP003313,145.0,360.0,0,No,3601,1590.0,2,Yes,Not Graduate,Kelley,Rural,Y
LPP003314,132.0,360.0,0,No,3166,2985.0,0,No,Graduate,Cooper,Rural,Y
LPP003315,300.0,360.0,0,No,15000,0.0,3+,Yes,Graduate,Sellers,Rural,Y
LPP003316,376.0,360.0,0,Yes,8666,4983.0,1,Yes,Graduate,Henry,Rural,N
LPP003317,130.0,360.0,0,No,4917,0.0,0,No,Graduate,Jones,Rural,Y
LPP003318,184.0,360.0,0,Yes,5818,2160.0,0,Yes,Graduate,Thompson,Semiurban,Y
LPP003319,110.0,360.0,0,No,4333,2451.0,0,Yes,Graduate,Frank,Urban,N
LPP003320,67.0,360.0,0,No,2500,0.0,0,No,Graduate,King,Urban,Y
LPP003321,117.0,360.0,0,No,4384,1793.0,1,No,Graduate,Kelly,Urban,Y
LPP003322,98.0,360.0,0,No,2935,0.0,0,No,Graduate,Evans,Semiurban,Y
LPP003323,71.0,360.0,0,No,2833,0.0,0,No,Graduate,Garrett,Urban,Y
LPP003324,490.0,180.0,0,No,63337,0.0,0,Yes,Graduate,Wilkerson,Urban,Y
LPP003325,182.0,180.0,0,Yes,9833,1833.0,1,Yes,Graduate,Lee,Urban,Y
LPP003326,70.0,342.0,0,Yes,5503,4490.0,0,Yes,Graduate,Bauer,Semiurban,Y
LPP003327,160.0,360.0,0,No,5250,688.0,1,Yes,Graduate,Stanley,Rural,Y
LPP003328,176.0,360.0,0,Yes,2500,4600.0,2,Yes,Graduate,Vega,Rural,Y
LPP003329,145.0,360.0,0,No,1830,0.0,3+,No,Not Graduate,Johnson,Urban,N
LPP003330,71.0,360.0,0,No,4160,0.0,0,No,Graduate,Keller,Semiurban,Y
LPP003331,173.0,360.0,0,No,2647,1587.0,3+,Yes,Not Graduate,Martin,Rural,N
LPP003332,46.0,360.0,0,No,2378,0.0,0,No,Graduate,Brown,Rural,N
LPP003333,158.0,360.0,0,No,4554,1229.0,1,Yes,Not Graduate,Preston,Urban,Y
LPP003334,74.0,360.0,0,No,3173,0.0,3+,Yes,Not Graduate,Jensen,Semiurban,Y
LPP003335,125.0,360.0,0,No,2583,2330.0,2,Yes,Graduate,Davila,Rural,Y
LPP003336,160.0,360.0,0,No,2499,2458.0,0,Yes,Graduate,Dixon,Semiurban,Y
LPP003337,152.0,360.0,0,No,3523,3230.0,0,Yes,Not Graduate,Kim,Rural,N
LPP003338,126.0,360.0,0,No,3083,2168.0,2,Yes,Not Graduate,Hernandez,Urban,Y
LPP003339,259.0,360.0,0,No,6333,4583.0,0,Yes,Graduate,Olson,Semiurban,Y
LPP003340,187.0,360.0,0,No,2625,6250.0,0,Yes,Graduate,Reeves,Rural,Y
LPP003341,228.0,360.0,0,No,9083,0.0,0,Yes,Graduate,Hamilton,Semiurban,Y
LPP003342,308.0,360.0,0,No,8750,4167.0,0,No,Graduate,Thompson,Rural,N
LPP003343,95.0,360.0,0,No,2666,2083.0,3+,Yes,Graduate,Hutchinson,Rural,Y
LPP003344,105.0,360.0,0,Yes,5500,0.0,0,Yes,Graduate,Wise,Rural,N
LPP003345,130.0,360.0,0,No,2423,505.0,0,Yes,Graduate,Boyle,Semiurban,Y
LPP003346,116.0,180.0,0,No,3813,0.0,0,No,Graduate,Edwards,Urban,Y
LPP003347,165.0,360.0,0,No,8333,3167.0,2,Yes,Graduate,Frey,Rural,Y
LPP003348,67.0,360.0,0,No,3875,0.0,1,Yes,Graduate,Wells,Urban,N
LPP003349,100.0,480.0,0,No,3000,1666.0,0,Yes,Not Graduate,Schaefer,Urban,N
LPP003350,200.0,360.0,0,No,5167,3167.0,3+,Yes,Graduate,Ryan,Semiurban,Y
LPP003351,81.0,360.0,0,No,4723,0.0,1,No,Graduate,Wells,Semiurban,N
LPP003352,236.0,360.0,0,No,5000,3667.0,2,Yes,Graduate,Willis,Semiurban,Y
LPP003353,130.0,360.0,0,No,4750,2333.0,0,Yes,Graduate,Bender,Urban,Y
LPP003354,95.0,300.0,0,No,3013,3033.0,0,Yes,Graduate,Mcintosh,Urban,Y
LPP003355,141.0,360.0,0,Yes,6822,0.0,0,No,Graduate,Rogers,Rural,Y
LPP003356,133.0,360.0,0,No,6216,0.0,0,No,Not Graduate,Alexander,Rural,N
LPP003357,96.0,480.0,0,No,2500,0.0,0,No,Graduate,Whitaker,Semiurban,N
LPP003358,124.0,342.0,0,No,5124,0.0,0,No,Graduate,Aguilar,Rural,N
LPP003359,175.0,360.0,0,No,6325,0.0,1,Yes,Graduate,Bryant,Semiurban,Y
LPP003360,570.0,360.0,0,No,19730,5266.0,0,Yes,Graduate,Hines,Rural,N
LPP003361,55.0,360.0,0,Yes,15759,0.0,0,No,Graduate,Tran,Semiurban,Y
LPP003362,155.0,360.0,0,No,5185,0.0,2,Yes,Graduate,Sloan,Semiurban,Y
LPP003363,380.0,300.0,0,Yes,9323,7873.0,2,Yes,Graduate,Carlson,Rural,Y
LPP003364,111.0,180.0,0,No,3062,1987.0,1,No,Graduate,Nelson,Urban,N
LPP003365,110.0,360.0,0,No,2764,1459.0,0,No,Graduate,York,Urban,Y
LPP003366,120.0,180.0,0,No,4817,923.0,0,Yes,Graduate,Sharp,Urban,Y
LPP003367,130.0,360.0,0,No,8750,4996.0,3+,Yes,Graduate,Stephenson,Rural,Y
LPP003368,130.0,360.0,0,No,4310,0.0,0,Yes,Graduate,Leonard,Semiurban,Y
LPP003369,71.0,480.0,0,No,3069,0.0,0,No,Graduate,Simmons,Urban,N
LPP003370,130.0,360.0,0,No,5391,0.0,2,Yes,Graduate,Brandt,Urban,Y
LPP003371,128.0,360.0,0,No,3333,2500.0,0,Yes,Graduate,Smith,Semiurban,Y
LPP003372,296.0,360.0,0,No,5941,4232.0,0,No,Graduate,Moore,Semiurban,Y
LPP003373,156.0,360.0,0,No,6000,0.0,0,No,Graduate,Waller,Urban,Y
LPP003374,128.0,360.0,0,Yes,7167,0.0,0,No,Graduate,Garcia,Urban,Y
LPP003375,100.0,360.0,0,No,4566,0.0,2,Yes,Graduate,Matthews,Urban,N
LPP003376,113.0,180.0,0,No,3667,0.0,1,No,Graduate,Hill,Urban,Y
LPP003377,132.0,360.0,0,No,2346,1600.0,0,No,Not Graduate,Bradley,Semiurban,Y
LPP003378,145.0,360.0,0,No,3010,3136.0,0,Yes,Not Graduate,Hall,Urban,N
LPP003379,136.0,360.0,0,No,2333,2417.0,0,Yes,Graduate,Anderson,Urban,Y
LPP003380,125.0,360.0,0,No,5488,0.0,0,Yes,Graduate,Olson,Rural,Y
LPP003381,185.0,360.0,0,No,9167,0.0,3+,No,Graduate,Alvarado,Rural,Y
LPP003382,275.0,360.0,0,No,9504,0.0,3+,Yes,Graduate,Dunn,Rural,Y
LPP003383,120.0,360.0,0,No,2583,2115.0,0,Yes,Graduate,Gonzalez,Urban,Y
LPP003384,113.0,180.0,0,No,1993,1625.0,2,Yes,Not Graduate,Fuller,Semiurban,Y
LPP003385,113.0,360.0,0,No,3100,1400.0,2,Yes,Graduate,Martinez,Urban,Y
LPP003386,135.0,360.0,0,No,3276,484.0,2,Yes,Graduate,Case,Semiurban,Y
LPP003387,71.0,360.0,0,No,3180,0.0,0,No,Graduate,Cobb,Urban,N
LPP003388,95.0,360.0,0,No,3033,1459.0,0,Yes,Graduate,Cole,Urban,Y
LPP003389,109.0,360.0,0,No,3902,1666.0,0,No,Not Graduate,Phillips,Rural,Y
LPP003390,103.0,360.0,0,No,1500,1800.0,0,No,Graduate,Shah,Semiurban,N
LPP003391,45.0,180.0,0,No,2889,0.0,2,Yes,Not Graduate,Reilly,Urban,N
LPP003392,65.0,300.0,0,No,2755,0.0,0,No,Not Graduate,Cain,Rural,N
LPP003393,103.0,360.0,0,No,2500,20000.0,0,No,Graduate,Walker,Semiurban,Y
LPP003394,53.0,360.0,0,No,1963,0.0,0,No,Not Graduate,Rodriguez,Semiurban,Y
LPP003395,194.0,360.0,0,Yes,7441,0.0,0,No,Graduate,Kelley,Rural,N
LPP003396,115.0,360.0,0,No,4547,0.0,0,No,Graduate,Mitchell,Semiurban,Y
LPP003397,115.0,360.0,0,No,2167,2400.0,0,Yes,Not Graduate,Morse,Urban,Y
LPP003398,66.0,360.0,0,No,2213,0.0,0,No,Not Graduate,Cooper,Rural,Y
LPP003399,152.0,300.0,0,No,8300,0.0,1,Yes,Graduate,Rubio,Semiurban,N
LPP003400,360.0,360.0,0,No,81000,0.0,3+,Yes,Graduate,Wright,Rural,N
LPP003401,62.0,360.0,0,Yes,3867,0.0,1,No,Not Graduate,Norton,Semiurban,N
LPP003402,160.0,360.0,0,No,6256,0.0,0,Yes,Graduate,Jackson,Urban,Y
LPP003403,218.0,360.0,0,No,6096,0.0,0,Yes,Not Graduate,Dodson,Rural,N
LPP003404,110.0,360.0,0,No,2253,2033.0,0,Yes,Not Graduate,Joseph,Rural,Y
LPP003405,178.0,360.0,0,No,2149,3237.0,0,Yes,Not Graduate,Hill,Semiurban,N
LPP003406,60.0,360.0,0,No,2995,0.0,0,No,Graduate,Russell,Urban,Y
LPP003407,160.0,360.0,0,No,2600,0.0,1,No,Graduate,Graham,Urban,N
LPP003408,239.0,360.0,0,Yes,1600,20000.0,2,Yes,Graduate,Thomas,Urban,N
LPP003409,112.0,360.0,0,No,1025,2773.0,0,Yes,Graduate,Gamble,Rural,Y
LPP003410,138.0,360.0,0,No,3246,1417.0,0,Yes,Graduate,Vega,Semiurban,Y
LPP003411,138.0,360.0,0,No,5829,0.0,0,Yes,Graduate,Castillo,Rural,Y
LPP003412,80.0,342.0,0,No,2720,0.0,0,No,Not Graduate,Patel,Urban,N
LPP003413,100.0,360.0,0,No,1820,1719.0,0,Yes,Graduate,Dean,Urban,Y
LPP003414,110.0,342.0,0,No,7250,1667.0,1,Yes,Graduate,Brown,Urban,N
LPP003415,96.0,360.0,0,No,14880,0.0,0,Yes,Graduate,Moore,Semiurban,Y
LPP003416,121.0,360.0,0,No,2666,4300.0,0,Yes,Graduate,Acosta,Rural,Y
LPP003417,81.0,360.0,0,No,4606,0.0,1,No,Not Graduate,Woodard,Rural,N
LPP003418,133.0,360.0,0,No,5935,0.0,2,Yes,Graduate,Arnold,Semiurban,Y
LPP003419,87.0,360.0,0,No,2920,16.12000084,0,Yes,Graduate,Wells,Rural,Y
LPP003420,60.0,180.0,0,No,2717,0.0,0,No,Not Graduate,Brown,Urban,Y
LPP003421,150.0,360.0,0,Yes,8624,0.0,1,No,Graduate,Cummings,Semiurban,Y
LPP003422,105.0,360.0,0,No,6500,0.0,0,No,Graduate,Torres,Rural,N
LPP003423,405.0,360.0,0,No,12876,0.0,0,No,Graduate,Jackson,Semiurban,Y
LPP003424,143.0,360.0,0,No,2425,2340.0,0,Yes,Graduate,Miller,Semiurban,Y
LPP003425,100.0,360.0,0,No,3750,0.0,0,No,Graduate,Kim,Urban,Y
LPP003426,145.0,240.0,0,No,10047,0.0,0,No,Graduate,Gross,Semiurban,Y
LPP003427,50.0,360.0,0,No,1926,1851.0,0,No,Graduate,Cardenas,Semiurban,Y
LPP003428,145.0,360.0,0,No,2213,1125.0,0,Yes,Graduate,Flores,Urban,Y
LPP003429,187.0,360.0,0,Yes,10416,0.0,0,No,Graduate,Vargas,Urban,N
LPP003430,138.0,360.0,0,Yes,7142,0.0,0,Yes,Not Graduate,Gutierrez,Rural,Y
LPP003431,187.0,360.0,0,No,3660,5064.0,0,No,Graduate,Kirk,Semiurban,Y
LPP003432,180.0,360.0,0,No,7901,1833.0,0,Yes,Graduate,Guzman,Rural,Y
LPP003433,148.0,360.0,0,No,4707,1993.0,3+,No,Not Graduate,Hammond,Semiurban,Y
LPP003434,152.0,360.0,0,No,37719,0.0,1,No,Graduate,Keller,Semiurban,Y
LPP003435,175.0,300.0,0,No,7333,8333.0,0,Yes,Graduate,Spence,Rural,Y
LPP003436,130.0,360.0,0,Yes,3466,1210.0,1,Yes,Graduate,Leblanc,Rural,Y
LPP003437,110.0,360.0,0,No,4652,0.0,2,Yes,Not Graduate,Santos,Rural,Y
LPP003438,55.0,360.0,0,No,3539,1376.0,0,Yes,Graduate,Grant,Rural,N
LPP003439,150.0,360.0,0,No,3340,1710.0,2,Yes,Graduate,Singleton,Rural,N
LPP003440,190.0,360.0,0,Yes,2769,1542.0,1,No,Not Graduate,Roberts,Semiurban,N
LPP003441,125.0,360.0,0,No,2309,1255.0,2,Yes,Not Graduate,Gill,Rural,N
LPP003442,60.0,300.0,0,No,1958,1456.0,2,Yes,Not Graduate,Becker,Urban,Y
LPP003443,149.0,360.0,0,No,3948,1733.0,0,Yes,Graduate,Wade,Rural,N
LPP003444,90.0,180.0,0,No,2483,2466.0,0,Yes,Graduate,Finley,Rural,Y
LPP003445,84.0,360.0,0,Yes,7085,0.0,0,No,Graduate,Sandoval,Semiurban,Y
LPP003446,96.0,360.0,0,No,3859,0.0,2,Yes,Graduate,Case,Semiurban,Y
LPP003447,118.0,360.0,0,No,4301,0.0,0,Yes,Graduate,Hester,Urban,Y
LPP003448,173.0,360.0,0,No,3708,2569.0,0,Yes,Graduate,Weaver,Urban,N
LPP003449,136.0,360.0,0,No,4354,0.0,2,No,Graduate,Rocha,Rural,Y
LPP003450,160.0,360.0,0,No,8334,0.0,0,Yes,Graduate,Williams,Semiurban,N
LPP003451,160.0,360.0,0,Yes,2083,4083.0,0,Yes,Graduate,Porter,Semiurban,Y
LPP003452,128.0,180.0,0,No,7740,0.0,3+,Yes,Graduate,Andrews,Urban,Y
LPP003453,153.0,360.0,0,No,3015,2188.0,0,Yes,Graduate,Church,Rural,Y
LPP003454,132.0,360.0,0,No,5191,0.0,1,No,Not Graduate,Powell,Semiurban,Y
LPP003455,98.0,360.0,0,No,4166,0.0,0,No,Graduate,Foley,Semiurban,N
LPP003456,140.0,360.0,0,No,6000,0.0,0,No,Graduate,Pham,Rural,Y
LPP003457,70.0,180.0,0,No,2947,1664.0,3+,Yes,Not Graduate,Hall,Urban,N
LPP003458,110.0,360.0,0,No,16692,0.0,0,Yes,Graduate,Sanchez,Semiurban,Y
LPP003459,98.0,360.0,0,No,210,2917.0,2,Yes,Not Graduate,Dougherty,Semiurban,Y
LPP003460,110.0,360.0,0,No,4333,2451.0,0,Yes,Graduate,Rodriguez,Urban,N
LPP003461,162.0,360.0,0,Yes,3450,2079.0,1,Yes,Graduate,Browning,Semiurban,Y
LPP003462,113.0,180.0,0,No,2653,1500.0,1,Yes,Not Graduate,Ochoa,Rural,N
LPP003463,100.0,360.0,0,No,4691,0.0,3+,Yes,Graduate,Jensen,Semiurban,Y
LPP003464,93.0,360.0,0,Yes,2500,0.0,0,No,Graduate,Schmidt,Urban,Y
LPP003465,162.0,360.0,0,No,5532,4648.0,2,No,Graduate,Garcia,Rural,Y
LPP003466,150.0,360.0,0,Yes,16525,1014.0,2,Yes,Graduate,Harvey,Rural,Y
LPP003467,230.0,300.0,0,No,6700,1750.0,2,Yes,Graduate,Mata,Semiurban,Y
LPP003468,132.0,360.0,0,No,2873,1872.0,2,Yes,Graduate,Brown,Semiurban,N
LPP003469,86.0,360.0,0,Yes,16667,2250.0,1,Yes,Graduate,Avila,Semiurban,Y
LPP003470,145.0,360.0,0,No,2947,1603.0,2,Yes,Graduate,Dunn,Urban,N
LPP003471,154.0,360.0,0,No,4350,0.0,0,No,Not Graduate,Martin,Rural,Y
LPP003472,113.0,360.0,0,No,3095,0.0,3+,Yes,Not Graduate,Stephenson,Rural,Y
LPP003473,128.0,360.0,0,No,2083,3150.0,0,Yes,Graduate,Hayes,Semiurban,Y
LPP003474,234.0,360.0,0,No,10833,0.0,0,Yes,Graduate,Jenkins,Semiurban,Y
LPP003475,246.0,360.0,0,No,8333,0.0,2,Yes,Graduate,Blanchard,Semiurban,Y
LPP003476,131.0,360.0,0,No,1958,2436.0,1,Yes,Not Graduate,Williams,Rural,Y
LPP003477,80.0,360.0,0,No,3547,0.0,2,No,Graduate,Lopez,Rural,N
LPP003478,500.0,360.0,0,No,18333,0.0,1,Yes,Graduate,Roth,Urban,N
LPP003479,160.0,360.0,0,Yes,4583,2083.0,2,Yes,Graduate,Taylor,Semiurban,Y
LPP003480,75.0,360.0,0,No,2435,0.0,0,No,Graduate,Williams,Urban,N
LPP003481,96.0,360.0,0,No,2699,2785.0,0,No,Not Graduate,Nguyen,Semiurban,Y
LPP003482,186.0,360.0,0,No,5333,1131.0,1,Yes,Not Graduate,Ramos,Urban,Y
LPP003483,110.0,360.0,0,No,3691,0.0,0,No,Not Graduate,Price,Rural,Y
LPP003484,225.0,360.0,0,Yes,17263,0.0,0,No,Not Graduate,Snyder,Semiurban,Y
LPP003485,119.0,360.0,0,No,3597,2157.0,0,Yes,Graduate,White,Rural,N
LPP003486,105.0,84.0,0,No,3326,913.0,1,Yes,Graduate,Wolfe,Semiurban,Y
LPP003487,107.0,360.0,0,No,2600,1700.0,0,Yes,Not Graduate,Simmons,Rural,Y
LPP003488,111.0,12.0,0,No,4625,2857.0,0,Yes,Graduate,Gallegos,Urban,Y
LPP003489,95.0,360.0,0,Yes,2895,0.0,1,Yes,Graduate,Aguilar,Semiurban,Y
LPP003490,209.0,360.0,0,No,6283,4416.0,0,No,Graduate,White,Rural,N
LPP003491,113.0,480.0,0,No,645,3683.0,0,No,Graduate,Harvey,Rural,Y
LPP003492,100.0,360.0,0,No,3159,0.0,0,No,Graduate,Gilmore,Semiurban,Y
LPP003493,208.0,360.0,0,No,4865,5624.0,2,Yes,Graduate,Arroyo,Semiurban,Y
LPP003494,138.0,360.0,0,No,4050,5302.0,1,Yes,Not Graduate,Williams,Rural,N
LPP003495,124.0,300.0,0,No,3814,1483.0,0,Yes,Not Graduate,Myers,Semiurban,Y
LPP003496,243.0,360.0,0,No,3510,4416.0,2,Yes,Graduate,Walton,Rural,Y
LPP003497,480.0,360.0,0,No,20833,6667.0,0,Yes,Graduate,Washington,Urban,Y
LPP003498,96.0,360.0,0,No,3583,0.0,0,No,Graduate,Perry,Urban,N
LPP003499,188.0,360.0,0,Yes,2479,3013.0,0,Yes,Graduate,Simpson,Urban,Y
LPP003500,40.0,360.0,0,No,13262,0.0,1,No,Graduate,Scott,Urban,Y
LPP003501,100.0,360.0,0,No,3598,1287.0,0,No,Not Graduate,Figueroa,Rural,N
LPP003502,250.0,360.0,0,No,6065,2004.0,1,Yes,Graduate,Vaughn,Semiurban,Y
LPP003503,148.0,360.0,0,No,3283,2035.0,2,Yes,Graduate,Norton,Urban,Y
LPP003504,70.0,180.0,0,No,2130,6666.0,0,Yes,Graduate,Bell,Semiurban,N
LPP003505,311.0,360.0,0,No,5815,3666.0,0,No,Graduate,Mcdonald,Rural,N
LPP003506,150.0,360.0,0,No,3466,3428.0,3+,Yes,Graduate,Landry,Rural,Y
LPP003507,113.0,480.0,0,No,2031,1632.0,2,Yes,Graduate,Green,Semiurban,Y
LPP003508,123.0,360.0,0,No,3074,1800.0,0,Yes,Not Graduate,Johnson,Semiurban,N
LPP003509,185.0,360.0,0,No,4683,1915.0,0,No,Graduate,Boyer,Semiurban,N
LPP003510,95.0,360.0,0,No,3400,0.0,0,No,Not Graduate,Norton,Rural,N
LPP003511,45.0,360.0,0,No,2192,1742.0,2,Yes,Not Graduate,Santana,Semiurban,Y
LPP003512,55.0,360.0,0,No,2500,0.0,0,No,Graduate,Johnson,Semiurban,Y
LPP003513,100.0,360.0,0,Yes,5677,1424.0,3+,Yes,Graduate,Rogers,Rural,Y
LPP003514,480.0,360.0,0,Yes,7948,7166.0,2,Yes,Graduate,Fernandez,Rural,Y
LPP003515,145.0,360.0,0,No,4680,2087.0,0,No,Graduate,Huff,Semiurban,N
LPP003516,400.0,360.0,0,Yes,17500,0.0,2,Yes,Graduate,Hoffman,Rural,Y
LPP003517,110.0,360.0,0,No,3775,0.0,0,Yes,Graduate,Crawford,Semiurban,Y
LPP003518,161.0,360.0,0,No,5285,1430.0,1,Yes,Not Graduate,Luna,Semiurban,Y
LPP003519,94.0,360.0,0,No,2679,1302.0,1,No,Not Graduate,Smith,Semiurban,Y
LPP003520,130.0,360.0,0,No,6783,0.0,0,No,Not Graduate,Moran,Semiurban,Y
LPP003521,216.0,360.0,0,No,1025,5500.0,0,Yes,Graduate,Rodgers,Rural,Y
LPP003522,100.0,360.0,0,No,4281,0.0,3+,Yes,Graduate,Wiggins,Urban,Y
LPP003523,110.0,360.0,0,No,3588,0.0,2,No,Graduate,Barajas,Rural,N
LPP003524,196.0,360.0,0,No,11250,0.0,1,No,Graduate,Evans,Semiurban,N
LPP003525,125.0,360.0,0,Yes,18165,0.0,0,No,Not Graduate,Schneider,Urban,Y
LPP003526,126.0,360.0,0,No,2550,2042.0,0,No,Not Graduate,Green,Rural,Y
LPP003527,324.0,360.0,0,No,6133,3906.0,0,Yes,Graduate,Lewis,Urban,Y
LPP003528,107.0,360.0,0,No,3617,0.0,2,No,Graduate,Lewis,Semiurban,Y
LPP003529,66.0,360.0,0,No,2917,536.0,0,Yes,Not Graduate,Ward,Rural,N
LPP003530,157.0,180.0,0,No,6417,0.0,3+,Yes,Graduate,Ellison,Rural,Y
LPP003531,140.0,180.0,0,No,4608,2845.0,1,Yes,Graduate,White,Semiurban,Y
LPP003532,99.0,360.0,0,No,2138,0.0,0,No,Graduate,Watts,Semiurban,N
LPP003533,95.0,360.0,0,No,3652,0.0,1,No,Graduate,Patel,Semiurban,Y
LPP003534,128.0,360.0,0,No,2239,2524.0,1,Yes,Not Graduate,Drake,Urban,Y
LPP003535,102.0,360.0,0,No,3017,663.0,0,Yes,Not Graduate,Burton,Semiurban,Y
LPP003536,155.0,360.0,0,No,2768,1950.0,0,Yes,Graduate,Weiss,Rural,Y
LPP003537,80.0,36.0,0,No,3358,0.0,0,No,Not Graduate,Matthews,Semiurban,N
LPP003538,145.0,360.0,0,No,2526,1783.0,0,No,Graduate,Sweeney,Rural,Y
LPP003539,103.0,360.0,0,No,5000,0.0,0,No,Graduate,Parsons,Semiurban,N
LPP003540,110.0,360.0,0,No,2785,2016.0,0,Yes,Graduate,Munoz,Rural,Y
LPP003541,145.0,360.0,0,Yes,6633,0.0,2,Yes,Graduate,Johns,Rural,N
LPP003542,145.0,360.0,0,No,2492,2375.0,1,Yes,Not Graduate,Meyer,Rural,Y
LPP003543,158.0,360.0,0,No,3333,3250.0,1,Yes,Graduate,Garcia,Urban,Y
LPP003544,181.0,360.0,0,No,2454,2333.0,0,Yes,Not Graduate,Roberts,Urban,N
LPP003545,132.0,180.0,0,No,3593,4266.0,0,Yes,Graduate,Mcknight,Rural,N
LPP003546,26.0,360.0,0,No,5468,1032.0,1,Yes,Graduate,Perez,Semiurban,Y
LPP003547,84.0,360.0,0,No,2667,1625.0,0,No,Graduate,Wright,Urban,Y
LPP003548,260.0,360.0,0,Yes,10139,0.0,3+,Yes,Graduate,Rodriguez,Semiurban,Y
LPP003549,162.0,360.0,0,No,3887,2669.0,0,Yes,Graduate,Barr,Semiurban,Y
LPP003550,182.0,360.0,0,No,4180,2306.0,0,Yes,Graduate,Davis,Semiurban,Y
LPP003551,108.0,360.0,0,No,3675,242.0,2,Yes,Not Graduate,Gardner,Semiurban,Y
LPP003552,600.0,360.0,0,Yes,19484,0.0,1,Yes,Graduate,White,Semiurban,Y
LPP003553,211.0,360.0,0,No,5923,2054.0,0,Yes,Graduate,Johnson,Rural,Y
LPP003554,132.0,360.0,0,Yes,5800,0.0,0,No,Not Graduate,Peterson,Semiurban,Y
LPP003555,258.0,360.0,0,No,8799,0.0,2,Yes,Graduate,Brown,Urban,N
LPP003556,120.0,360.0,0,No,4467,0.0,0,Yes,Not Graduate,Miller,Rural,Y
LPP003557,70.0,360.0,0,No,3333,0.0,0,No,Graduate,Snyder,Urban,Y
LPP003558,123.0,360.0,0,No,3400,2500.0,3+,Yes,Graduate,Rios,Rural,N
LPP003559,9.0,360.0,0,No,2378,0.0,0,No,Graduate,Peters,Urban,N
LPP003560,104.0,360.0,0,No,3166,2064.0,0,Yes,Graduate,Fernandez,Urban,N
LPP003561,186.0,360.0,0,No,3417,1750.0,1,Yes,Graduate,Pennington,Urban,Y
LPP003562,165.0,360.0,0,No,5116,1451.0,0,Yes,Graduate,Davis,Urban,N
LPP003563,275.0,360.0,0,No,16666,0.0,2,Yes,Graduate,Dean,Urban,Y
LPP003564,187.0,480.0,0,No,6125,1625.0,2,Yes,Not Graduate,David,Semiurban,N
LPP003565,150.0,360.0,0,No,6406,0.0,3+,Yes,Graduate,Phillips,Semiurban,N
LPP003566,108.0,84.0,0,No,3159,461.0,2,Yes,Graduate,Crawford,Urban,Y
LPP003567,136.0,360.0,0,No,3087,2210.0,0,Yes,Graduate,Walton,Semiurban,N
LPP003568,110.0,360.0,0,No,3229,2739.0,0,No,Graduate,Smith,Urban,Y
LPP003569,107.0,360.0,0,No,1782,2232.0,1,Yes,Graduate,Navarro,Rural,Y
LPP003570,161.0,360.0,0,No,3182,2917.0,0,No,Graduate,Dean,Urban,Y
LPP003571,205.0,360.0,0,No,6540,0.0,2,Yes,Graduate,Carey,Semiurban,Y
LPP003572,90.0,360.0,0,No,1836,33837.0,0,No,Graduate,Bennett,Urban,N
LPP003573,36.0,360.0,0,No,3166,0.0,0,Yes,Graduate,Butler,Semiurban,Y
LPP003574,61.0,360.0,0,No,1880,0.0,1,Yes,Graduate,Miranda,Rural,N
LPP003575,146.0,360.0,0,No,2787,1917.0,1,Yes,Graduate,James,Rural,N
LPP003576,172.0,84.0,0,No,4283,3000.0,1,Yes,Graduate,Bridges,Rural,N
LPP003577,104.0,360.0,0,No,2297,1522.0,0,Yes,Graduate,Sanchez,Urban,Y
LPP003578,70.0,360.0,0,No,2165,0.0,0,No,Not Graduate,Barker,Semiurban,Y
LPP003579,94.0,360.0,0,No,4750,0.0,0,No,Graduate,Patterson,Semiurban,Y
LPP003580,106.0,360.0,0,Yes,2726,0.0,2,Yes,Graduate,Marks,Semiurban,N
LPP003581,56.0,180.0,0,No,3000,3416.0,0,Yes,Graduate,Byrd,Semiurban,Y
LPP003582,205.0,240.0,0,Yes,6000,0.0,2,Yes,Graduate,Hernandez,Semiurban,N
LPP003583,292.0,360.0,0,Yes,9357,0.0,3+,No,Graduate,Mckenzie,Semiurban,Y
LPP003584,142.0,180.0,0,No,3859,3300.0,0,Yes,Graduate,Hayes,Rural,Y
LPP003585,260.0,360.0,0,Yes,16120,0.0,0,Yes,Graduate,Love,Urban,Y
LPP003586,110.0,360.0,0,No,3833,0.0,0,No,Not Graduate,Morgan,Rural,Y
LPP003587,187.0,360.0,0,Yes,6383,1000.0,2,Yes,Not Graduate,Jefferson,Rural,N
LPP003588,88.0,360.0,0,No,2987,0.0,0,No,Graduate,Garcia,Semiurban,N
LPP003589,180.0,360.0,0,Yes,9963,0.0,0,Yes,Graduate,Walton,Rural,Y
LPP003590,192.0,360.0,0,No,5780,0.0,2,Yes,Graduate,Vance,Urban,Y
LPP003591,350.0,180.0,0,No,416,41667.0,3+,No,Graduate,Holder,Urban,N
LPP003592,155.0,360.0,0,No,2894,2792.0,0,Yes,Not Graduate,Riley,Rural,Y
LPP003593,128.0,360.0,0,No,5703,0.0,3+,Yes,Graduate,Lewis,Urban,Y
LPP003594,172.0,360.0,0,No,3676,4301.0,0,No,Graduate,Faulkner,Rural,Y
LPP003595,496.0,360.0,0,No,12000,0.0,1,Yes,Graduate,Walker,Semiurban,Y
LPP003596,145.0,180.0,0,No,2400,3800.0,0,Yes,Not Graduate,Barnes,Urban,N
LPP003597,173.0,360.0,0,No,3400,2500.0,1,Yes,Graduate,Byrd,Semiurban,Y
LPP003598,157.0,360.0,0,No,3987,1411.0,2,Yes,Not Graduate,Mata,Rural,Y
LPP003599,108.0,360.0,0,No,3232,1950.0,0,Yes,Graduate,Walsh,Rural,Y
LPP003600,71.0,360.0,0,No,2900,0.0,0,No,Graduate,Moore,Rural,Y
LPP003601,40.0,180.0,0,No,4106,0.0,3+,Yes,Graduate,Hammond,Rural,Y
LPP003602,253.0,360.0,0,No,8072,240.0,1,Yes,Graduate,Cooper,Urban,Y
LPP003603,187.0,360.0,0,No,7583,0.0,2,Yes,Graduate,Malone,Urban,Y
LPP003604,133.0,360.0,0,Yes,4583,0.0,0,No,Graduate,Snyder,Semiurban,N
LPP003605,145.0,360.0,0,No,5849,0.0,0,No,Graduate,Smith,Urban,Y
LPP003606,128.0,360.0,0,No,4583,1508.0,1,Yes,Graduate,Ramirez,Rural,N
LPP003607,66.0,360.0,0,Yes,3000,0.0,0,Yes,Graduate,Flores,Urban,Y
LPP003608,120.0,360.0,0,No,2583,2358.0,0,Yes,Not Graduate,Pope,Urban,Y
LPP003609,141.0,360.0,0,No,6000,0.0,0,No,Graduate,White,Urban,Y
LPP003610,267.0,360.0,0,Yes,5417,4196.0,2,Yes,Graduate,Olson,Urban,Y
LPP003611,95.0,360.0,0,No,2333,1516.0,0,Yes,Not Graduate,Johnson,Urban,Y
LPP003612,158.0,360.0,0,No,3036,2504.0,3+,Yes,Graduate,Cardenas,Semiurban,N
LPP003613,168.0,360.0,0,No,4006,1526.0,2,Yes,Graduate,Jimenez,Urban,Y
LPP003614,349.0,360.0,0,No,12841,10968.0,1,Yes,Graduate,Obrien,Semiurban,N
LPP003615,70.0,360.0,0,No,3200,700.0,2,Yes,Graduate,Smith,Urban,Y
LPP003616,109.0,360.0,0,No,2500,1840.0,2,Yes,Graduate,Garrett,Urban,Y
LPP003617,200.0,360.0,0,No,3073,8106.0,2,Yes,Graduate,Nielsen,Urban,Y
LPP003618,114.0,360.0,0,No,1853,2840.0,0,No,Graduate,Thornton,Rural,N
LPP003619,17.0,120.0,0,No,1299,1086.0,2,Yes,Graduate,Clark,Urban,Y
LPP003620,125.0,360.0,0,No,4950,0.0,0,No,Graduate,Black,Urban,Y
LPP003621,100.0,240.0,0,No,3596,0.0,1,No,Not Graduate,Willis,Urban,Y
LPP003622,76.0,360.0,0,No,3510,0.0,0,No,Graduate,Malone,Urban,N
LPP003623,133.0,360.0,0,No,4887,0.0,0,Yes,Not Graduate,Pena,Rural,N
LPP003624,115.0,342.0,0,No,2600,3500.0,0,Yes,Graduate,Ramirez,Urban,Y
LPP003625,104.0,360.0,0,No,7660,0.0,0,Yes,Not Graduate,Gardner,Urban,N
LPP003626,315.0,360.0,0,No,5955,5625.0,1,Yes,Graduate,Mata,Urban,Y
LPP003627,116.0,360.0,0,No,2600,1911.0,0,Yes,Not Graduate,Soto,Semiurban,N
LPP003628,112.0,360.0,0,No,3365,1917.0,2,Yes,Not Graduate,Rowe,Rural,N
LPP003629,151.0,360.0,0,No,3717,2925.0,1,Yes,Graduate,Hernandez,Semiurban,N
LPP003630,191.0,360.0,0,Yes,9560,0.0,0,Yes,Graduate,Johnson,Semiurban,Y
LPP003631,122.0,360.0,0,No,2799,2253.0,0,Yes,Graduate,White,Semiurban,Y
LPP003632,110.0,360.0,0,No,4226,1040.0,2,Yes,Not Graduate,Howard,Urban,Y
LPP003633,35.0,360.0,0,No,1442,0.0,0,No,Not Graduate,Henderson,Urban,N
LPP003634,120.0,360.0,0,No,3750,2083.0,2,No,Graduate,Tate,Semiurban,Y
LPP003635,201.0,360.0,0,No,4166,3369.0,1,Yes,Graduate,Jenkins,Urban,N
LPP003636,74.0,360.0,0,No,3167,0.0,0,No,Graduate,Joseph,Urban,N
LPP003637,106.0,360.0,0,Yes,4692,0.0,1,No,Graduate,Ferguson,Rural,N
LPP003638,114.0,360.0,0,No,3500,1667.0,0,Yes,Graduate,Gonzales,Semiurban,Y
LPP003639,320.0,360.0,0,No,12500,3000.0,3+,No,Graduate,Shea,Rural,N
LPP003640,145.0,360.0,0,No,2275,2067.0,0,Yes,Graduate,Washington,Urban,Y
LPP003641,100.0,342.0,0,No,1828,1330.0,0,Yes,Graduate,Lopez,Urban,N
LPP003642,144.0,360.0,0,No,3667,1459.0,0,Yes,Graduate,Mathews,Semiurban,Y
LPP003643,184.0,360.0,0,No,4166,7210.0,0,No,Graduate,Chandler,Urban,Y
LPP003644,110.0,360.0,0,No,3748,1668.0,0,No,Not Graduate,Pope,Semiurban,Y
LPP003645,80.0,360.0,0,No,3600,0.0,0,No,Graduate,Massey,Urban,N
LPP003646,47.0,360.0,0,No,1800,1213.0,0,No,Graduate,Gordon,Urban,Y
LPP003647,75.0,360.0,0,No,2400,0.0,0,Yes,Graduate,Garza,Urban,Y
LPP003648,134.0,360.0,0,No,3941,2336.0,0,Yes,Graduate,Burgess,Semiurban,Y
LPP003649,96.0,342.0,0,Yes,4695,0.0,0,Yes,Not Graduate,Thomas,Urban,Y
LPP003650,88.0,342.0,0,No,3410,0.0,0,No,Graduate,Hale,Urban,Y
LPP003651,44.0,360.0,0,No,5649,0.0,1,Yes,Graduate,Lee,Urban,Y
LPP003652,144.0,360.0,0,No,5821,0.0,0,Yes,Graduate,Tran,Urban,Y
LPP003653,120.0,360.0,0,No,2645,3440.0,0,Yes,Graduate,Bradley,Urban,N
LPP003654,144.0,360.0,0,No,4000,2275.0,0,No,Graduate,Thomas,Semiurban,Y
LPP003655,100.0,360.0,0,No,1928,1644.0,0,Yes,Not Graduate,Walker,Semiurban,Y
LPP003656,120.0,360.0,0,No,3086,0.0,0,No,Graduate,Williams,Semiurban,Y
LPP003657,112.0,360.0,0,No,4230,0.0,0,No,Graduate,Austin,Semiurban,N
LPP003658,134.0,360.0,0,No,4616,0.0,2,Yes,Graduate,Clark,Urban,N
LPP003659,286.0,360.0,0,Yes,11500,0.0,1,Yes,Graduate,Murphy,Urban,N
LPP003660,97.0,360.0,0,No,2708,1167.0,2,Yes,Graduate,Hudson,Semiurban,Y
LPP003661,96.0,360.0,0,No,2132,1591.0,0,Yes,Graduate,Cardenas,Semiurban,Y
LPP003662,135.0,360.0,0,No,3366,2200.0,0,Yes,Graduate,Schwartz,Rural,N
LPP003663,180.0,360.0,0,No,8080,2250.0,1,Yes,Graduate,Buchanan,Urban,Y
LPP003664,144.0,360.0,0,No,3357,2859.0,2,Yes,Not Graduate,Martinez,Urban,Y
LPP003665,120.0,360.0,0,No,2500,3796.0,0,Yes,Graduate,Brennan,Urban,Y
LPP003666,99.0,360.0,0,No,3029,0.0,3+,Yes,Graduate,Ellis,Urban,Y
LPP003667,165.0,180.0,0,Yes,2609,3449.0,0,Yes,Not Graduate,Holland,Rural,N
LPP003668,145.0,360.0,0,No,4945,0.0,1,Yes,Graduate,Beard,Rural,N
LPP003669,116.0,360.0,0,No,4166,0.0,0,No,Graduate,Hughes,Semiurban,N
LPP003670,258.0,360.0,0,No,5726,4595.0,0,Yes,Graduate,Duffy,Semiurban,N
LPP003671,126.0,180.0,0,No,3200,2254.0,0,No,Not Graduate,Randall,Urban,N
