contact,month,day_of_week,campaign,pdays,previous_stat,poutcome,id
telephone,jun,mon,3,ok,0,nonexistent,35295
cellular,jul,mon,3,999,0,nonexistent,10655
cellular,jul,wed,7,999,0,nonexistent,15618
cellular,may,thu,2,999,0,nonexistent,411
telephone,jun,wed,3,999,0,nonexistent,6267
cellular,apr,fri,1,999,0,nonexistent,25154
cellular,aug,tue,1,999,1,failure,38329
cellular,may,thu,1,999,1,failure,16788
cellular,aug,thu,1,999,0,nonexistent,7076
telephone,jun,fri,6,999,0,nonexistent,9831
telephone,may,wed,3,999,0,nonexistent,7596
cellular,jul,thu,1,999,0,nonexistent,18082
cellular,may,wed,4,999,0,nonexistent,39426
telephone,jun,wed,1,999,0,nonexistent,36019
cellular,jul,tue,14,999,1,failure,13092
cellular,mar,wed,3,999,0,nonexistent,16627
cellular,may,wed,2,999,1,failure,18615
cellular,jul,thu,1,999,1,failure,1352
telephone,may,wed,2,999,0,nonexistent,30455
telephone,may,thu,1,999,0,nonexistent,21378
cellular,jul,wed,2,999,0,nonexistent,28501
cellular,jul,wed,23,999,0,nonexistent,29200
cellular,apr,mon,1,999,1,failure,27194
telephone,may,tue,2,999,0,nonexistent,3489
cellular,jul,thu,4,999,0,nonexistent,10124
telephone,may,fri,1,999,0,nonexistent,26416
telephone,may,wed,2,999,0,nonexistent,10503
telephone,jun,fri,2,999,0,nonexistent,23410
cellular,aug,fri,3,999,0,nonexistent,38138
telephone,nov,mon,1,999,0,nonexistent,34515
telephone,may,mon,1,999,0,nonexistent,6104
telephone,may,wed,2,999,0,nonexistent,29823
cellular,aug,mon,1,999,1,failure,38725
cellular,aug,fri,1,999,0,nonexistent,6582
telephone,may,tue,5,999,0,nonexistent,5116
telephone,may,wed,4,999,0,nonexistent,8167
telephone,dec,mon,6,999,0,nonexistent,10962
cellular,jun,thu,4,999,1,failure,22201
cellular,may,fri,2,999,0,nonexistent,30426
cellular,may,thu,2,999,0,nonexistent,6441
cellular,aug,tue,1,999,0,nonexistent,32211
cellular,aug,thu,2,999,0,nonexistent,37600
cellular,nov,fri,4,999,1,success,25409
telephone,may,fri,2,999,0,nonexistent,4301
cellular,aug,tue,1,999,0,nonexistent,25057
telephone,may,wed,1,999,0,nonexistent,1967
cellular,may,tue,1,999,0,nonexistent,10422
telephone,may,wed,1,999,0,nonexistent,36063
cellular,may,tue,1,999,0,nonexistent,38067
cellular,jul,wed,1,999,0,nonexistent,533
cellular,aug,thu,1,999,0,nonexistent,31444
telephone,may,tue,1,999,0,nonexistent,39581
cellular,aug,thu,2,999,0,nonexistent,12007
cellular,may,tue,4,999,1,failure,29995
cellular,mar,tue,1,999,0,nonexistent,22683
cellular,may,thu,1,999,1,failure,10171
cellular,apr,thu,1,999,0,nonexistent,14072
cellular,nov,wed,2,3,0,nonexistent,21417
cellular,jul,wed,1,999,0,nonexistent,22590
cellular,jul,mon,11,999,0,nonexistent,3658
cellular,jul,fri,5,999,0,nonexistent,35382
telephone,may,fri,1,999,0,nonexistent,38012
cellular,nov,fri,1,999,0,nonexistent,31277
cellular,may,thu,4,999,0,nonexistent,4676
cellular,may,mon,3,999,0,nonexistent,1809
cellular,jul,mon,7,999,0,nonexistent,30351
telephone,jun,fri,5,999,0,nonexistent,24275
cellular,jul,thu,1,999,0,nonexistent,6918
telephone,may,tue,1,999,0,nonexistent,39661
telephone,may,tue,1,999,1,failure,5552
cellular,aug,tue,1,999,0,nonexistent,25463
telephone,jun,tue,3,999,0,nonexistent,24584
cellular,may,mon,2,999,0,nonexistent,4179
cellular,may,wed,2,999,1,failure,32673
telephone,jun,fri,4,999,1,failure,410
telephone,may,wed,2,999,0,nonexistent,39947
cellular,aug,tue,2,999,1,failure,40225
telephone,may,wed,5,999,0,nonexistent,8533
cellular,aug,wed,1,999,0,nonexistent,28871
cellular,jul,wed,2,999,0,nonexistent,17321
cellular,jul,thu,3,999,0,nonexistent,8738
telephone,jul,mon,4,999,0,nonexistent,2239
cellular,nov,mon,1,999,1,failure,7481
telephone,jun,wed,1,999,0,nonexistent,38799
cellular,may,fri,1,999,0,nonexistent,15050
telephone,jun,tue,2,999,0,nonexistent,20843
telephone,may,tue,1,999,1,failure,22577
cellular,aug,tue,3,999,0,nonexistent,37037
cellular,apr,fri,1,999,0,nonexistent,3898
cellular,may,fri,7,999,0,nonexistent,21273
cellular,nov,mon,1,999,0,nonexistent,4646
telephone,may,wed,2,999,0,nonexistent,33017
cellular,may,wed,3,999,0,nonexistent,26669
cellular,apr,wed,2,999,0,nonexistent,29977
cellular,jul,mon,2,999,0,nonexistent,24507
cellular,dec,wed,1,999,0,nonexistent,17898
cellular,jul,thu,1,999,0,nonexistent,7539
cellular,apr,mon,2,999,1,failure,28115
cellular,may,wed,3,7,0,nonexistent,16294
cellular,apr,mon,1,999,0,nonexistent,19202
cellular,aug,thu,5,999,0,nonexistent,20510
cellular,may,mon,3,999,0,nonexistent,27287
cellular,apr,thu,1,999,1,failure,4620
cellular,jul,mon,3,999,0,nonexistent,24432
cellular,jul,fri,3,999,0,nonexistent,31734
telephone,may,mon,2,999,0,nonexistent,16980
cellular,may,tue,1,999,0,nonexistent,15779
cellular,aug,fri,3,999,0,nonexistent,17714
telephone,jun,thu,1,999,0,nonexistent,22520
cellular,apr,tue,3,999,0,nonexistent,37925
telephone,jun,tue,3,999,1,failure,20387
cellular,aug,tue,1,999,0,nonexistent,14060
telephone,jun,wed,13,999,0,nonexistent,39372
cellular,aug,tue,1,9,0,nonexistent,16158
cellular,nov,tue,1,999,0,nonexistent,21162
cellular,mar,wed,1,999,0,nonexistent,20835
cellular,may,fri,10,999,0,nonexistent,36325
telephone,jul,thu,1,999,1,failure,9863
cellular,may,wed,1,999,1,failure,34920
cellular,nov,fri,2,999,0,nonexistent,7127
cellular,may,fri,1,999,0,nonexistent,19605
cellular,aug,mon,2,999,0,nonexistent,35686
cellular,apr,thu,1,999,0,nonexistent,25327
cellular,aug,thu,17,999,0,nonexistent,5190
telephone,may,tue,4,999,0,nonexistent,35053
telephone,may,fri,1,999,1,failure,11989
cellular,may,mon,4,999,1,failure,28881
telephone,may,tue,2,999,0,nonexistent,15590
cellular,oct,mon,3,999,0,nonexistent,14233
cellular,apr,mon,1,999,1,success,27267
cellular,jun,mon,1,999,0,nonexistent,16293
cellular,jul,thu,2,999,1,failure,40008
telephone,may,mon,1,999,0,nonexistent,15562
cellular,nov,wed,1,999,0,nonexistent,1615
cellular,nov,thu,1,999,1,failure,25820
cellular,jul,thu,3,999,0,nonexistent,28427
telephone,jun,fri,7,999,0,nonexistent,21829
cellular,nov,fri,2,3,0,nonexistent,13259
cellular,nov,wed,5,999,0,nonexistent,13557
cellular,may,wed,3,6,0,nonexistent,34719
cellular,jul,fri,1,999,0,nonexistent,30086
cellular,aug,fri,2,999,0,nonexistent,4228
telephone,may,tue,17,999,0,nonexistent,39690
telephone,may,tue,2,999,0,nonexistent,38265
cellular,may,mon,1,999,0,nonexistent,33456
cellular,aug,thu,1,999,0,nonexistent,38232
cellular,oct,mon,1,999,0,nonexistent,15866
telephone,oct,tue,1,999,0,nonexistent,6917
cellular,nov,mon,3,999,0,nonexistent,35672
telephone,may,mon,2,999,0,nonexistent,33990
telephone,jun,wed,1,999,1,failure,17471
telephone,may,tue,3,999,1,failure,32597
cellular,aug,fri,1,999,0,nonexistent,30027
cellular,nov,tue,1,999,0,nonexistent,24423
cellular,aug,mon,1,999,1,failure,10388
cellular,may,tue,1,999,0,nonexistent,11865
cellular,jun,tue,4,3,0,nonexistent,30354
telephone,may,thu,2,999,0,nonexistent,39350
telephone,jun,fri,22,999,0,nonexistent,1516
telephone,jul,wed,6,999,0,nonexistent,2260
telephone,jun,thu,2,999,0,nonexistent,295
telephone,may,mon,12,999,0,nonexistent,34133
cellular,jul,mon,13,999,0,nonexistent,869
telephone,jun,tue,1,999,1,failure,22159
telephone,may,mon,2,999,0,nonexistent,40792
telephone,jul,thu,12,999,0,nonexistent,39054
telephone,may,tue,2,999,0,nonexistent,28994
cellular,aug,fri,1,999,0,nonexistent,1040
cellular,aug,mon,4,999,0,nonexistent,30954
cellular,may,thu,1,999,1,failure,5836
telephone,may,fri,1,999,0,nonexistent,24131
cellular,aug,tue,1,999,0,nonexistent,14526
cellular,may,wed,3,999,0,nonexistent,5536
cellular,may,thu,5,999,1,failure,12593
cellular,may,mon,3,999,0,nonexistent,22209
cellular,aug,tue,1,999,0,nonexistent,22374
cellular,aug,wed,1,999,0,nonexistent,5096
cellular,may,wed,2,999,0,nonexistent,15577
cellular,aug,thu,15,999,0,nonexistent,33063
cellular,jul,wed,4,999,0,nonexistent,19875
telephone,may,tue,4,999,0,nonexistent,29424
telephone,may,mon,5,999,0,nonexistent,30338
cellular,may,thu,2,999,1,failure,14151
cellular,jul,thu,1,999,0,nonexistent,8847
telephone,may,mon,2,999,0,nonexistent,33213
telephone,jun,thu,24,999,0,nonexistent,30933
telephone,may,tue,1,999,0,nonexistent,13084
telephone,may,wed,5,999,0,nonexistent,13425
cellular,may,mon,1,999,0,nonexistent,4846
telephone,jun,fri,1,999,0,nonexistent,21
cellular,may,tue,5,999,0,nonexistent,21865
cellular,sep,fri,1,6,1,failure,8083
cellular,jul,tue,2,999,0,nonexistent,37706
telephone,may,thu,2,999,0,nonexistent,8619
telephone,may,tue,3,999,0,nonexistent,2468
cellular,aug,tue,2,999,0,nonexistent,36765
cellular,jul,wed,1,999,0,nonexistent,35294
cellular,jun,wed,1,999,1,failure,11630
cellular,may,mon,3,999,0,nonexistent,35888
telephone,may,wed,2,999,0,nonexistent,40397
cellular,aug,mon,3,999,0,nonexistent,26224
cellular,jul,thu,1,999,0,nonexistent,9740
cellular,nov,mon,1,999,0,nonexistent,32841
cellular,jul,thu,1,11,0,nonexistent,33643
cellular,may,wed,2,999,0,nonexistent,5433
cellular,nov,wed,1,999,0,nonexistent,40877
cellular,mar,wed,2,999,0,nonexistent,36891
telephone,jun,fri,2,999,1,failure,23814
telephone,jun,wed,5,999,0,nonexistent,9593
cellular,jul,wed,1,999,0,nonexistent,9668
cellular,nov,fri,2,999,0,nonexistent,27099
telephone,may,fri,3,999,0,nonexistent,26551
telephone,jun,fri,2,999,0,nonexistent,5746
cellular,aug,thu,1,999,0,nonexistent,39848
cellular,aug,fri,1,999,0,nonexistent,19183
cellular,aug,tue,3,6,0,nonexistent,35871
cellular,aug,fri,2,999,0,nonexistent,24219
telephone,may,fri,1,999,0,nonexistent,1922
cellular,nov,mon,1,999,0,nonexistent,18155
cellular,jul,tue,1,999,0,nonexistent,2413
telephone,may,tue,1,999,0,nonexistent,16215
telephone,oct,tue,1,999,1,failure,9750
cellular,may,tue,1,999,0,nonexistent,6670
cellular,may,thu,2,999,1,success,740
telephone,may,fri,1,999,0,nonexistent,21566
cellular,apr,thu,1,999,0,nonexistent,11071
cellular,jul,wed,1,999,0,nonexistent,26809
cellular,aug,fri,1,999,1,failure,17084
telephone,may,thu,1,999,0,nonexistent,36262
cellular,aug,mon,1,999,0,nonexistent,40206
telephone,may,thu,1,999,0,nonexistent,20197
cellular,aug,fri,1,999,0,nonexistent,28930
telephone,jun,fri,16,999,0,nonexistent,18095
telephone,jul,mon,1,999,0,nonexistent,21392
cellular,apr,thu,2,999,0,nonexistent,27498
telephone,jun,thu,2,999,1,failure,5042
telephone,may,thu,1,999,1,failure,1724
cellular,may,thu,2,7,0,nonexistent,20673
cellular,apr,thu,1,999,0,nonexistent,3917
cellular,aug,fri,3,999,0,nonexistent,24259
telephone,mar,wed,7,999,0,nonexistent,23250
cellular,aug,thu,10,999,0,nonexistent,37871
telephone,jun,tue,1,999,0,nonexistent,27634
telephone,jun,thu,2,999,0,nonexistent,38493
cellular,jul,tue,5,999,1,failure,10113
telephone,may,mon,4,999,1,failure,20103
telephone,may,thu,1,999,1,failure,18452
cellular,jul,mon,1,999,0,nonexistent,6683
telephone,may,wed,1,999,0,nonexistent,14328
cellular,mar,tue,1,999,0,nonexistent,1469
telephone,jul,mon,2,999,0,nonexistent,26434
cellular,jul,tue,3,999,0,nonexistent,23571
cellular,aug,mon,1,999,0,nonexistent,21292
cellular,jul,tue,1,999,0,nonexistent,37199
telephone,may,fri,3,999,0,nonexistent,40625
telephone,may,tue,1,999,1,failure,27668
cellular,apr,mon,1,999,0,nonexistent,26944
telephone,may,tue,1,999,0,nonexistent,23172
telephone,may,fri,2,999,1,failure,14121
cellular,may,thu,1,999,0,nonexistent,10922
telephone,jul,wed,3,999,0,nonexistent,14457
cellular,aug,mon,2,999,1,failure,19992
cellular,may,mon,2,12,0,nonexistent,19465
telephone,jun,fri,1,999,0,nonexistent,21669
cellular,aug,tue,2,999,1,failure,7326
cellular,aug,wed,4,999,0,nonexistent,14797
cellular,aug,fri,1,999,1,failure,15645
cellular,may,thu,2,999,0,nonexistent,29303
telephone,jun,wed,3,999,0,nonexistent,25550
cellular,nov,tue,2,999,0,nonexistent,20455
telephone,jun,wed,4,999,1,failure,30467
cellular,nov,thu,1,999,0,nonexistent,23666
telephone,may,fri,2,999,0,nonexistent,40002
cellular,nov,mon,1,999,0,nonexistent,15501
cellular,aug,mon,5,999,0,nonexistent,25771
telephone,may,wed,2,999,0,nonexistent,10850
telephone,may,tue,2,999,0,nonexistent,16891
cellular,apr,thu,2,999,0,nonexistent,16
cellular,jul,thu,7,999,0,nonexistent,23695
cellular,nov,tue,5,999,0,nonexistent,40629
cellular,apr,wed,1,999,0,nonexistent,32469
telephone,jun,tue,2,999,0,nonexistent,34720
cellular,aug,thu,4,999,0,nonexistent,1702
cellular,jul,thu,1,999,0,nonexistent,4369
cellular,jul,mon,2,999,0,nonexistent,5316
cellular,may,fri,1,999,0,nonexistent,3016
cellular,jul,tue,5,999,0,nonexistent,37122
cellular,apr,mon,1,999,0,nonexistent,37969
telephone,jun,tue,1,999,0,nonexistent,40029
telephone,may,wed,2,999,0,nonexistent,17715
telephone,may,fri,2,999,0,nonexistent,18255
cellular,nov,fri,2,999,0,nonexistent,12419
cellular,may,mon,4,999,0,nonexistent,7652
cellular,jul,thu,1,999,0,nonexistent,15918
cellular,jul,mon,3,999,0,nonexistent,14809
cellular,may,mon,1,999,0,nonexistent,955
telephone,may,thu,2,999,0,nonexistent,21782
cellular,jul,wed,4,999,1,failure,4607
cellular,nov,wed,1,999,0,nonexistent,39589
cellular,may,thu,2,999,0,nonexistent,40710
telephone,may,thu,4,999,0,nonexistent,27903
cellular,may,tue,8,999,0,nonexistent,40823
cellular,jul,wed,3,999,0,nonexistent,27960
telephone,may,fri,3,999,0,nonexistent,38429
telephone,jul,thu,1,999,0,nonexistent,17495
cellular,nov,tue,1,999,0,nonexistent,32272
cellular,nov,thu,2,999,0,nonexistent,4298
cellular,aug,fri,3,999,0,nonexistent,38512
telephone,may,tue,1,999,0,nonexistent,6393
telephone,may,thu,2,999,0,nonexistent,19971
cellular,may,thu,1,999,0,nonexistent,17837
telephone,jun,tue,2,999,0,nonexistent,20310
cellular,mar,fri,1,999,0,nonexistent,10261
cellular,aug,wed,4,999,0,nonexistent,35097
cellular,aug,tue,5,999,0,nonexistent,20164
cellular,jun,mon,3,999,0,nonexistent,27373
telephone,may,mon,2,999,0,nonexistent,26687
telephone,may,fri,2,999,0,nonexistent,12964
cellular,nov,thu,1,999,0,nonexistent,31078
cellular,jun,wed,1,999,0,nonexistent,11514
cellular,aug,mon,5,999,0,nonexistent,31213
telephone,may,mon,4,999,0,nonexistent,5226
cellular,oct,mon,2,3,0,nonexistent,16053
telephone,may,tue,1,999,0,nonexistent,21354
telephone,jun,thu,2,999,0,nonexistent,19734
telephone,nov,fri,3,999,0,nonexistent,10504
cellular,jul,tue,2,999,0,nonexistent,34764
telephone,may,thu,1,999,1,failure,4925
telephone,may,wed,1,999,0,nonexistent,39441
telephone,may,fri,4,999,0,nonexistent,28003
telephone,may,tue,1,999,1,failure,32170
cellular,jul,thu,5,999,0,nonexistent,19891
cellular,dec,mon,1,6,1,failure,22411
cellular,nov,fri,1,999,0,nonexistent,27086
telephone,nov,tue,1,999,1,failure,8404
cellular,jul,fri,1,999,1,failure,37332
cellular,jul,fri,3,999,0,nonexistent,17439
telephone,may,fri,2,999,1,failure,3312
telephone,jun,fri,1,999,0,nonexistent,30487
cellular,aug,thu,3,999,0,nonexistent,17692
cellular,nov,thu,1,999,0,nonexistent,21242
cellular,may,wed,1,999,0,nonexistent,32349
cellular,nov,mon,1,999,0,nonexistent,36244
cellular,apr,fri,2,999,0,nonexistent,33658
cellular,aug,mon,2,999,1,failure,28153
cellular,may,thu,1,999,0,nonexistent,14599
telephone,may,fri,2,999,0,nonexistent,38150
cellular,may,thu,1,999,1,failure,34794
cellular,jul,fri,1,3,0,nonexistent,19553
cellular,aug,thu,4,999,0,nonexistent,24019
telephone,jun,tue,1,999,0,nonexistent,41010
cellular,jul,wed,1,999,0,nonexistent,3549
cellular,jul,wed,1,999,0,nonexistent,17650
telephone,may,wed,2,999,1,failure,22044
cellular,nov,wed,1,999,0,nonexistent,34916
cellular,nov,wed,1,999,0,nonexistent,13115
telephone,may,wed,7,999,1,failure,7630
telephone,apr,thu,1,4,0,nonexistent,19415
cellular,may,fri,1,999,0,nonexistent,11643
cellular,apr,thu,1,999,1,failure,19935
telephone,jun,wed,21,999,1,failure,29335
cellular,nov,thu,1,999,0,nonexistent,21736
cellular,aug,wed,1,999,0,nonexistent,19663
cellular,aug,thu,3,999,0,nonexistent,35994
telephone,jun,mon,1,999,0,nonexistent,34247
telephone,jun,wed,1,999,0,nonexistent,23046
cellular,may,fri,2,999,0,nonexistent,28520
telephone,jun,wed,10,999,0,nonexistent,34228
cellular,nov,wed,3,999,0,nonexistent,12902
cellular,jul,thu,3,999,1,success,24374
cellular,nov,fri,1,999,1,failure,28429
telephone,jun,thu,1,999,1,failure,40413
cellular,apr,thu,2,999,1,failure,4058
telephone,may,thu,1,999,0,nonexistent,8067
telephone,jul,tue,1,999,0,nonexistent,34180
telephone,nov,thu,1,999,0,nonexistent,31964
telephone,jul,tue,2,999,0,nonexistent,25312
cellular,jul,tue,1,999,0,nonexistent,20206
cellular,jul,thu,1,999,0,nonexistent,10026
telephone,jun,fri,3,999,0,nonexistent,16786
cellular,aug,mon,3,999,0,nonexistent,30024
cellular,aug,wed,6,999,0,nonexistent,3679
cellular,jul,mon,1,999,0,nonexistent,31918
cellular,aug,tue,2,999,0,nonexistent,9701
cellular,jul,thu,4,999,0,nonexistent,7692
telephone,may,thu,6,999,0,nonexistent,13658
telephone,may,tue,2,999,0,nonexistent,29824
telephone,jul,fri,1,999,0,nonexistent,11565
cellular,jul,thu,5,999,0,nonexistent,22518
cellular,nov,tue,1,999,0,nonexistent,7044
cellular,apr,thu,6,999,0,nonexistent,453
cellular,apr,wed,1,999,0,nonexistent,7214
telephone,may,mon,1,999,0,nonexistent,36956
telephone,jul,tue,1,999,0,nonexistent,30557
cellular,jul,tue,1,999,0,nonexistent,15206
cellular,may,tue,4,999,0,nonexistent,41027
telephone,jun,mon,2,999,0,nonexistent,38574
cellular,aug,fri,1,4,0,nonexistent,16060
cellular,aug,tue,5,999,0,nonexistent,18320
cellular,apr,tue,1,999,0,nonexistent,35620
cellular,nov,fri,3,999,0,nonexistent,40009
cellular,sep,fri,1,999,1,failure,27334
cellular,jul,fri,1,999,0,nonexistent,10836
telephone,may,tue,1,999,1,failure,1936
telephone,may,mon,3,999,0,nonexistent,25148
cellular,apr,mon,1,999,0,nonexistent,7374
cellular,aug,tue,1,999,0,nonexistent,6089
telephone,jun,mon,3,999,0,nonexistent,27873
cellular,nov,wed,1,999,0,nonexistent,25886
telephone,may,mon,1,999,0,nonexistent,10458
telephone,jun,tue,2,999,0,nonexistent,12916
telephone,may,fri,3,999,0,nonexistent,8686
cellular,apr,thu,2,5,1,failure,18388
telephone,may,mon,4,999,0,nonexistent,21478
telephone,aug,wed,11,999,0,nonexistent,26002
cellular,nov,fri,2,999,0,nonexistent,10889
telephone,may,thu,4,999,0,nonexistent,18527
cellular,aug,fri,5,3,0,nonexistent,6803
cellular,may,fri,1,999,0,nonexistent,18104
cellular,nov,thu,1,999,0,nonexistent,24268
cellular,aug,tue,5,999,0,nonexistent,30678
telephone,may,thu,2,999,1,failure,7670
cellular,apr,tue,1,999,0,nonexistent,28425
telephone,may,tue,1,999,1,failure,33594
cellular,aug,thu,2,999,0,nonexistent,38559
cellular,apr,fri,1,999,0,nonexistent,13642
telephone,may,mon,1,999,0,nonexistent,14581
cellular,jul,thu,1,999,0,nonexistent,6169
cellular,aug,thu,15,999,1,failure,40740
telephone,jul,thu,1,999,0,nonexistent,34444
telephone,may,tue,1,999,0,nonexistent,24555
cellular,nov,thu,2,999,1,failure,35958
cellular,jul,mon,3,999,0,nonexistent,37090
cellular,aug,wed,1,999,0,nonexistent,22463
telephone,jun,thu,3,999,0,nonexistent,10330
cellular,may,thu,3,999,0,nonexistent,16359
telephone,may,wed,1,999,0,nonexistent,7114
cellular,jul,fri,7,999,1,failure,20473
cellular,jul,mon,3,999,0,nonexistent,12112
cellular,aug,wed,1,999,0,nonexistent,30031
cellular,jul,mon,4,999,0,nonexistent,20476
cellular,jul,wed,1,999,0,nonexistent,36274
cellular,mar,thu,2,999,1,failure,38637
telephone,jun,wed,1,999,0,nonexistent,5915
telephone,may,fri,2,999,0,nonexistent,27253
cellular,aug,thu,4,999,0,nonexistent,1777
cellular,aug,wed,2,999,0,nonexistent,8929
telephone,oct,wed,1,999,1,failure,35796
cellular,apr,mon,1,999,0,nonexistent,2408
telephone,jun,fri,4,999,0,nonexistent,456
cellular,sep,fri,1,999,0,nonexistent,21796
telephone,jul,mon,3,999,0,nonexistent,19549
cellular,may,thu,2,999,0,nonexistent,31956
telephone,jun,mon,1,999,0,nonexistent,6056
cellular,apr,tue,1,999,0,nonexistent,40804
telephone,may,mon,1,999,0,nonexistent,26766
cellular,aug,tue,2,999,1,failure,19670
cellular,apr,thu,1,999,0,nonexistent,19608
cellular,jun,tue,1,999,0,nonexistent,29608
cellular,jul,thu,1,999,0,nonexistent,24037
telephone,jun,fri,4,999,0,nonexistent,22153
cellular,aug,wed,5,999,0,nonexistent,36461
cellular,jul,thu,2,999,0,nonexistent,30728
telephone,jun,tue,1,999,0,nonexistent,15389
telephone,may,wed,1,999,0,nonexistent,3828
cellular,jul,wed,1,999,0,nonexistent,17366
telephone,may,tue,3,999,0,nonexistent,37611
telephone,may,wed,1,999,0,nonexistent,36453
cellular,jul,thu,3,999,0,nonexistent,16338
telephone,may,fri,3,999,0,nonexistent,10763
cellular,may,tue,1,999,0,nonexistent,30402
cellular,nov,fri,1,999,0,nonexistent,27646
cellular,aug,thu,1,999,0,nonexistent,32765
telephone,may,tue,2,999,0,nonexistent,4962
cellular,jul,fri,2,999,1,failure,1762
cellular,nov,tue,1,999,0,nonexistent,38363
telephone,may,mon,1,999,1,failure,36051
telephone,may,wed,4,999,0,nonexistent,37224
telephone,jun,mon,1,999,0,nonexistent,14548
cellular,oct,wed,1,999,0,nonexistent,17417
cellular,jul,wed,2,999,0,nonexistent,38722
telephone,jun,thu,2,999,0,nonexistent,27199
telephone,may,mon,1,999,0,nonexistent,35788
cellular,may,mon,5,999,0,nonexistent,1487
cellular,may,fri,1,999,0,nonexistent,448
telephone,may,mon,1,999,0,nonexistent,16758
cellular,nov,fri,5,999,0,nonexistent,34596
telephone,jun,fri,9,999,0,nonexistent,4325
cellular,aug,tue,1,999,0,nonexistent,33129
cellular,oct,mon,1,999,0,nonexistent,19054
cellular,nov,fri,3,999,0,nonexistent,31594
cellular,nov,wed,1,999,0,nonexistent,34668
cellular,may,tue,2,999,0,nonexistent,992
telephone,may,tue,1,999,0,nonexistent,2206
cellular,jul,wed,1,999,0,nonexistent,5267
telephone,may,thu,2,999,0,nonexistent,26660
telephone,oct,fri,4,999,0,nonexistent,41041
cellular,sep,thu,1,3,0,nonexistent,33054
telephone,jun,mon,1,999,0,nonexistent,5270
cellular,may,mon,6,999,0,nonexistent,3014
telephone,may,fri,1,999,0,nonexistent,20361
cellular,aug,fri,1,999,0,nonexistent,38583
cellular,nov,thu,2,999,0,nonexistent,18004
cellular,mar,mon,2,999,1,failure,27945
cellular,may,mon,1,999,0,nonexistent,14642
cellular,nov,wed,1,999,0,nonexistent,16585
cellular,aug,mon,1,999,0,nonexistent,23300
cellular,jul,fri,2,999,0,nonexistent,199
cellular,jul,thu,5,999,0,nonexistent,33630
cellular,jul,thu,1,999,0,nonexistent,12163
cellular,aug,tue,1,999,0,nonexistent,8236
cellular,may,tue,1,999,0,nonexistent,38105
telephone,may,thu,6,999,0,nonexistent,15462
telephone,may,thu,4,999,0,nonexistent,7473
telephone,jun,mon,1,999,0,nonexistent,32152
cellular,aug,thu,2,999,0,nonexistent,6959
cellular,jul,thu,1,999,0,nonexistent,25669
cellular,apr,thu,2,999,0,nonexistent,10368
telephone,jun,fri,3,999,0,nonexistent,8012
cellular,mar,thu,1,3,0,nonexistent,11311
cellular,jul,tue,5,999,0,nonexistent,16698
cellular,nov,wed,2,999,0,nonexistent,40919
telephone,may,fri,1,999,0,nonexistent,34871
cellular,apr,fri,2,999,0,nonexistent,9231
telephone,may,wed,1,999,1,failure,30400
cellular,aug,thu,1,999,0,nonexistent,23704
telephone,jun,wed,5,999,0,nonexistent,13252
cellular,jul,wed,1,999,0,nonexistent,29857
cellular,aug,thu,2,999,1,failure,35523
cellular,may,mon,2,999,0,nonexistent,22940
cellular,jul,thu,1,999,0,nonexistent,20301
telephone,may,wed,2,999,1,failure,25816
cellular,may,tue,1,999,1,failure,21723
telephone,nov,tue,1,999,0,nonexistent,40855
telephone,may,thu,1,999,1,failure,569
cellular,nov,fri,3,999,1,failure,28688
cellular,aug,wed,1,999,0,nonexistent,32558
telephone,aug,wed,7,999,0,nonexistent,17815
telephone,may,wed,7,999,0,nonexistent,23283
telephone,jun,mon,2,999,0,nonexistent,10217
cellular,jul,mon,3,999,0,nonexistent,6995
cellular,jul,thu,1,999,1,failure,7706
cellular,may,tue,4,999,0,nonexistent,35600
telephone,jun,tue,2,999,0,nonexistent,22717
telephone,jun,tue,1,999,0,nonexistent,36636
telephone,may,thu,1,999,1,failure,1971
cellular,jul,wed,1,999,0,nonexistent,4291
telephone,may,wed,5,999,0,nonexistent,36600
telephone,jul,tue,3,999,0,nonexistent,1727
cellular,jul,mon,3,999,0,nonexistent,29325
telephone,jun,thu,1,999,0,nonexistent,31324
cellular,may,mon,4,999,0,nonexistent,25015
cellular,aug,tue,1,999,0,nonexistent,1883
cellular,jul,mon,7,999,0,nonexistent,35954
telephone,jun,mon,1,999,0,nonexistent,10792
telephone,may,wed,2,999,0,nonexistent,1599
telephone,jun,wed,4,999,0,nonexistent,32417
cellular,jun,tue,1,999,0,nonexistent,2439
cellular,jul,mon,2,999,0,nonexistent,40786
cellular,apr,wed,2,999,1,failure,17570
cellular,aug,fri,1,999,0,nonexistent,39564
cellular,aug,tue,1,5,0,nonexistent,6340
cellular,aug,mon,2,999,1,failure,11264
cellular,jul,wed,1,999,0,nonexistent,5346
cellular,jul,thu,2,9,0,nonexistent,4624
cellular,jun,tue,2,999,0,nonexistent,24026
cellular,jul,thu,1,999,0,nonexistent,13291
telephone,jun,mon,10,999,0,nonexistent,23474
cellular,apr,fri,5,999,0,nonexistent,19055
cellular,aug,tue,2,999,0,nonexistent,1513
cellular,jul,mon,4,999,0,nonexistent,33899
telephone,jul,thu,7,999,0,nonexistent,2812
telephone,may,wed,3,999,0,nonexistent,33606
cellular,oct,fri,2,999,1,failure,18225
telephone,jun,wed,30,999,0,nonexistent,25597
telephone,jun,thu,4,999,0,nonexistent,31533
cellular,nov,mon,2,999,0,nonexistent,20593
telephone,may,mon,1,999,0,nonexistent,14913
cellular,jul,mon,4,999,0,nonexistent,20076
cellular,jul,wed,4,999,1,failure,37861
telephone,may,wed,2,999,1,success,9856
cellular,aug,thu,1,999,0,nonexistent,3988
cellular,apr,wed,1,999,0,nonexistent,7418
cellular,aug,mon,4,999,0,nonexistent,29217
telephone,may,thu,1,999,0,nonexistent,19471
cellular,aug,wed,3,999,0,nonexistent,18991
cellular,aug,tue,4,999,0,nonexistent,39138
telephone,jul,tue,8,999,0,nonexistent,34426
cellular,jul,thu,1,999,0,nonexistent,10829
cellular,mar,tue,1,999,0,nonexistent,19086
cellular,nov,wed,2,999,0,nonexistent,35473
telephone,may,thu,1,999,0,nonexistent,18464
cellular,jul,fri,4,8,0,nonexistent,17823
cellular,may,wed,1,999,0,nonexistent,19050
cellular,apr,mon,2,999,0,nonexistent,3713
cellular,aug,thu,4,999,0,nonexistent,14534
cellular,oct,tue,2,12,1,success,5846
cellular,dec,thu,2,999,0,nonexistent,39497
cellular,aug,tue,1,999,0,nonexistent,26050
telephone,may,fri,2,999,0,nonexistent,20639
cellular,nov,thu,6,999,0,nonexistent,16142
telephone,may,tue,1,999,0,nonexistent,37183
telephone,jul,fri,1,999,0,nonexistent,33298
telephone,may,mon,2,999,0,nonexistent,9938
telephone,jun,tue,7,999,0,nonexistent,23563
cellular,aug,wed,1,999,0,nonexistent,38434
cellular,aug,mon,2,999,1,failure,13578
cellular,may,mon,2,999,1,failure,25764
telephone,may,fri,9,999,0,nonexistent,37369
cellular,jul,thu,1,999,0,nonexistent,8802
cellular,oct,thu,2,999,0,nonexistent,17622
cellular,aug,fri,1,999,0,nonexistent,14971
cellular,aug,fri,2,999,0,nonexistent,1462
telephone,may,mon,2,999,0,nonexistent,23223
cellular,may,fri,2,999,0,nonexistent,6804
cellular,aug,thu,2,999,0,nonexistent,8320
cellular,nov,tue,1,999,0,nonexistent,15507
cellular,apr,mon,2,999,0,nonexistent,37750
telephone,jun,tue,1,999,0,nonexistent,6405
telephone,jun,thu,1,999,0,nonexistent,13878
cellular,may,thu,6,999,0,nonexistent,33489
cellular,apr,mon,1,999,0,nonexistent,37123
cellular,aug,thu,3,999,0,nonexistent,38495
telephone,may,wed,1,999,0,nonexistent,31289
telephone,may,thu,2,999,0,nonexistent,3641
telephone,jun,tue,2,999,1,failure,20233
cellular,jul,mon,1,999,0,nonexistent,29757
cellular,aug,wed,3,999,0,nonexistent,8222
cellular,nov,thu,2,999,0,nonexistent,6822
cellular,aug,fri,3,999,0,nonexistent,40964
telephone,may,mon,1,999,0,nonexistent,29133
cellular,jul,wed,1,999,1,failure,9020
cellular,may,wed,1,999,1,failure,9733
telephone,jun,wed,1,999,0,nonexistent,17369
cellular,may,tue,1,999,0,nonexistent,13876
telephone,may,wed,5,999,0,nonexistent,19059
telephone,may,fri,4,999,0,nonexistent,19931
cellular,oct,tue,1,999,0,nonexistent,30563
cellular,jul,mon,1,999,0,nonexistent,17666
telephone,may,wed,3,999,0,nonexistent,32974
cellular,apr,thu,4,999,0,nonexistent,15039
telephone,may,mon,1,999,1,failure,28961
cellular,may,tue,1,999,1,failure,39904
cellular,mar,wed,2,999,0,nonexistent,17070
cellular,apr,thu,6,999,0,nonexistent,1067
telephone,may,tue,1,999,1,failure,16645
cellular,aug,tue,1,999,1,failure,4987
cellular,jul,wed,2,999,0,nonexistent,10287
cellular,oct,mon,1,999,0,nonexistent,35769
cellular,jul,wed,6,999,1,failure,28375
telephone,jul,thu,1,999,0,nonexistent,18988
telephone,may,wed,2,999,0,nonexistent,10249
telephone,may,wed,1,999,0,nonexistent,33811
telephone,jun,mon,5,999,0,nonexistent,830
telephone,nov,tue,1,999,0,nonexistent,16310
cellular,may,tue,5,999,1,failure,26897
cellular,jul,thu,2,999,1,failure,14639
telephone,may,wed,1,999,0,nonexistent,613
cellular,jul,tue,2,999,0,nonexistent,10309
telephone,may,wed,3,999,0,nonexistent,18432
telephone,may,wed,1,999,0,nonexistent,29078
cellular,aug,thu,1,999,1,failure,20331
telephone,nov,wed,1,3,0,nonexistent,28807
cellular,jul,mon,2,999,0,nonexistent,21391
cellular,may,wed,1,999,0,nonexistent,27296
cellular,jul,thu,25,999,0,nonexistent,28474
telephone,jun,wed,8,999,0,nonexistent,13021
telephone,may,mon,5,999,0,nonexistent,26215
cellular,may,wed,6,999,0,nonexistent,18213
cellular,may,wed,2,999,0,nonexistent,11035
cellular,jul,thu,3,999,0,nonexistent,41092
cellular,aug,fri,2,999,0,nonexistent,19456
telephone,may,mon,3,999,1,failure,91
cellular,nov,wed,1,999,0,nonexistent,8445
telephone,may,fri,2,999,0,nonexistent,2783
cellular,may,thu,1,999,0,nonexistent,20001
cellular,may,fri,1,999,1,failure,29243
cellular,aug,wed,2,999,0,nonexistent,38340
cellular,may,fri,6,999,0,nonexistent,14480
cellular,jun,fri,2,999,0,nonexistent,28776
cellular,may,thu,1,999,0,nonexistent,27733
cellular,aug,tue,1,999,0,nonexistent,2685
telephone,jun,thu,2,999,1,failure,22428
telephone,may,wed,2,999,0,nonexistent,8935
telephone,may,fri,2,999,0,nonexistent,4771
telephone,may,fri,4,999,0,nonexistent,21951
cellular,jul,mon,4,999,0,nonexistent,16656
telephone,may,tue,2,999,0,nonexistent,10896
cellular,nov,thu,2,999,1,failure,34246
cellular,nov,wed,1,999,1,failure,39036
cellular,nov,thu,2,999,0,nonexistent,37654
cellular,aug,thu,5,999,1,failure,36673
cellular,jul,fri,2,999,0,nonexistent,13921
cellular,nov,thu,1,999,0,nonexistent,6571
cellular,apr,thu,2,999,1,success,32099
cellular,nov,tue,1,999,0,nonexistent,956
cellular,may,mon,1,999,0,nonexistent,7507
cellular,apr,thu,3,999,0,nonexistent,25952
cellular,aug,wed,5,999,0,nonexistent,17797
cellular,aug,wed,1,999,0,nonexistent,17619
cellular,aug,mon,2,999,0,nonexistent,7514
telephone,jun,fri,2,999,0,nonexistent,39677
cellular,jul,wed,6,999,0,nonexistent,26191
cellular,aug,mon,3,999,0,nonexistent,21436
cellular,may,tue,1,999,0,nonexistent,10959
telephone,may,tue,2,999,0,nonexistent,28157
cellular,may,tue,1,999,0,nonexistent,28364
cellular,aug,wed,1,999,1,failure,6170
cellular,jun,wed,2,999,0,nonexistent,21372
cellular,may,tue,4,999,1,failure,15978
telephone,jun,thu,18,999,0,nonexistent,33472
cellular,may,fri,2,999,0,nonexistent,24643
cellular,may,tue,3,999,0,nonexistent,20629
cellular,may,mon,2,999,0,nonexistent,4996
telephone,jun,tue,1,999,0,nonexistent,40769
telephone,jun,tue,1,999,0,nonexistent,27666
telephone,may,fri,2,999,0,nonexistent,28021
cellular,aug,mon,4,999,0,nonexistent,16341
cellular,jul,tue,1,999,0,nonexistent,30669
cellular,may,thu,2,999,0,nonexistent,25622
cellular,jul,wed,1,999,1,failure,16579
cellular,aug,mon,3,999,0,nonexistent,22903
telephone,may,mon,1,999,0,nonexistent,37349
cellular,may,tue,1,999,0,nonexistent,16356
telephone,may,thu,3,999,0,nonexistent,39369
cellular,may,tue,1,999,0,nonexistent,35854
cellular,may,mon,2,999,1,failure,28704
cellular,may,fri,1,999,0,nonexistent,9739
cellular,jul,wed,2,6,1,failure,30996
cellular,jul,wed,1,999,0,nonexistent,27390
cellular,may,tue,2,999,0,nonexistent,20529
cellular,aug,wed,3,999,0,nonexistent,23140
cellular,jun,tue,4,3,1,failure,40818
cellular,apr,thu,2,2,0,nonexistent,22866
cellular,aug,mon,2,999,0,nonexistent,326
telephone,jun,wed,2,999,0,nonexistent,38152
cellular,aug,mon,5,999,0,nonexistent,4454
cellular,may,tue,2,999,0,nonexistent,19352
cellular,jul,mon,3,999,1,failure,27396
cellular,jul,fri,2,999,0,nonexistent,23798
cellular,may,mon,1,999,0,nonexistent,3805
cellular,jul,thu,7,999,0,nonexistent,731
cellular,aug,thu,8,999,0,nonexistent,14497
cellular,aug,wed,2,999,0,nonexistent,18836
cellular,jul,tue,3,999,0,nonexistent,34439
cellular,jul,wed,1,999,1,failure,18958
telephone,jun,mon,1,999,1,failure,40544
telephone,jun,mon,1,999,0,nonexistent,28567
cellular,may,thu,1,999,0,nonexistent,11973
telephone,may,fri,1,999,0,nonexistent,6889
telephone,jun,mon,3,999,1,failure,15008
cellular,jul,wed,1,999,1,failure,37739
telephone,may,thu,1,999,0,nonexistent,23984
cellular,nov,tue,2,9,0,nonexistent,24003
cellular,jul,fri,2,999,0,nonexistent,40914
cellular,may,tue,4,999,0,nonexistent,38271
cellular,aug,wed,1,999,1,failure,9116
telephone,may,thu,9,999,1,failure,39524
telephone,jun,mon,2,999,0,nonexistent,8023
telephone,jun,thu,2,999,0,nonexistent,25554
telephone,jul,wed,2,999,0,nonexistent,30466
cellular,jun,tue,1,999,0,nonexistent,32497
cellular,may,tue,1,999,0,nonexistent,37668
cellular,aug,fri,1,999,0,nonexistent,351
telephone,jun,fri,3,999,0,nonexistent,19914
telephone,jun,tue,7,999,0,nonexistent,30894
telephone,may,tue,3,999,0,nonexistent,31505
telephone,jun,mon,15,999,1,failure,33777
cellular,apr,mon,2,999,0,nonexistent,20556
cellular,aug,wed,7,999,1,failure,38408
telephone,jul,wed,4,999,0,nonexistent,17707
cellular,aug,fri,1,999,0,nonexistent,7550
cellular,nov,wed,2,999,0,nonexistent,9126
telephone,jul,fri,3,999,0,nonexistent,25904
cellular,jul,thu,3,999,0,nonexistent,3023
cellular,apr,mon,3,999,0,nonexistent,30358
cellular,may,fri,2,999,0,nonexistent,38026
cellular,nov,tue,1,999,0,nonexistent,1839
cellular,jul,thu,21,999,1,failure,5662
cellular,jul,wed,2,999,0,nonexistent,40415
cellular,aug,wed,2,999,0,nonexistent,39008
telephone,may,wed,2,999,0,nonexistent,8705
telephone,jun,thu,1,999,0,nonexistent,27774
telephone,may,fri,2,999,1,success,33271
cellular,apr,tue,4,6,0,nonexistent,41078
telephone,jun,fri,5,999,0,nonexistent,12697
cellular,may,tue,2,999,0,nonexistent,20381
telephone,jul,mon,2,999,0,nonexistent,17002
cellular,may,wed,2,999,0,nonexistent,22480
telephone,may,mon,8,999,0,nonexistent,24406
telephone,may,mon,1,999,0,nonexistent,26895
telephone,aug,fri,2,999,0,nonexistent,9865
cellular,aug,thu,4,999,0,nonexistent,7329
telephone,may,thu,1,999,0,nonexistent,31327
cellular,nov,tue,2,999,0,nonexistent,23886
telephone,apr,wed,4,999,0,nonexistent,18312
cellular,jul,thu,1,999,0,nonexistent,40146
telephone,may,mon,4,999,1,failure,18601
telephone,jun,fri,2,999,0,nonexistent,17302
cellular,jul,tue,17,999,0,nonexistent,29363
telephone,jul,thu,2,999,0,nonexistent,19297
cellular,jul,mon,1,999,0,nonexistent,33253
cellular,may,fri,1,999,0,nonexistent,31133
telephone,jun,fri,1,999,0,nonexistent,7822
cellular,aug,tue,2,6,0,nonexistent,37659
telephone,may,tue,3,999,0,nonexistent,38249
cellular,may,wed,1,999,0,nonexistent,19373
cellular,may,fri,7,999,0,nonexistent,39155
cellular,jul,thu,1,999,0,nonexistent,5984
cellular,may,mon,1,999,0,nonexistent,16187
telephone,may,wed,1,999,0,nonexistent,19715
telephone,jun,mon,3,999,0,nonexistent,29398
cellular,apr,wed,1,999,1,failure,40652
cellular,apr,fri,1,999,1,failure,11925
cellular,nov,mon,1,5,0,nonexistent,36744
cellular,aug,tue,1,999,0,nonexistent,85
cellular,nov,thu,2,999,0,nonexistent,28522
telephone,jul,thu,6,999,0,nonexistent,30344
cellular,apr,fri,2,999,0,nonexistent,40757
telephone,jun,mon,3,999,1,failure,31567
telephone,jun,mon,8,999,1,failure,15503
telephone,may,wed,1,999,0,nonexistent,15399
cellular,jul,thu,1,999,0,nonexistent,3072
telephone,jun,tue,3,999,0,nonexistent,2182
cellular,nov,tue,2,999,0,nonexistent,28512
telephone,may,tue,5,999,0,nonexistent,27963
cellular,aug,wed,9,999,1,failure,24530
telephone,jul,thu,1,999,0,nonexistent,3737
telephone,may,mon,1,999,0,nonexistent,26449
cellular,aug,wed,4,999,0,nonexistent,38882
cellular,apr,wed,2,999,0,nonexistent,40868
cellular,apr,mon,1,999,0,nonexistent,29799
cellular,nov,tue,2,999,0,nonexistent,28156
cellular,aug,thu,1,999,1,failure,39798
cellular,jul,thu,2,999,1,failure,30675
cellular,nov,mon,1,999,0,nonexistent,34496
cellular,nov,tue,1,999,0,nonexistent,18857
telephone,jun,fri,5,999,0,nonexistent,23155
telephone,jun,fri,5,999,0,nonexistent,32100
telephone,may,thu,3,999,0,nonexistent,39789
cellular,apr,fri,2,999,0,nonexistent,40492
cellular,aug,tue,1,999,0,nonexistent,32704
telephone,jun,fri,2,999,0,nonexistent,30409
cellular,nov,fri,1,999,1,failure,35680
cellular,aug,fri,6,999,0,nonexistent,16644
telephone,jul,fri,1,999,0,nonexistent,25890
cellular,sep,wed,3,6,0,nonexistent,3400
cellular,may,thu,1,999,0,nonexistent,19524
cellular,aug,thu,1,999,0,nonexistent,2012
telephone,jul,wed,1,999,1,failure,25558
telephone,may,fri,1,999,0,nonexistent,15774
cellular,apr,thu,1,999,0,nonexistent,27899
telephone,may,wed,1,999,0,nonexistent,1303
cellular,aug,wed,2,999,0,nonexistent,24152
cellular,aug,mon,2,999,0,nonexistent,3445
cellular,nov,fri,3,999,0,nonexistent,8150
cellular,nov,thu,1,1,0,nonexistent,11768
telephone,may,fri,2,999,1,success,29389
cellular,nov,mon,1,999,0,nonexistent,30806
cellular,aug,fri,1,999,0,nonexistent,12647
telephone,may,fri,1,999,0,nonexistent,31363
cellular,apr,fri,5,999,0,nonexistent,25543
cellular,aug,fri,2,999,0,nonexistent,38602
telephone,jun,wed,2,999,0,nonexistent,1212
cellular,may,wed,5,999,0,nonexistent,22671
telephone,jul,tue,3,999,0,nonexistent,36293
telephone,aug,mon,1,999,1,failure,39833
telephone,may,thu,3,999,0,nonexistent,13938
cellular,jul,thu,1,999,0,nonexistent,1270
cellular,aug,tue,5,999,0,nonexistent,39520
cellular,aug,fri,1,999,0,nonexistent,26983
cellular,aug,mon,1,999,0,nonexistent,26788
cellular,apr,thu,1,999,0,nonexistent,11590
telephone,may,fri,1,999,0,nonexistent,37790
cellular,jul,mon,3,999,1,failure,28355
cellular,may,thu,2,999,0,nonexistent,15171
telephone,may,thu,1,999,1,failure,8257
cellular,aug,mon,3,999,0,nonexistent,10136
telephone,may,tue,1,999,0,nonexistent,34171
cellular,aug,mon,1,999,0,nonexistent,10876
cellular,jul,wed,2,999,0,nonexistent,2374
cellular,may,thu,1,999,1,failure,36679
cellular,jul,thu,2,999,0,nonexistent,6763
cellular,jul,wed,2,999,0,nonexistent,21363
cellular,jul,thu,1,999,0,nonexistent,35255
cellular,jun,mon,1,999,0,nonexistent,19672
cellular,nov,thu,7,999,0,nonexistent,6250
telephone,jun,tue,3,999,0,nonexistent,35783
telephone,may,thu,4,999,0,nonexistent,39184
cellular,may,wed,1,999,0,nonexistent,5757
cellular,oct,thu,1,4,0,nonexistent,19910
telephone,may,wed,6,999,0,nonexistent,18078
cellular,jul,thu,1,999,0,nonexistent,21055
cellular,jul,tue,1,999,0,nonexistent,13521
telephone,jun,tue,3,999,0,nonexistent,7624
cellular,may,mon,1,999,0,nonexistent,15277
telephone,may,mon,2,999,0,nonexistent,28302
cellular,aug,thu,1,999,0,nonexistent,6738
telephone,jun,thu,2,999,0,nonexistent,35706
cellular,jul,mon,3,999,0,nonexistent,29714
cellular,aug,mon,2,999,0,nonexistent,26493
telephone,may,fri,1,999,0,nonexistent,17792
cellular,mar,tue,1,999,0,nonexistent,13149
cellular,apr,tue,1,999,0,nonexistent,24143
cellular,aug,thu,1,999,0,nonexistent,11290
cellular,may,wed,2,999,1,failure,30786
cellular,jun,mon,1,6,0,nonexistent,977
cellular,aug,mon,2,999,0,nonexistent,15175
cellular,mar,thu,2,999,0,nonexistent,19730
cellular,mar,tue,1,999,0,nonexistent,3964
cellular,aug,fri,1,999,0,nonexistent,19232
cellular,aug,tue,7,999,0,nonexistent,12398
cellular,aug,mon,4,999,0,nonexistent,10700
cellular,may,mon,1,999,0,nonexistent,37174
cellular,may,tue,2,999,0,nonexistent,32590
cellular,aug,tue,5,999,0,nonexistent,34902
cellular,aug,wed,2,999,1,failure,24157
cellular,nov,mon,2,5,0,nonexistent,1029
telephone,may,tue,1,999,0,nonexistent,32479
telephone,jun,wed,1,999,0,nonexistent,9147
cellular,oct,tue,1,999,0,nonexistent,12328
telephone,may,mon,2,999,0,nonexistent,16778
cellular,nov,fri,1,999,0,nonexistent,37387
telephone,jul,wed,3,999,0,nonexistent,24351
cellular,apr,mon,1,999,0,nonexistent,11318
cellular,nov,mon,1,999,0,nonexistent,16873
cellular,mar,wed,7,999,1,failure,15920
cellular,apr,thu,5,999,0,nonexistent,13859
cellular,nov,wed,2,999,0,nonexistent,15166
cellular,may,thu,5,999,0,nonexistent,31878
cellular,sep,thu,1,999,0,nonexistent,20311
telephone,may,thu,1,999,0,nonexistent,12508
cellular,oct,thu,1,999,0,nonexistent,876
telephone,may,mon,5,999,0,nonexistent,25908
cellular,aug,thu,2,999,0,nonexistent,12749
cellular,nov,fri,3,999,0,nonexistent,32039
cellular,aug,fri,2,999,0,nonexistent,21897
cellular,nov,wed,3,999,0,nonexistent,40069
cellular,nov,fri,2,999,0,nonexistent,28495
cellular,aug,fri,1,999,1,failure,40346
cellular,apr,mon,5,999,0,nonexistent,16159
cellular,jun,wed,3,999,0,nonexistent,31468
cellular,jul,mon,1,999,0,nonexistent,34329
cellular,jul,tue,3,999,1,failure,18262
cellular,aug,fri,2,999,0,nonexistent,13457
cellular,apr,wed,9,999,0,nonexistent,9766
telephone,may,wed,3,999,0,nonexistent,33145
telephone,nov,thu,1,999,0,nonexistent,11002
telephone,jul,wed,5,999,0,nonexistent,23369
cellular,jul,mon,3,999,1,failure,39449
cellular,may,wed,2,999,0,nonexistent,41088
telephone,jul,thu,1,999,0,nonexistent,8021
cellular,aug,tue,1,999,0,nonexistent,20108
telephone,may,thu,2,999,0,nonexistent,15283
telephone,jun,wed,2,999,0,nonexistent,39704
cellular,jul,wed,3,999,0,nonexistent,33993
cellular,aug,mon,1,999,0,nonexistent,28916
cellular,jul,tue,2,999,0,nonexistent,33098
telephone,aug,wed,8,999,0,nonexistent,32185
cellular,apr,fri,1,999,0,nonexistent,37398
telephone,may,tue,1,999,1,failure,38684
telephone,jul,wed,5,999,0,nonexistent,765
cellular,apr,fri,2,999,1,failure,36620
cellular,aug,mon,4,999,1,failure,36035
cellular,aug,fri,6,999,0,nonexistent,1283
cellular,may,tue,1,999,0,nonexistent,36880
telephone,may,fri,1,999,0,nonexistent,33242
cellular,mar,mon,1,999,0,nonexistent,20429
cellular,apr,wed,1,999,0,nonexistent,7318
cellular,apr,fri,1,999,0,nonexistent,34843
cellular,jul,thu,2,999,0,nonexistent,21469
cellular,jul,thu,3,999,0,nonexistent,4323
cellular,may,mon,3,999,1,failure,4009
telephone,may,fri,3,999,0,nonexistent,3527
cellular,apr,tue,3,999,0,nonexistent,6751
cellular,may,tue,1,999,0,nonexistent,36722
telephone,may,mon,2,999,0,nonexistent,13439
telephone,may,fri,3,999,0,nonexistent,35936
cellular,jun,fri,7,999,0,nonexistent,38985
cellular,aug,fri,4,999,0,nonexistent,15269
telephone,jul,wed,6,999,0,nonexistent,11591
telephone,may,tue,3,999,0,nonexistent,12484
cellular,nov,mon,5,999,1,failure,40630
cellular,apr,fri,2,999,0,nonexistent,22405
telephone,jul,wed,11,999,0,nonexistent,22578
cellular,apr,wed,1,999,1,failure,6914
telephone,jun,tue,1,999,0,nonexistent,37999
telephone,jun,mon,2,999,0,nonexistent,15379
cellular,aug,wed,1,999,0,nonexistent,33040
cellular,aug,fri,1,999,0,nonexistent,40405
telephone,oct,fri,1,999,0,nonexistent,5585
cellular,nov,fri,1,999,1,success,22575
cellular,may,fri,4,999,0,nonexistent,28754
cellular,jul,tue,3,999,1,failure,24480
telephone,jun,fri,11,999,1,failure,21675
cellular,aug,wed,3,999,0,nonexistent,19577
cellular,aug,thu,4,999,0,nonexistent,24542
cellular,jul,tue,2,999,0,nonexistent,30500
cellular,may,thu,2,999,0,nonexistent,11798
cellular,apr,mon,2,999,0,nonexistent,19000
cellular,jul,tue,2,999,0,nonexistent,7224
telephone,nov,fri,1,999,0,nonexistent,6062
cellular,dec,wed,3,999,0,nonexistent,28085
cellular,aug,tue,8,999,0,nonexistent,32784
telephone,may,mon,1,999,0,nonexistent,20713
cellular,aug,fri,8,999,0,nonexistent,29237
cellular,apr,fri,1,999,0,nonexistent,6993
cellular,nov,wed,1,999,0,nonexistent,18670
telephone,may,mon,2,999,1,failure,31454
telephone,may,wed,2,999,0,nonexistent,39928
cellular,sep,tue,1,999,0,nonexistent,5561
cellular,nov,wed,2,999,1,failure,28019
cellular,aug,wed,7,999,0,nonexistent,9021
cellular,jul,wed,5,999,0,nonexistent,36526
cellular,jul,wed,1,999,0,nonexistent,26678
cellular,may,mon,1,999,0,nonexistent,19028
cellular,may,wed,5,999,0,nonexistent,4949
telephone,jul,thu,3,999,1,failure,36869
telephone,may,tue,1,999,0,nonexistent,40361
cellular,jul,fri,2,999,0,nonexistent,27047
cellular,jul,tue,4,999,0,nonexistent,40238
cellular,nov,tue,1,999,0,nonexistent,38580
cellular,may,fri,1,999,0,nonexistent,2727
cellular,jul,tue,4,999,0,nonexistent,12221
cellular,aug,wed,1,999,0,nonexistent,9467
cellular,may,fri,5,999,0,nonexistent,18685
cellular,apr,fri,1,999,0,nonexistent,6156
cellular,aug,tue,1,999,0,nonexistent,39604
cellular,aug,wed,1,999,0,nonexistent,9039
cellular,jul,thu,8,999,0,nonexistent,10777
cellular,may,thu,1,999,0,nonexistent,6553
cellular,aug,tue,1,999,0,nonexistent,17402
telephone,may,mon,1,999,0,nonexistent,11608
telephone,sep,mon,1,999,0,nonexistent,10022
cellular,nov,mon,2,999,1,failure,2258
telephone,jul,mon,7,999,0,nonexistent,24452
cellular,jun,wed,1,999,0,nonexistent,35140
cellular,jul,mon,3,999,0,nonexistent,37488
telephone,may,tue,1,999,0,nonexistent,36836
telephone,may,thu,2,999,0,nonexistent,16663
cellular,jul,wed,1,999,0,nonexistent,16605
cellular,jul,mon,3,999,0,nonexistent,8080
telephone,may,thu,2,999,0,nonexistent,38860
cellular,aug,wed,1,999,0,nonexistent,5788
telephone,may,fri,2,999,0,nonexistent,2997
telephone,may,mon,1,999,0,nonexistent,17291
telephone,may,wed,2,999,0,nonexistent,32471
cellular,jul,wed,3,999,1,failure,34940
telephone,may,mon,1,999,0,nonexistent,27563
telephone,dec,fri,2,999,1,failure,9814
cellular,apr,thu,2,999,0,nonexistent,2063
telephone,may,fri,1,999,0,nonexistent,12305
cellular,jul,thu,3,999,0,nonexistent,32737
telephone,may,fri,3,999,1,failure,1538
cellular,mar,tue,1,999,1,failure,18112
telephone,jul,wed,8,999,0,nonexistent,9420
cellular,aug,wed,3,999,1,failure,20721
telephone,jun,thu,3,999,0,nonexistent,39342
cellular,aug,thu,1,999,0,nonexistent,24392
cellular,aug,tue,1,999,0,nonexistent,13998
cellular,mar,fri,2,999,0,nonexistent,30666
telephone,jun,mon,3,999,1,failure,36337
cellular,jul,thu,1,999,0,nonexistent,26581
cellular,jul,thu,4,999,1,failure,40912
telephone,jun,tue,2,999,0,nonexistent,2634
telephone,may,thu,1,999,0,nonexistent,26527
cellular,apr,mon,1,999,0,nonexistent,14100
cellular,nov,tue,2,999,0,nonexistent,27966
cellular,apr,mon,4,999,1,failure,12015
cellular,may,fri,4,999,0,nonexistent,34093
telephone,may,tue,2,999,0,nonexistent,10769
cellular,apr,fri,1,999,0,nonexistent,3664
telephone,may,tue,1,999,0,nonexistent,15554
cellular,jul,wed,1,999,0,nonexistent,14055
cellular,aug,tue,1,999,0,nonexistent,27579
cellular,jul,wed,3,999,0,nonexistent,12504
telephone,may,tue,1,999,0,nonexistent,32155
cellular,aug,fri,5,999,0,nonexistent,14204
cellular,sep,tue,2,6,0,nonexistent,17232
cellular,nov,thu,2,999,0,nonexistent,25305
cellular,aug,mon,2,999,0,nonexistent,1320
telephone,oct,mon,3,999,0,nonexistent,17599
cellular,nov,fri,1,999,1,failure,63
cellular,jul,tue,1,999,1,failure,35870
cellular,sep,thu,1,999,0,nonexistent,19856
cellular,jul,thu,1,999,1,failure,3055
telephone,jun,thu,3,999,1,failure,17487
cellular,aug,tue,1,999,1,success,7437
cellular,jul,wed,2,999,0,nonexistent,11983
telephone,may,wed,1,999,1,failure,38305
telephone,nov,thu,9,999,0,nonexistent,7290
cellular,aug,mon,2,999,0,nonexistent,37589
cellular,nov,thu,2,999,0,nonexistent,6916
telephone,may,thu,1,999,0,nonexistent,13352
cellular,apr,mon,3,999,0,nonexistent,18069
cellular,jul,wed,2,999,1,success,40384
telephone,may,fri,2,999,0,nonexistent,34923
cellular,aug,thu,2,999,0,nonexistent,22853
cellular,may,mon,1,999,1,failure,3307
telephone,jun,mon,2,999,0,nonexistent,34992
telephone,jun,thu,1,999,0,nonexistent,8267
telephone,jun,tue,2,999,0,nonexistent,7171
cellular,may,tue,3,999,0,nonexistent,38079
cellular,may,wed,1,999,0,nonexistent,13087
telephone,may,mon,2,999,0,nonexistent,23869
cellular,aug,thu,1,999,0,nonexistent,38279
cellular,jul,thu,3,999,0,nonexistent,4798
telephone,jul,fri,2,999,0,nonexistent,30076
cellular,may,tue,1,999,1,failure,28242
cellular,nov,mon,2,999,1,failure,10990
telephone,may,tue,1,999,0,nonexistent,28051
cellular,aug,fri,2,999,0,nonexistent,19846
cellular,jul,wed,3,6,0,nonexistent,18891
telephone,jun,wed,2,999,0,nonexistent,37006
cellular,jul,wed,1,999,0,nonexistent,30834
telephone,jun,wed,1,999,1,failure,21622
cellular,nov,wed,1,3,0,nonexistent,20637
cellular,apr,fri,1,999,0,nonexistent,8358
telephone,jul,wed,43,999,0,nonexistent,7663
cellular,may,tue,2,999,0,nonexistent,27432
cellular,aug,tue,1,999,0,nonexistent,30753
telephone,oct,mon,1,999,0,nonexistent,11253
cellular,apr,mon,2,999,0,nonexistent,27304
cellular,jul,thu,1,999,0,nonexistent,38444
telephone,may,fri,2,999,0,nonexistent,31833
telephone,nov,wed,1,999,0,nonexistent,11912
telephone,jun,fri,2,999,0,nonexistent,20382
telephone,may,mon,2,999,0,nonexistent,12201
cellular,may,thu,1,999,0,nonexistent,2882
cellular,may,wed,6,999,1,failure,12871
cellular,may,thu,1,999,1,failure,1779
cellular,apr,fri,2,999,1,failure,19400
cellular,jun,thu,1,999,0,nonexistent,6153
telephone,jun,mon,2,999,0,nonexistent,40370
cellular,may,mon,1,999,0,nonexistent,21941
telephone,may,wed,3,999,0,nonexistent,40263
cellular,jul,tue,1,999,0,nonexistent,9898
cellular,dec,fri,5,999,0,nonexistent,14214
telephone,jun,fri,5,999,0,nonexistent,5975
cellular,nov,wed,1,999,0,nonexistent,28114
cellular,may,fri,2,999,0,nonexistent,2955
cellular,aug,thu,1,999,0,nonexistent,4832
cellular,dec,fri,2,6,1,failure,14240
cellular,jul,wed,1,999,1,failure,13762
cellular,jul,wed,2,999,1,failure,31199
telephone,may,tue,1,999,0,nonexistent,18797
telephone,aug,mon,5,999,0,nonexistent,27165
telephone,jun,fri,1,999,0,nonexistent,24828
telephone,jun,thu,1,999,0,nonexistent,36790
cellular,jun,tue,3,999,1,failure,6541
telephone,nov,wed,1,999,0,nonexistent,3794
cellular,jul,fri,2,999,0,nonexistent,28001
cellular,jun,thu,1,999,0,nonexistent,5544
cellular,nov,wed,2,999,0,nonexistent,19741
cellular,jul,thu,9,999,1,success,1616
telephone,may,fri,2,999,1,failure,9301
cellular,may,thu,1,999,0,nonexistent,29994
telephone,jun,tue,2,999,0,nonexistent,20689
cellular,jul,wed,3,999,0,nonexistent,33391
cellular,jul,mon,11,999,0,nonexistent,24300
cellular,nov,mon,2,999,0,nonexistent,3109
telephone,jun,tue,2,999,0,nonexistent,3160
telephone,may,wed,1,999,0,nonexistent,19404
cellular,apr,tue,3,999,1,failure,16235
cellular,jul,thu,1,999,0,nonexistent,15055
cellular,jul,thu,3,999,0,nonexistent,4453
cellular,may,tue,2,999,0,nonexistent,13745
cellular,nov,wed,2,999,0,nonexistent,10021
telephone,may,mon,2,999,1,failure,23110
telephone,mar,thu,2,999,0,nonexistent,16550
cellular,jul,mon,1,999,0,nonexistent,10146
telephone,may,fri,1,999,0,nonexistent,37308
telephone,jun,wed,3,999,0,nonexistent,21250
cellular,may,mon,2,999,1,success,19631
cellular,jul,wed,1,999,0,nonexistent,38837
cellular,jul,thu,3,999,0,nonexistent,13167
cellular,nov,fri,2,999,0,nonexistent,6645
cellular,aug,wed,1,999,0,nonexistent,26326
cellular,nov,tue,1,999,0,nonexistent,2241
cellular,nov,tue,1,999,0,nonexistent,27321
telephone,may,fri,3,999,0,nonexistent,14785
cellular,may,wed,1,999,0,nonexistent,8761
cellular,jul,tue,2,999,1,failure,5613
cellular,nov,mon,2,999,1,failure,3526
telephone,jun,mon,1,999,0,nonexistent,17924
telephone,may,wed,1,999,0,nonexistent,6132
cellular,may,fri,4,999,0,nonexistent,19432
cellular,apr,thu,1,999,0,nonexistent,8371
cellular,jun,tue,3,999,0,nonexistent,35929
cellular,aug,thu,2,999,1,success,4978
telephone,apr,wed,2,999,0,nonexistent,33051
telephone,jun,mon,5,999,0,nonexistent,27977
cellular,may,tue,1,999,0,nonexistent,19641
telephone,jul,wed,1,999,0,nonexistent,2880
cellular,jul,tue,3,999,0,nonexistent,24420
telephone,may,mon,2,999,0,nonexistent,37637
telephone,jun,tue,2,999,0,nonexistent,12491
cellular,aug,mon,3,999,0,nonexistent,11773
cellular,jul,wed,1,999,1,failure,20406
cellular,nov,fri,2,999,1,success,25164
cellular,aug,thu,7,999,1,failure,9156
cellular,aug,thu,9,999,0,nonexistent,22658
cellular,jul,thu,1,999,0,nonexistent,24802
telephone,may,fri,1,999,0,nonexistent,25905
telephone,nov,thu,4,999,1,failure,10594
cellular,nov,tue,1,999,0,nonexistent,39249
telephone,jul,fri,7,999,1,failure,37645
cellular,aug,tue,1,999,1,failure,34490
cellular,aug,tue,3,999,1,failure,15783
cellular,aug,tue,1,999,0,nonexistent,29816
cellular,nov,thu,4,999,1,failure,26856
telephone,may,wed,2,999,0,nonexistent,41138
cellular,aug,tue,1,999,1,success,22942
cellular,apr,mon,2,999,0,nonexistent,9505
cellular,nov,tue,2,999,0,nonexistent,22137
cellular,may,thu,6,999,0,nonexistent,9333
telephone,nov,mon,4,999,0,nonexistent,16217
telephone,jun,mon,2,999,0,nonexistent,2911
telephone,may,tue,1,999,0,nonexistent,1496
cellular,aug,wed,4,999,1,failure,5744
cellular,nov,tue,1,999,1,failure,40379
cellular,may,tue,2,999,0,nonexistent,19403
telephone,jul,wed,2,999,0,nonexistent,34003
telephone,jul,mon,3,999,0,nonexistent,28697
telephone,jun,thu,2,999,0,nonexistent,35228
cellular,nov,fri,4,999,0,nonexistent,37510
cellular,jul,tue,1,999,0,nonexistent,11006
cellular,apr,thu,1,999,0,nonexistent,33706
telephone,may,thu,4,999,1,failure,20194
cellular,oct,fri,2,8,0,nonexistent,23812
cellular,nov,mon,1,999,1,failure,16934
cellular,jul,mon,3,999,0,nonexistent,12542
cellular,may,mon,1,999,1,failure,9360
cellular,aug,wed,4,999,0,nonexistent,24981
cellular,aug,thu,1,999,0,nonexistent,14040
cellular,jul,thu,1,999,0,nonexistent,2636
telephone,may,mon,6,999,0,nonexistent,3499
cellular,jul,tue,1,999,0,nonexistent,41168
telephone,may,tue,2,999,1,failure,14683
cellular,jul,mon,3,999,0,nonexistent,33194
cellular,jun,mon,1,999,0,nonexistent,11682
telephone,may,fri,2,999,0,nonexistent,15992
cellular,jun,wed,1,999,0,nonexistent,28125
cellular,apr,thu,1,999,1,failure,1989
cellular,jul,thu,2,999,1,success,1575
telephone,may,thu,1,999,0,nonexistent,31682
telephone,jun,fri,1,999,0,nonexistent,21600
cellular,mar,mon,2,999,0,nonexistent,19274
telephone,may,wed,1,999,0,nonexistent,7851
telephone,may,mon,1,999,0,nonexistent,3092
cellular,may,tue,2,999,1,failure,28140
telephone,may,tue,5,999,0,nonexistent,26858
telephone,may,thu,6,999,0,nonexistent,5283
telephone,jun,thu,8,999,0,nonexistent,8904
telephone,may,mon,1,999,0,nonexistent,35431
cellular,nov,thu,5,999,0,nonexistent,16433
cellular,apr,fri,1,999,0,nonexistent,18398
cellular,jul,mon,3,999,0,nonexistent,24891
cellular,mar,mon,1,3,0,nonexistent,20350
telephone,may,mon,3,999,0,nonexistent,26152
telephone,may,tue,4,999,1,failure,34795
cellular,oct,thu,2,2,0,nonexistent,32831
telephone,jun,fri,17,999,0,nonexistent,7899
telephone,may,mon,1,999,0,nonexistent,33262
telephone,may,fri,2,999,0,nonexistent,27550
cellular,aug,thu,1,999,0,nonexistent,7381
telephone,may,thu,2,999,1,failure,5902
cellular,aug,fri,2,999,0,nonexistent,17265
cellular,aug,thu,3,999,0,nonexistent,24166
telephone,may,wed,2,999,0,nonexistent,35287
telephone,may,mon,1,999,0,nonexistent,8441
cellular,aug,tue,1,999,0,nonexistent,29382
telephone,may,mon,1,999,0,nonexistent,37724
telephone,jun,fri,1,999,0,nonexistent,33962
cellular,may,mon,1,999,0,nonexistent,22272
cellular,jul,fri,2,999,0,nonexistent,26728
cellular,jul,mon,15,999,0,nonexistent,19552
telephone,jul,tue,2,999,1,failure,19169
telephone,may,thu,6,999,0,nonexistent,37094
cellular,aug,fri,1,999,0,nonexistent,28598
cellular,jul,tue,1,999,0,nonexistent,37791
telephone,may,mon,1,999,0,nonexistent,25878
cellular,may,thu,2,999,0,nonexistent,39900
telephone,may,fri,3,999,0,nonexistent,8850
telephone,apr,mon,3,999,0,nonexistent,20905
cellular,jul,wed,1,999,0,nonexistent,1666
telephone,jun,thu,2,999,0,nonexistent,958
cellular,mar,mon,1,11,1,failure,21470
telephone,may,thu,1,999,0,nonexistent,12876
cellular,aug,thu,2,999,0,nonexistent,33488
cellular,aug,fri,1,999,0,nonexistent,26239
cellular,jul,thu,1,999,0,nonexistent,22072
cellular,may,thu,6,999,0,nonexistent,20243
telephone,jun,mon,2,999,0,nonexistent,30747
cellular,aug,mon,1,999,0,nonexistent,18776
telephone,jun,mon,2,999,0,nonexistent,24438
cellular,aug,tue,3,999,0,nonexistent,10521
cellular,nov,mon,1,999,0,nonexistent,32616
cellular,aug,wed,2,999,0,nonexistent,25388
telephone,nov,fri,2,3,0,nonexistent,35225
telephone,jun,mon,2,999,0,nonexistent,20625
cellular,jul,mon,2,999,1,failure,32611
cellular,may,tue,3,999,0,nonexistent,22980
telephone,jun,fri,1,999,0,nonexistent,6359
cellular,nov,fri,1,999,1,failure,20193
telephone,jun,wed,1,999,0,nonexistent,5141
telephone,may,thu,1,999,0,nonexistent,27536
cellular,nov,mon,1,999,0,nonexistent,39863
cellular,oct,tue,1,999,1,failure,17131
telephone,may,wed,1,999,0,nonexistent,36200
telephone,may,mon,1,999,0,nonexistent,17699
telephone,may,tue,1,999,0,nonexistent,15759
telephone,may,wed,4,999,0,nonexistent,1816
cellular,sep,fri,3,999,0,nonexistent,6401
cellular,apr,thu,1,999,0,nonexistent,23985
telephone,may,tue,3,999,0,nonexistent,2984
cellular,jun,mon,2,999,0,nonexistent,5960
cellular,nov,fri,1,999,0,nonexistent,4276
telephone,jul,mon,3,999,0,nonexistent,32802
cellular,jul,mon,1,999,0,nonexistent,605
telephone,may,thu,1,999,1,failure,22958
cellular,jul,thu,1,999,0,nonexistent,6696
cellular,may,tue,2,999,0,nonexistent,16195
telephone,jun,mon,7,999,0,nonexistent,19275
telephone,jun,mon,3,999,0,nonexistent,24478
cellular,may,thu,1,999,0,nonexistent,29206
telephone,may,wed,1,3,1,failure,35438
cellular,jul,tue,2,999,1,failure,5625
cellular,may,fri,1,999,0,nonexistent,6644
cellular,jul,wed,1,999,0,nonexistent,4687
cellular,jul,mon,8,999,0,nonexistent,37246
telephone,may,fri,3,999,1,failure,24237
cellular,nov,thu,1,999,0,nonexistent,6655
cellular,may,tue,1,3,0,nonexistent,38104
telephone,may,tue,1,999,1,failure,41011
cellular,may,wed,3,999,0,nonexistent,31689
cellular,may,thu,1,999,0,nonexistent,13818
telephone,may,fri,1,999,0,nonexistent,9783
telephone,may,wed,1,999,0,nonexistent,1447
cellular,jun,mon,2,999,1,failure,17791
telephone,may,wed,1,999,0,nonexistent,7989
telephone,may,thu,1,999,1,failure,33845
cellular,jul,fri,1,999,0,nonexistent,34834
cellular,may,wed,1,999,0,nonexistent,9307
cellular,may,mon,4,999,0,nonexistent,28063
cellular,nov,wed,1,999,0,nonexistent,28487
telephone,may,tue,1,999,0,nonexistent,14533
telephone,oct,wed,1,999,0,nonexistent,20968
telephone,mar,fri,2,999,0,nonexistent,40401
telephone,may,tue,1,999,1,failure,33015
cellular,aug,tue,2,999,0,nonexistent,40354
telephone,may,fri,1,999,0,nonexistent,8383
telephone,jun,tue,5,999,0,nonexistent,358
telephone,may,mon,1,999,0,nonexistent,7930
telephone,may,fri,4,999,1,failure,40301
telephone,jun,tue,2,999,0,nonexistent,36937
cellular,may,mon,1,999,0,nonexistent,4843
cellular,may,wed,2,999,0,nonexistent,36873
telephone,may,fri,3,999,0,nonexistent,5278
telephone,may,wed,4,999,0,nonexistent,21762
telephone,jun,wed,1,999,0,nonexistent,2259
cellular,apr,mon,2,999,0,nonexistent,40341
cellular,may,thu,1,999,1,failure,27928
telephone,jun,mon,1,999,0,nonexistent,10767
cellular,aug,tue,10,999,0,nonexistent,38089
cellular,aug,tue,3,999,0,nonexistent,22507
cellular,aug,wed,1,999,0,nonexistent,9062
cellular,aug,tue,4,999,0,nonexistent,11767
cellular,may,tue,1,999,1,failure,251
cellular,may,fri,1,999,0,nonexistent,30131
telephone,may,mon,1,999,0,nonexistent,10499
cellular,aug,wed,5,999,0,nonexistent,18505
telephone,jun,tue,4,999,0,nonexistent,39020
cellular,may,wed,3,999,0,nonexistent,38372
cellular,jul,mon,1,999,0,nonexistent,28582
cellular,may,mon,6,999,1,failure,30513
cellular,nov,wed,1,999,0,nonexistent,37757
telephone,nov,thu,3,999,0,nonexistent,10263
cellular,may,tue,1,999,0,nonexistent,40034
cellular,aug,tue,1,999,1,failure,2081
cellular,may,tue,1,999,0,nonexistent,36385
cellular,apr,thu,1,999,0,nonexistent,30893
telephone,may,tue,2,999,0,nonexistent,9441
cellular,sep,wed,2,999,0,nonexistent,35892
telephone,jun,wed,3,999,0,nonexistent,28098
cellular,nov,wed,5,999,0,nonexistent,2162
cellular,nov,thu,4,999,0,nonexistent,40031
cellular,jun,tue,4,999,0,nonexistent,13202
telephone,jun,mon,2,999,1,failure,2729
telephone,may,fri,3,999,0,nonexistent,35471
cellular,aug,thu,3,999,0,nonexistent,14744
telephone,jul,thu,35,999,0,nonexistent,37567
cellular,aug,thu,3,999,1,success,12102
telephone,jun,thu,1,999,0,nonexistent,1316
telephone,jun,thu,1,999,0,nonexistent,1979
cellular,nov,thu,2,999,0,nonexistent,34588
telephone,jun,fri,13,999,1,failure,5102
cellular,jul,thu,4,999,0,nonexistent,28025
telephone,apr,mon,1,999,1,failure,22296
cellular,may,tue,1,999,0,nonexistent,36681
cellular,may,fri,3,999,0,nonexistent,29662
telephone,jul,thu,1,999,0,nonexistent,11074
cellular,nov,fri,1,12,0,nonexistent,26607
cellular,aug,tue,4,999,0,nonexistent,17555
telephone,jun,fri,2,999,0,nonexistent,2939
cellular,aug,wed,3,999,0,nonexistent,17091
cellular,jul,tue,2,999,1,failure,36943
cellular,mar,thu,2,999,0,nonexistent,24569
telephone,may,tue,1,999,0,nonexistent,17391
cellular,nov,mon,2,999,0,nonexistent,18259
telephone,may,thu,2,999,0,nonexistent,6066
cellular,nov,tue,1,999,0,nonexistent,17420
telephone,jun,thu,2,999,0,nonexistent,9516
telephone,jul,tue,1,999,1,failure,38028
cellular,jul,wed,18,999,0,nonexistent,19353
cellular,nov,wed,2,999,0,nonexistent,39379
cellular,may,mon,1,999,0,nonexistent,25826
cellular,may,mon,1,999,0,nonexistent,31345
cellular,nov,wed,1,999,0,nonexistent,27417
telephone,jul,thu,1,999,0,nonexistent,7464
telephone,may,thu,2,999,1,failure,18222
cellular,jul,mon,3,999,0,nonexistent,40372
cellular,nov,tue,1,5,0,nonexistent,18266
cellular,jul,tue,9,999,0,nonexistent,32705
cellular,apr,mon,2,999,0,nonexistent,1243
cellular,aug,mon,1,999,0,nonexistent,21562
cellular,jun,tue,2,999,0,nonexistent,20062
telephone,may,fri,3,999,0,nonexistent,24397
telephone,may,fri,1,999,0,nonexistent,15635
cellular,aug,mon,4,999,0,nonexistent,23805
telephone,aug,thu,1,999,0,nonexistent,38159
cellular,may,fri,1,999,0,nonexistent,16542
telephone,jun,fri,3,999,0,nonexistent,23545
cellular,nov,mon,2,999,0,nonexistent,27229
cellular,sep,tue,1,3,0,nonexistent,24284
telephone,jun,thu,7,999,0,nonexistent,16257
telephone,may,mon,1,999,1,failure,21615
cellular,may,fri,2,999,0,nonexistent,26602
telephone,may,mon,3,999,0,nonexistent,31755
cellular,aug,fri,3,999,0,nonexistent,15647
cellular,mar,fri,2,999,0,nonexistent,14017
telephone,jul,tue,2,999,0,nonexistent,30850
telephone,may,mon,8,999,0,nonexistent,36344
cellular,aug,mon,3,999,0,nonexistent,30032
cellular,jul,thu,1,999,0,nonexistent,27877
telephone,jun,fri,26,999,0,nonexistent,4501
cellular,jun,wed,2,999,1,failure,31934
telephone,jun,wed,2,999,0,nonexistent,4304
telephone,jun,mon,3,999,0,nonexistent,29939
telephone,jun,fri,1,999,0,nonexistent,8653
cellular,sep,tue,3,999,0,nonexistent,5658
cellular,jul,mon,7,999,0,nonexistent,31514
telephone,oct,fri,2,999,0,nonexistent,8664
telephone,jun,tue,2,999,0,nonexistent,183
cellular,jul,mon,3,999,0,nonexistent,21711
cellular,nov,thu,2,999,0,nonexistent,40623
telephone,may,tue,1,999,1,failure,25979
cellular,aug,thu,5,999,0,nonexistent,23746
cellular,may,tue,1,999,0,nonexistent,15295
cellular,jul,tue,3,999,0,nonexistent,32449
telephone,may,mon,4,999,0,nonexistent,26400
cellular,jun,wed,1,999,0,nonexistent,12502
cellular,may,thu,2,999,0,nonexistent,18549
cellular,jul,tue,3,999,0,nonexistent,4381
cellular,jul,mon,2,999,0,nonexistent,5318
telephone,jul,thu,3,999,0,nonexistent,20563
telephone,may,wed,5,999,0,nonexistent,27911
telephone,may,wed,4,999,0,nonexistent,812
telephone,may,fri,1,999,0,nonexistent,3054
cellular,nov,thu,3,9,0,nonexistent,6140
cellular,aug,thu,8,999,0,nonexistent,196
telephone,may,mon,5,999,1,failure,16822
cellular,may,tue,1,999,0,nonexistent,19213
telephone,jun,thu,1,999,0,nonexistent,20709
telephone,jun,fri,6,999,0,nonexistent,8356
cellular,aug,wed,1,999,0,nonexistent,12665
cellular,jul,thu,3,999,0,nonexistent,29756
cellular,may,fri,2,999,0,nonexistent,20219
cellular,nov,thu,2,999,0,nonexistent,13397
telephone,may,tue,2,999,0,nonexistent,21549
cellular,nov,wed,1,999,0,nonexistent,39914
telephone,may,fri,2,999,0,nonexistent,2264
cellular,aug,thu,1,999,0,nonexistent,17144
cellular,may,fri,1,999,0,nonexistent,19238
telephone,may,tue,1,999,0,nonexistent,32646
cellular,aug,wed,2,999,0,nonexistent,4306
telephone,may,wed,1,999,0,nonexistent,38797
telephone,jun,fri,2,999,0,nonexistent,16431
telephone,jun,mon,1,999,0,nonexistent,1346
cellular,nov,mon,2,999,0,nonexistent,11851
cellular,jul,mon,5,999,0,nonexistent,37580
cellular,may,thu,4,999,0,nonexistent,2365
cellular,jul,thu,7,999,0,nonexistent,25620
cellular,aug,tue,2,999,0,nonexistent,33502
cellular,aug,wed,3,999,0,nonexistent,33381
cellular,jul,tue,16,999,0,nonexistent,13175
cellular,jul,thu,2,999,0,nonexistent,14700
cellular,jul,fri,1,999,0,nonexistent,28725
cellular,jul,mon,2,999,0,nonexistent,39805
cellular,aug,fri,2,999,0,nonexistent,7835
cellular,jul,wed,2,999,0,nonexistent,11744
telephone,may,fri,3,999,0,nonexistent,21705
cellular,jul,thu,2,999,0,nonexistent,11753
cellular,aug,wed,4,999,0,nonexistent,35945
telephone,may,wed,2,999,1,failure,10434
telephone,jun,fri,2,999,0,nonexistent,11802
telephone,may,mon,2,999,0,nonexistent,8951
cellular,apr,fri,1,999,0,nonexistent,15111
cellular,aug,tue,3,999,0,nonexistent,24475
cellular,jul,tue,22,999,1,failure,29233
cellular,apr,thu,1,999,0,nonexistent,21297
telephone,may,thu,7,999,0,nonexistent,3609
telephone,may,wed,2,999,1,failure,10498
telephone,may,mon,2,999,0,nonexistent,36040
cellular,aug,wed,1,999,0,nonexistent,26291
cellular,aug,wed,3,999,1,failure,2970
cellular,aug,mon,2,999,0,nonexistent,5268
cellular,may,wed,3,999,0,nonexistent,5768
cellular,jul,wed,1,999,0,nonexistent,29723
cellular,may,fri,4,999,1,failure,39728
cellular,may,fri,1,999,1,failure,19541
cellular,may,tue,1,999,0,nonexistent,40889
telephone,may,thu,1,999,0,nonexistent,22187
cellular,may,mon,2,999,0,nonexistent,7904
telephone,jun,thu,2,999,0,nonexistent,30124
telephone,jul,thu,4,999,0,nonexistent,31902
cellular,nov,tue,1,999,1,failure,20317
cellular,may,tue,1,999,0,nonexistent,13704
telephone,oct,wed,1,999,0,nonexistent,22579
cellular,mar,tue,2,999,0,nonexistent,11186
cellular,may,fri,1,999,0,nonexistent,27753
telephone,jun,mon,2,999,0,nonexistent,6103
cellular,may,thu,2,999,0,nonexistent,28850
telephone,may,mon,1,999,0,nonexistent,28918
cellular,aug,wed,1,999,0,nonexistent,3409
cellular,aug,fri,3,999,0,nonexistent,38750
telephone,aug,thu,2,999,1,failure,33375
telephone,jun,mon,17,999,0,nonexistent,21861
telephone,jul,fri,1,999,0,nonexistent,34856
cellular,jul,tue,4,999,0,nonexistent,2707
cellular,may,thu,7,999,0,nonexistent,16865
cellular,aug,mon,1,999,0,nonexistent,9246
telephone,may,wed,3,999,0,nonexistent,11012
telephone,may,thu,3,999,0,nonexistent,39730
telephone,may,tue,1,999,1,failure,39151
cellular,jul,wed,1,999,0,nonexistent,30674
telephone,jun,mon,3,999,0,nonexistent,38185
telephone,may,fri,1,999,0,nonexistent,21492
telephone,jun,mon,2,999,0,nonexistent,5680
cellular,jul,mon,4,999,0,nonexistent,8206
cellular,nov,fri,1,999,0,nonexistent,23226
telephone,may,wed,4,999,0,nonexistent,34865
cellular,aug,mon,2,999,0,nonexistent,13600
cellular,oct,mon,2,999,0,nonexistent,611
telephone,jun,wed,4,999,0,nonexistent,17056
cellular,apr,mon,1,999,0,nonexistent,12523
cellular,jul,thu,1,999,0,nonexistent,9431
telephone,may,tue,2,999,0,nonexistent,36740
cellular,aug,thu,1,999,1,failure,35747
cellular,jul,mon,2,999,0,nonexistent,9525
cellular,apr,wed,1,999,0,nonexistent,40523
telephone,jun,wed,1,999,0,nonexistent,28674
cellular,jul,tue,5,999,0,nonexistent,1171
cellular,may,fri,3,8,0,nonexistent,3601
cellular,jul,mon,1,999,0,nonexistent,29152
cellular,apr,fri,2,999,0,nonexistent,22539
cellular,nov,thu,5,999,0,nonexistent,37771
cellular,nov,thu,1,999,0,nonexistent,9502
cellular,may,thu,1,999,0,nonexistent,16754
telephone,may,fri,6,999,0,nonexistent,24294
cellular,may,thu,1,999,0,nonexistent,37691
cellular,jul,mon,3,999,0,nonexistent,1123
telephone,jun,fri,7,999,0,nonexistent,25804
cellular,may,fri,1,999,0,nonexistent,34937
telephone,jun,thu,1,999,0,nonexistent,9528
cellular,may,fri,1,999,0,nonexistent,7597
telephone,may,thu,2,999,0,nonexistent,32833
cellular,may,wed,1,6,0,nonexistent,10446
cellular,jul,fri,1,6,0,nonexistent,24998
cellular,oct,thu,1,999,1,failure,8134
cellular,jul,wed,1,999,0,nonexistent,12282
telephone,may,tue,4,999,0,nonexistent,3129
cellular,may,fri,5,999,1,failure,135
telephone,may,mon,9,999,0,nonexistent,40200
telephone,may,tue,1,999,0,nonexistent,27852
cellular,jul,thu,1,999,1,failure,36181
cellular,may,fri,3,999,0,nonexistent,951
telephone,may,fri,2,999,1,success,193
cellular,oct,tue,4,18,0,nonexistent,7527
cellular,aug,tue,2,999,0,nonexistent,8549
telephone,aug,mon,10,999,1,success,2578
cellular,aug,mon,3,999,0,nonexistent,524
telephone,jun,thu,3,999,0,nonexistent,6812
cellular,jul,thu,1,999,0,nonexistent,3034
telephone,may,thu,2,999,1,failure,31340
cellular,jun,mon,1,999,0,nonexistent,9080
cellular,jul,mon,3,999,0,nonexistent,25993
cellular,aug,wed,2,999,1,failure,34814
telephone,may,wed,1,999,0,nonexistent,8774
telephone,jun,tue,7,999,0,nonexistent,32295
cellular,aug,thu,2,999,0,nonexistent,29733
cellular,jul,wed,1,999,0,nonexistent,12128
cellular,jul,mon,7,999,0,nonexistent,14424
cellular,apr,mon,4,999,0,nonexistent,33251
cellular,aug,wed,3,999,0,nonexistent,8028
telephone,sep,tue,1,999,0,nonexistent,35758
cellular,nov,tue,1,999,0,nonexistent,248
cellular,nov,thu,1,3,0,nonexistent,11379
telephone,may,thu,2,999,0,nonexistent,13987
cellular,apr,tue,1,999,0,nonexistent,16940
telephone,may,mon,3,999,0,nonexistent,23335
cellular,aug,thu,1,999,0,nonexistent,4639
telephone,may,wed,1,999,0,nonexistent,19501
telephone,may,fri,1,999,0,nonexistent,26645
cellular,nov,wed,2,999,0,nonexistent,5391
cellular,jul,wed,5,999,0,nonexistent,9392
cellular,mar,fri,5,999,0,nonexistent,26922
cellular,aug,thu,4,999,0,nonexistent,35642
cellular,may,fri,2,999,0,nonexistent,34227
cellular,apr,thu,1,2,1,failure,6454
cellular,aug,tue,1,999,1,failure,9757
cellular,may,tue,7,999,0,nonexistent,2482
cellular,aug,wed,6,999,0,nonexistent,300
cellular,jun,wed,4,999,0,nonexistent,2822
cellular,jul,thu,1,999,0,nonexistent,12783
cellular,jul,wed,1,999,0,nonexistent,31097
telephone,jun,mon,21,999,0,nonexistent,37049
telephone,may,tue,1,999,0,nonexistent,25482
cellular,nov,tue,1,999,0,nonexistent,19744
telephone,may,mon,7,999,0,nonexistent,31828
telephone,jul,fri,2,999,1,success,21629
cellular,may,tue,3,3,0,nonexistent,27198
telephone,may,thu,3,999,0,nonexistent,26657
cellular,aug,mon,1,999,1,failure,37207
telephone,may,wed,1,999,1,failure,6943
telephone,jul,tue,3,999,0,nonexistent,35464
telephone,may,wed,3,999,0,nonexistent,36994
cellular,may,fri,2,999,1,failure,2544
cellular,jun,fri,1,999,0,nonexistent,19710
telephone,jun,mon,5,999,1,failure,21725
cellular,may,fri,2,999,0,nonexistent,5009
cellular,nov,thu,1,999,0,nonexistent,1162
cellular,jul,tue,21,999,0,nonexistent,16564
cellular,apr,fri,1,999,0,nonexistent,10455
cellular,nov,tue,1,999,0,nonexistent,1190
cellular,jul,wed,5,999,0,nonexistent,22376
telephone,may,wed,6,999,0,nonexistent,11487
cellular,jul,mon,2,999,0,nonexistent,27933
telephone,jul,tue,21,999,0,nonexistent,39292
cellular,jul,wed,9,999,0,nonexistent,19942
telephone,may,tue,2,999,0,nonexistent,7607
cellular,may,thu,2,999,0,nonexistent,39465
cellular,dec,mon,3,6,1,success,25337
telephone,may,fri,5,999,0,nonexistent,36714
telephone,may,thu,1,999,0,nonexistent,22166
cellular,aug,tue,4,999,1,failure,14347
cellular,jul,wed,1,999,1,failure,34578
telephone,nov,thu,7,999,0,nonexistent,29105
cellular,aug,tue,1,999,0,nonexistent,5253
telephone,may,thu,2,999,0,nonexistent,5396
telephone,may,tue,1,999,0,nonexistent,22746
cellular,may,wed,2,999,0,nonexistent,8626
telephone,jun,tue,3,999,0,nonexistent,18291
cellular,nov,mon,1,999,0,nonexistent,4845
telephone,may,tue,1,999,0,nonexistent,32446
cellular,jul,mon,2,999,0,nonexistent,14373
cellular,aug,wed,2,999,0,nonexistent,29372
cellular,may,tue,1,999,0,nonexistent,22020
telephone,may,tue,3,999,0,nonexistent,39179
cellular,jul,thu,2,999,0,nonexistent,23216
telephone,jul,fri,1,999,1,failure,19696
cellular,jul,fri,3,999,0,nonexistent,40852
cellular,aug,wed,1,999,0,nonexistent,29140
telephone,may,tue,3,999,0,nonexistent,39196
cellular,nov,fri,9,999,0,nonexistent,20684
telephone,may,fri,4,999,0,nonexistent,12854
telephone,may,wed,1,999,0,nonexistent,8190
telephone,jun,thu,2,999,0,nonexistent,2108
cellular,apr,mon,1,6,1,failure,727
telephone,may,wed,3,999,0,nonexistent,7518
telephone,jun,fri,1,999,0,nonexistent,17318
cellular,aug,thu,1,999,0,nonexistent,19425
cellular,aug,fri,3,999,0,nonexistent,21459
telephone,jun,wed,1,999,0,nonexistent,19064
telephone,jun,thu,1,999,0,nonexistent,33058
telephone,may,fri,4,999,1,failure,23111
cellular,apr,thu,1,999,0,nonexistent,12119
telephone,jun,fri,1,999,1,failure,27920
cellular,aug,thu,1,999,0,nonexistent,15356
cellular,jul,thu,1,999,1,failure,29847
cellular,jul,mon,7,999,0,nonexistent,34770
cellular,jul,fri,12,999,0,nonexistent,16287
telephone,may,mon,3,999,0,nonexistent,29959
cellular,may,thu,4,999,0,nonexistent,3366
telephone,aug,tue,1,999,1,failure,33732
cellular,nov,wed,1,999,0,nonexistent,34742
cellular,nov,wed,1,999,0,nonexistent,17044
cellular,jul,thu,3,999,1,failure,15258
cellular,aug,mon,5,999,0,nonexistent,13134
cellular,aug,wed,2,999,0,nonexistent,33746
telephone,may,thu,1,999,0,nonexistent,32684
telephone,jun,fri,1,999,0,nonexistent,11905
cellular,aug,tue,2,999,0,nonexistent,21651
cellular,apr,tue,1,999,0,nonexistent,8709
cellular,jul,mon,3,999,0,nonexistent,35935
telephone,jun,mon,3,999,0,nonexistent,14463
telephone,may,tue,4,999,0,nonexistent,9753
cellular,nov,tue,2,999,0,nonexistent,9656
cellular,jul,mon,4,999,0,nonexistent,3955
cellular,jul,tue,7,999,0,nonexistent,39108
cellular,may,mon,1,999,0,nonexistent,34417
cellular,aug,tue,3,999,0,nonexistent,35524
cellular,aug,fri,9,999,0,nonexistent,27908
cellular,nov,wed,1,999,0,nonexistent,2068
cellular,jul,mon,5,999,0,nonexistent,21896
telephone,may,wed,2,999,1,failure,25753
cellular,nov,mon,1,999,0,nonexistent,4154
cellular,may,fri,1,999,0,nonexistent,25355
cellular,may,fri,1,999,0,nonexistent,32179
telephone,may,wed,2,999,1,failure,7395
cellular,apr,thu,1,999,0,nonexistent,31459
cellular,jul,wed,2,999,1,failure,10291
cellular,jul,mon,2,999,0,nonexistent,30651
telephone,jun,wed,6,999,0,nonexistent,17455
cellular,may,tue,1,999,0,nonexistent,34251
telephone,may,wed,1,999,0,nonexistent,25068
telephone,jun,mon,4,999,0,nonexistent,4019
telephone,may,tue,1,999,0,nonexistent,39147
cellular,apr,thu,1,999,1,failure,39085
telephone,aug,fri,1,999,0,nonexistent,38296
cellular,nov,thu,2,999,0,nonexistent,17300
cellular,nov,thu,2,999,0,nonexistent,6808
cellular,may,thu,1,999,0,nonexistent,39130
cellular,nov,tue,2,999,0,nonexistent,30799
cellular,nov,thu,4,999,0,nonexistent,26971
telephone,may,fri,3,999,1,failure,28813
cellular,apr,mon,5,9,0,nonexistent,23954
cellular,aug,fri,1,999,0,nonexistent,17541
telephone,may,tue,1,999,0,nonexistent,19251
cellular,may,thu,1,999,0,nonexistent,16456
telephone,jun,fri,8,999,0,nonexistent,26520
cellular,jul,fri,4,999,0,nonexistent,27468
cellular,nov,mon,1,999,0,nonexistent,26033
telephone,may,fri,2,999,0,nonexistent,6218
cellular,jun,mon,1,999,1,failure,5261
telephone,may,thu,4,999,1,failure,26753
telephone,jun,thu,1,999,0,nonexistent,4282
cellular,may,mon,4,999,0,nonexistent,33230
telephone,may,fri,1,999,0,nonexistent,36757
cellular,apr,fri,1,999,0,nonexistent,33986
telephone,jul,mon,1,999,0,nonexistent,36088
telephone,may,fri,5,999,0,nonexistent,14464
cellular,may,tue,2,999,0,nonexistent,297
cellular,jul,wed,2,999,0,nonexistent,34336
cellular,may,thu,1,999,0,nonexistent,29871
cellular,jul,tue,2,999,0,nonexistent,5452
telephone,may,tue,5,999,0,nonexistent,26472
cellular,apr,thu,1,6,0,nonexistent,27654
cellular,sep,thu,1,999,0,nonexistent,22896
telephone,may,tue,4,999,0,nonexistent,8976
cellular,apr,wed,1,5,0,nonexistent,10906
cellular,apr,thu,1,999,0,nonexistent,2804
cellular,nov,mon,1,999,0,nonexistent,14098
cellular,jul,mon,7,999,0,nonexistent,7977
telephone,jun,mon,2,999,0,nonexistent,33097
cellular,may,fri,4,999,1,failure,39642
telephone,nov,thu,2,999,0,nonexistent,33089
telephone,may,mon,3,999,1,failure,21070
telephone,may,fri,2,999,0,nonexistent,36585
cellular,aug,fri,3,999,0,nonexistent,11282
cellular,may,thu,3,999,0,nonexistent,13977
cellular,nov,fri,1,999,0,nonexistent,3786
cellular,jun,mon,1,999,0,nonexistent,21509
telephone,jun,mon,2,999,0,nonexistent,3616
telephone,jun,wed,2,999,0,nonexistent,27241
cellular,may,mon,1,999,0,nonexistent,25272
cellular,may,thu,2,999,0,nonexistent,34206
cellular,jul,wed,1,999,0,nonexistent,36049
cellular,oct,wed,1,6,1,failure,14540
cellular,may,thu,2,999,0,nonexistent,5371
telephone,jun,wed,1,999,0,nonexistent,24654
cellular,jun,tue,1,999,0,nonexistent,32101
cellular,may,tue,3,999,1,failure,16866
cellular,may,wed,1,999,0,nonexistent,15768
telephone,may,fri,9,999,0,nonexistent,20315
cellular,nov,thu,1,999,0,nonexistent,22291
telephone,jun,tue,1,999,1,failure,16557
telephone,jun,mon,4,999,0,nonexistent,16211
cellular,nov,mon,2,999,0,nonexistent,9712
cellular,may,thu,1,999,0,nonexistent,12549
cellular,jul,wed,12,999,0,nonexistent,3730
cellular,mar,mon,4,999,0,nonexistent,6220
cellular,aug,tue,4,999,0,nonexistent,2362
cellular,mar,tue,1,999,0,nonexistent,10649
cellular,aug,fri,2,999,0,nonexistent,17059
cellular,jul,thu,2,6,0,nonexistent,30738
telephone,may,thu,2,999,0,nonexistent,30763
cellular,nov,tue,2,999,1,success,5917
cellular,may,mon,2,999,0,nonexistent,24995
telephone,may,mon,2,999,0,nonexistent,2282
telephone,may,wed,1,999,0,nonexistent,26333
cellular,jun,fri,2,999,0,nonexistent,34106
cellular,aug,mon,3,999,0,nonexistent,22288
cellular,aug,thu,2,6,0,nonexistent,29675
telephone,jun,mon,2,999,0,nonexistent,13751
cellular,sep,fri,5,3,1,failure,31137
telephone,jun,wed,1,999,0,nonexistent,36332
telephone,may,mon,1,999,0,nonexistent,20161
cellular,jul,fri,4,999,0,nonexistent,34455
telephone,may,wed,10,999,0,nonexistent,19915
telephone,jun,fri,2,999,0,nonexistent,39148
cellular,aug,mon,3,999,0,nonexistent,23640
cellular,jul,tue,1,999,0,nonexistent,31121
telephone,jun,thu,2,999,0,nonexistent,36498
telephone,jun,fri,11,999,0,nonexistent,34378
telephone,jun,tue,2,999,0,nonexistent,9893
cellular,jul,thu,4,999,1,failure,26174
telephone,may,wed,2,999,0,nonexistent,33693
telephone,jun,tue,14,999,0,nonexistent,16724
cellular,apr,mon,2,999,0,nonexistent,29516
cellular,aug,fri,4,999,0,nonexistent,31042
cellular,may,mon,2,999,0,nonexistent,36271
telephone,sep,tue,1,999,0,nonexistent,40650
cellular,jul,thu,14,999,1,failure,4590
cellular,nov,fri,3,999,0,nonexistent,35470
cellular,jul,fri,1,999,0,nonexistent,11945
cellular,nov,thu,2,999,1,failure,10877
telephone,may,wed,5,999,0,nonexistent,39252
telephone,may,thu,2,999,0,nonexistent,32979
cellular,sep,fri,2,999,0,nonexistent,24737
cellular,apr,fri,1,999,1,failure,37603
cellular,may,thu,1,999,0,nonexistent,30970
telephone,jun,wed,4,999,1,failure,910
telephone,jun,tue,1,999,0,nonexistent,7678
cellular,jul,fri,3,999,0,nonexistent,32761
cellular,sep,fri,1,999,0,nonexistent,36194
cellular,jul,tue,1,999,1,success,35368
cellular,apr,fri,1,999,0,nonexistent,8345
cellular,aug,tue,10,999,1,failure,26659
cellular,may,thu,2,999,0,nonexistent,30881
cellular,aug,tue,1,999,1,failure,15668
cellular,aug,fri,1,999,0,nonexistent,7162
telephone,jul,thu,1,999,0,nonexistent,30147
cellular,aug,wed,1,6,0,nonexistent,5061
cellular,mar,tue,2,999,0,nonexistent,23030
cellular,mar,tue,1,999,0,nonexistent,24242
cellular,may,tue,2,999,0,nonexistent,13208
cellular,aug,mon,1,999,0,nonexistent,3350
telephone,may,tue,2,999,0,nonexistent,22879
telephone,jun,fri,2,999,0,nonexistent,17502
cellular,jul,wed,1,999,0,nonexistent,22630
telephone,may,tue,1,999,1,failure,12032
cellular,aug,mon,2,999,0,nonexistent,25284
telephone,apr,wed,1,6,0,nonexistent,24936
telephone,may,thu,3,999,0,nonexistent,35023
cellular,aug,wed,1,999,1,failure,2130
cellular,apr,fri,3,999,0,nonexistent,26013
cellular,aug,mon,2,999,0,nonexistent,16273
cellular,may,mon,4,999,0,nonexistent,33974
cellular,jul,mon,3,999,0,nonexistent,31960
cellular,jul,fri,2,999,0,nonexistent,32408
telephone,jun,tue,5,999,0,nonexistent,32171
cellular,apr,fri,1,999,0,nonexistent,19851
telephone,jun,mon,1,999,0,nonexistent,37482
telephone,jul,fri,5,999,0,nonexistent,36005
telephone,jun,mon,2,999,0,nonexistent,8814
telephone,may,tue,1,999,0,nonexistent,36625
cellular,may,fri,2,999,0,nonexistent,27593
cellular,aug,mon,1,999,0,nonexistent,9468
cellular,aug,mon,1,999,0,nonexistent,18528
telephone,jun,tue,1,999,0,nonexistent,35003
cellular,aug,mon,3,999,1,failure,6050
cellular,jul,mon,2,999,1,failure,27526
cellular,jul,wed,1,999,0,nonexistent,25529
cellular,aug,tue,1,999,0,nonexistent,8395
cellular,apr,mon,4,999,0,nonexistent,16890
cellular,may,thu,1,12,1,failure,29981
cellular,may,thu,1,999,0,nonexistent,19872
cellular,jul,fri,3,999,0,nonexistent,4105
