Loan_ID,LoanAmount,Loan_Amount_Term,Credit_History,Self_Employed,ApplicantIncome,CoapplicantIncome,Gender,Dependents,Married,Education,First_name,Last_name,Nationality,Property_Area,Loan_Status
LPP002991,145.0,360.0,1.0,No,5849,0.0,Male,0,No,Graduate,Anthony,Larsen,Mauritius,Urban,Y
LPP002992,128.0,360.0,1.0,No,4583,1508.0,Male,1,Yes,Graduate,Robert,Shaw,Cyprus,Rural,N
LPP002993,66.0,360.0,1.0,Yes,3000,0.0,Male,0,Yes,Graduate,Amanda,Wilkinson,Montenegro,Urban,Y
LPP002994,120.0,360.0,1.0,No,2583,2358.0,Male,0,Yes,Not Graduate,Tiffany,Carr,Belarus,Urban,Y
LPP002995,141.0,360.0,1.0,No,6000,0.0,Male,0,No,Graduate,Jared,Glenn,Venezuela,Urban,Y
LPP002996,267.0,360.0,1.0,Yes,5417,4196.0,Male,2,Yes,Graduate,Jennifer,Burch,Congo,Urban,Y
LPP002997,95.0,360.0,1.0,No,2333,1516.0,Male,0,Yes,Not Graduate,John,Watts,Brazil,Urban,Y
LPP002998,158.0,360.0,0.0,No,3036,2504.0,Male,3+,Yes,Graduate,Courtney,Reid,Micronesia,Semiurban,N
LPP002999,168.0,360.0,1.0,No,4006,1526.0,Male,2,Yes,Graduate,Noah,Ward,Croatia,Urban,Y
LPP003000,349.0,360.0,1.0,No,12841,10968.0,Male,1,Yes,Graduate,Michael,Keith,Palestinian Territory,Semiurban,N
LPP003001,70.0,360.0,1.0,No,3200,700.0,Male,2,Yes,Graduate,Steven,Avila,Mauritania,Urban,Y
LPP003002,109.0,360.0,1.0,No,2500,1840.0,Male,2,Yes,Graduate,Felicia,Hunter,Algeria,Urban,Y
LPP003003,200.0,360.0,1.0,No,3073,8106.0,Male,2,Yes,Graduate,David,Cooper,Australia,Urban,Y
LPP003004,114.0,360.0,1.0,No,1853,2840.0,Male,0,No,Graduate,Samantha,Chavez,Tajikistan,Rural,N
LPP003005,17.0,360.0,1.0,No,1299,1086.0,Male,2,Yes,Graduate,Greg,Williams,Tonga,Urban,Y
LPP003006,125.0,360.0,1.0,No,4950,0.0,Male,0,No,Graduate,Kristen,Cobb,Belize,Urban,Y
LPP003007,100.0,360.0,1.0,No,3596,0.0,Male,1,No,Not Graduate,Kristin,Hughes,Korea,Urban,Y
LPP003008,76.0,360.0,0.0,No,3510,0.0,Female,0,No,Graduate,Andrew,Garrett,Nicaragua,Urban,N
LPP003009,133.0,360.0,1.0,No,4887,0.0,Male,0,Yes,Not Graduate,Benjamin,Bush,Turkey,Rural,N
LPP003010,115.0,360.0,1.0,No,2600,3500.0,Male,0,Yes,Graduate,Charles,Boyd,Montenegro,Urban,Y
LPP003011,104.0,360.0,0.0,No,7660,0.0,Male,0,Yes,Not Graduate,Crystal,Day,Greenland,Urban,N
LPP003012,315.0,360.0,1.0,No,5955,5625.0,Male,1,Yes,Graduate,Sarah,Peters,Bouvet Island (Bouvetoya),Urban,Y
LPP003013,116.0,360.0,0.0,No,2600,1911.0,Male,0,Yes,Not Graduate,Jeanette,Allison,Nauru,Semiurban,N
LPP003014,112.0,360.0,0.0,No,3365,1917.0,unknown,2,Yes,Not Graduate,Donna,Arnold,Dominican Republic,Rural,N
LPP003015,151.0,360.0,1.0,No,3717,2925.0,Male,1,Yes,Graduate,Shelby,Osborne,Cameroon,Semiurban,N
LPP003016,191.0,360.0,1.0,Yes,9560,0.0,Male,0,Yes,Graduate,Bobby,Roberts,Tanzania,Semiurban,Y
LPP003017,122.0,360.0,1.0,No,2799,2253.0,Male,0,Yes,Graduate,Samantha,Murphy,Tanzania,Semiurban,Y
LPP003018,110.0,360.0,1.0,No,4226,1040.0,Male,2,Yes,Not Graduate,Chelsea,Andrews,Burkina Faso,Urban,Y
LPP003019,35.0,360.0,1.0,No,1442,0.0,Male,0,No,Not Graduate,Michelle,Middleton,Tanzania,Urban,N
LPP003020,120.0,360.0,1.0,No,3750,2083.0,Female,2,No,Graduate,Joshua,Coleman,Luxembourg,Semiurban,Y
LPP003021,201.0,360.0,1.0,No,4166,3369.0,Male,1,Yes,Graduate,Jennifer,Weeks,Colombia,Urban,N
LPP003022,74.0,360.0,1.0,No,3167,0.0,Male,0,No,Graduate,Mark,Olson,Georgia,Urban,N
LPP003023,106.0,360.0,1.0,Yes,4692,0.0,Male,1,No,Graduate,Brandon,Rivera,Western Sahara,Rural,N
LPP003024,114.0,360.0,1.0,No,3500,1667.0,Male,0,Yes,Graduate,William,Davis,Vietnam,Semiurban,Y
LPP003025,320.0,360.0,1.0,No,12500,3000.0,Male,3+,No,Graduate,Jessica,Thompson,Nicaragua,Rural,N
LPP003026,145.0,360.0,1.0,No,2275,2067.0,Male,0,Yes,Graduate,Valerie,Gardner,Marshall Islands,Urban,Y
LPP003027,100.0,360.0,0.0,No,1828,1330.0,Male,0,Yes,Graduate,Amanda,Macias,Zimbabwe,Urban,N
LPP003028,144.0,360.0,1.0,No,3667,1459.0,Female,0,Yes,Graduate,Tony,Wall,Senegal,Semiurban,Y
LPP003029,184.0,360.0,1.0,No,4166,7210.0,Male,0,No,Graduate,David,Robinson,Saint Barthelemy,Urban,Y
LPP003030,110.0,360.0,1.0,No,3748,1668.0,Male,0,No,Not Graduate,Nicholas,Case,Grenada,Semiurban,Y
LPP003031,80.0,360.0,1.0,No,3600,0.0,Male,0,No,Graduate,Andre,Erickson,Seychelles,Urban,N
LPP003032,47.0,360.0,1.0,No,1800,1213.0,Male,0,No,Graduate,Paul,Gutierrez,Svalbard & Jan Mayen Islands,Urban,Y
LPP003033,75.0,360.0,1.0,No,2400,0.0,Male,0,Yes,Graduate,Sydney,Bowman,Grenada,Urban,Y
LPP003034,134.0,360.0,1.0,No,3941,2336.0,Male,0,Yes,Graduate,Gary,Baxter,Guyana,Semiurban,Y
LPP003035,96.0,360.0,1.0,Yes,4695,0.0,Male,0,Yes,Not Graduate,Linda,Kerr,Austria,Urban,Y
LPP003036,88.0,360.0,1.0,No,3410,0.0,Female,0,No,Graduate,Jeffery,Lopez,Central African Republic,Urban,Y
LPP003037,44.0,360.0,1.0,No,5649,0.0,Male,1,Yes,Graduate,Gary,Burke,New Zealand,Urban,Y
LPP003038,144.0,360.0,1.0,No,5821,0.0,Male,0,Yes,Graduate,Bridget,Lopez,Russian Federation,Urban,Y
LPP003039,120.0,360.0,0.0,No,2645,3440.0,Female,0,Yes,Graduate,Joseph,Arnold,Czech Republic,Urban,N
LPP003040,144.0,360.0,1.0,No,4000,2275.0,Female,0,No,Graduate,Amy,Cisneros,Puerto Rico,Semiurban,Y
LPP003041,100.0,360.0,1.0,No,1928,1644.0,Female,0,Yes,Not Graduate,Catherine,Miles,Norway,Semiurban,Y
LPP003042,120.0,360.0,1.0,No,3086,0.0,Female,0,No,Graduate,Angela,Oneill,Afghanistan,Semiurban,Y
LPP003043,112.0,360.0,1.0,No,4230,0.0,Female,0,No,Graduate,Lawrence,Brown,Iraq,Semiurban,N
LPP003044,134.0,360.0,1.0,No,4616,0.0,Male,2,Yes,Graduate,Zachary,Gonzalez,Gabon,Urban,N
LPP003045,286.0,360.0,0.0,Yes,11500,0.0,Female,1,Yes,Graduate,Jeremiah,Mejia,Mongolia,Urban,N
LPP003046,97.0,360.0,1.0,No,2708,1167.0,Male,2,Yes,Graduate,Kevin,Jordan,Netherlands,Semiurban,Y
LPP003047,96.0,360.0,1.0,No,2132,1591.0,Male,0,Yes,Graduate,Christopher,Mullins,Mauritius,Semiurban,Y
LPP003048,135.0,360.0,1.0,No,3366,2200.0,Male,0,Yes,Graduate,Michael,Davis,San Marino,Rural,N
LPP003049,180.0,360.0,1.0,No,8080,2250.0,Male,1,Yes,Graduate,Jon,Brady,Switzerland,Urban,Y
LPP003050,144.0,360.0,1.0,No,3357,2859.0,Male,2,Yes,Not Graduate,Kimberly,Burnett,Macao,Urban,Y
LPP003051,120.0,360.0,1.0,No,2500,3796.0,Male,0,Yes,Graduate,Mark,Taylor,Solomon Islands,Urban,Y
LPP003052,99.0,360.0,1.0,No,3029,0.0,Male,3+,Yes,Graduate,Laura,Bernard,Korea,Urban,Y
LPP003053,165.0,360.0,0.0,Yes,2609,3449.0,Male,0,Yes,Not Graduate,Mary,Burnett,Puerto Rico,Rural,N
LPP003054,145.0,360.0,0.0,No,4945,0.0,Male,1,Yes,Graduate,Brandon,Moore,Armenia,Rural,N
LPP003055,116.0,360.0,0.0,No,4166,0.0,Female,0,No,Graduate,Tom,Sanders,Benin,Semiurban,N
LPP003056,258.0,360.0,1.0,No,5726,4595.0,Male,0,Yes,Graduate,Debra,Orr,United States Virgin Islands,Semiurban,N
LPP003057,126.0,360.0,0.0,No,3200,2254.0,Male,0,No,Not Graduate,Laura,Gould,Bangladesh,Urban,N
LPP003058,312.0,360.0,1.0,No,10750,0.0,Male,1,Yes,Graduate,Brittany,Scott,Bouvet Island (Bouvetoya),Urban,Y
LPP003059,125.0,360.0,1.0,Yes,7100,0.0,Male,3+,Yes,Not Graduate,Thomas,Little,Christmas Island,Urban,Y
LPP003060,136.0,360.0,0.0,No,4300,0.0,Female,0,No,Graduate,David,Rowe,Heard Island and McDonald Islands,Semiurban,N
LPP003061,172.0,360.0,1.0,No,3208,3066.0,Male,0,Yes,Graduate,Benjamin,Warren,Guinea-Bissau,Urban,Y
LPP003062,97.0,360.0,1.0,Yes,1875,1875.0,Male,2,Yes,Not Graduate,Mary,Mann,Kuwait,Semiurban,Y
LPP003063,81.0,360.0,1.0,No,3500,0.0,Male,0,No,Graduate,Jose,Jenkins,Netherlands Antilles,Semiurban,Y
LPP003064,95.0,360.0,0.0,No,4755,0.0,Male,3+,Yes,Not Graduate,Christopher,Scott,Iraq,Semiurban,N
LPP003065,187.0,360.0,1.0,Yes,5266,1774.0,Male,3+,Yes,Graduate,Desiree,Hayes,Bangladesh,Semiurban,Y
LPP003066,113.0,360.0,1.0,No,3750,0.0,Male,0,No,Graduate,Carlos,Olson,Niue,Urban,N
LPP003067,176.0,360.0,1.0,No,3750,4750.0,Male,0,No,Graduate,Tiffany,Rogers,Ghana,Urban,N
LPP003068,110.0,360.0,1.0,Yes,1000,3022.0,Male,1,Yes,Graduate,Gregory,Blackburn,Sudan,Urban,N
LPP003069,180.0,360.0,0.0,No,3167,4000.0,Male,3+,Yes,Graduate,Jeffrey,Hinton,Christmas Island,Semiurban,N
LPP003070,130.0,360.0,1.0,Yes,3333,2166.0,Male,3+,Yes,Not Graduate,Ashley,Strickland,United Kingdom,Semiurban,Y
LPP003071,111.0,360.0,1.0,No,3846,0.0,Female,0,No,Graduate,Paul,Farley,United States Minor Outlying Islands,Semiurban,Y
LPP003072,145.0,360.0,1.0,Yes,2395,0.0,Male,1,Yes,Graduate,Sherry,Wagner,El Salvador,Semiurban,Y
LPP003073,167.0,360.0,1.0,No,1378,1881.0,Female,2,Yes,Graduate,Kirk,Walker,Bangladesh,Urban,N
LPP003074,265.0,360.0,1.0,No,6000,2250.0,Male,0,Yes,Graduate,Alexander,Wilson,Pakistan,Semiurban,N
LPP003075,50.0,360.0,1.0,No,3988,0.0,Male,1,Yes,Graduate,Victoria,Graham,Guinea-Bissau,Urban,Y
LPP003076,136.0,360.0,1.0,No,2366,2531.0,Male,0,No,Graduate,Emily,Carr,Cape Verde,Semiurban,Y
LPP003077,99.0,360.0,1.0,No,3333,2000.0,Male,2,Yes,Not Graduate,Paula,Murphy,Cyprus,Semiurban,Y
LPP003078,104.0,360.0,1.0,No,2500,2118.0,Male,0,Yes,Graduate,Sherry,Gutierrez,Haiti,Semiurban,Y
LPP003079,210.0,360.0,1.0,No,8566,0.0,Male,0,No,Graduate,Tyler,Villanueva,Jersey,Urban,Y
LPP003080,175.0,360.0,1.0,No,5695,4167.0,Male,0,Yes,Graduate,Amanda,Jimenez,United States Minor Outlying Islands,Semiurban,Y
LPP003081,131.0,360.0,1.0,No,2958,2900.0,Male,0,Yes,Graduate,Kenneth,Salinas,Brazil,Semiurban,Y
LPP003082,188.0,360.0,1.0,No,6250,5654.0,Male,2,Yes,Graduate,Jeffery,Alvarez,Gambia,Semiurban,Y
LPP003083,81.0,360.0,1.0,No,3273,1820.0,Male,2,Yes,Not Graduate,Elizabeth,Thompson,Israel,Urban,Y
LPP003084,122.0,360.0,1.0,No,4133,0.0,Male,0,No,Graduate,Marie,Hines,Vietnam,Semiurban,Y
LPP003085,25.0,360.0,1.0,No,3620,0.0,Male,0,No,Not Graduate,Daniel,Moore,Eritrea,Semiurban,Y
LPP003086,145.0,360.0,1.0,No,6782,0.0,Male,0,No,Graduate,Carl,Cruz,Guinea,Urban,N
LPP003087,137.0,360.0,1.0,No,2484,2302.0,Female,0,Yes,Graduate,John,Campbell,Cuba,Semiurban,Y
LPP003088,50.0,360.0,1.0,No,1977,997.0,Male,0,Yes,Graduate,Cesar,Delgado,Botswana,Semiurban,Y
LPP003089,115.0,360.0,1.0,No,4188,0.0,Male,0,Yes,Not Graduate,Sonya,Rhodes,Argentina,Semiurban,Y
LPP003090,131.0,360.0,1.0,No,1759,3541.0,Male,0,Yes,Graduate,Vanessa,Lambert,Cameroon,Semiurban,Y
LPP003091,133.0,360.0,1.0,No,4288,3263.0,Male,2,Yes,Not Graduate,Amber,Jackson,Kuwait,Urban,Y
LPP003092,151.0,360.0,1.0,No,4843,3806.0,Male,0,No,Graduate,Gary,Stone,Spain,Semiurban,Y
LPP003093,145.0,360.0,1.0,No,13650,0.0,Male,0,Yes,Graduate,Vickie,Nunez,Saint Vincent and the Grenadines,Urban,Y
LPP003094,145.0,360.0,1.0,No,4652,3583.0,Male,0,Yes,Graduate,Kayla,Lara,Jordan,Semiurban,Y
LPP003095,160.0,360.0,1.0,No,3816,754.0,Male,0,No,Graduate,Patricia,Chavez,Guatemala,Urban,Y
LPP003096,100.0,360.0,1.0,No,3052,1030.0,Male,1,Yes,Graduate,Cynthia,Hayes,Tokelau,Urban,Y
LPP003097,225.0,360.0,1.0,No,11417,1126.0,Male,2,Yes,Graduate,Ebony,Phillips,Guinea,Urban,Y
LPP003098,120.0,360.0,1.0,No,7333,0.0,Male,0,No,Not Graduate,Leslie,Ramos,Cook Islands,Rural,N
LPP003099,216.0,360.0,0.0,No,3800,3600.0,Male,2,Yes,Graduate,Rachel,Smith,Bermuda,Urban,N
LPP003100,94.0,360.0,1.0,No,2071,754.0,Male,3+,Yes,Not Graduate,Michael,Lyons,Bulgaria,Semiurban,Y
LPP003101,136.0,360.0,1.0,No,5316,0.0,Male,0,No,Graduate,Lynn,Marsh,Cayman Islands,Urban,Y
LPP003102,139.0,360.0,1.0,No,2929,2333.0,Female,0,Yes,Graduate,Kenneth,Humphrey,Armenia,Semiurban,Y
LPP003103,152.0,360.0,0.0,No,3572,4114.0,Male,0,Yes,Not Graduate,James,Hill,Seychelles,Rural,N
LPP003104,145.0,360.0,1.0,Yes,7451,0.0,Female,1,No,Graduate,Margaret,Boyd,British Virgin Islands,Semiurban,Y
LPP003105,118.0,360.0,1.0,No,5050,0.0,Male,0,No,Graduate,Hannah,Brown,Northern Mariana Islands,Semiurban,Y
LPP003106,185.0,360.0,1.0,No,14583,0.0,Male,1,Yes,Graduate,William,Martinez,Kyrgyz Republic,Rural,Y
LPP003107,154.0,360.0,1.0,No,3167,2283.0,Female,0,Yes,Graduate,Donald,Duncan,Mauritius,Semiurban,Y
LPP003108,85.0,360.0,1.0,No,2214,1398.0,Male,1,Yes,Graduate,Amanda,Lloyd,Trinidad and Tobago,Urban,Y
LPP003109,175.0,360.0,1.0,No,5568,2142.0,Male,0,Yes,Graduate,Edwin,Morgan,Brunei Darussalam,Rural,N
LPP003110,259.0,360.0,1.0,No,10408,0.0,Female,0,No,Graduate,Shannon,Small,Gibraltar,Urban,Y
LPP003111,180.0,360.0,1.0,No,5667,2667.0,Male,0,Yes,Graduate,Thomas,Price,Belarus,Rural,Y
LPP003112,44.0,360.0,1.0,No,4166,0.0,Female,0,No,Graduate,David,Tucker,Ukraine,Semiurban,Y
LPP003113,137.0,360.0,0.0,No,2137,8980.0,Female,0,No,Graduate,Veronica,King,Taiwan,Semiurban,Y
LPP003114,81.0,360.0,1.0,No,2957,0.0,Male,2,Yes,Graduate,Terry,Phillips,Lao People's Democratic Republic,Semiurban,Y
LPP003115,194.0,360.0,1.0,No,4300,2014.0,Male,0,Yes,Not Graduate,Pamela,Cochran,Kuwait,Rural,Y
LPP003116,93.0,360.0,1.0,No,3692,0.0,Female,0,No,Graduate,Jeffrey,Holland,Estonia,Rural,Y
LPP003117,370.0,360.0,1.0,No,23803,0.0,unknown,3+,Yes,Graduate,Joseph,Ross,Svalbard & Jan Mayen Islands,Rural,Y
LPP003118,145.0,360.0,1.0,No,3865,1640.0,Male,0,No,Graduate,Chelsey,Duran,Macao,Rural,Y
LPP003119,160.0,360.0,0.0,Yes,10513,3850.0,Male,1,Yes,Graduate,Michelle,Webster,Luxembourg,Urban,N
LPP003120,182.0,360.0,1.0,No,6080,2569.0,Male,0,Yes,Graduate,Katherine,Cantrell,Malta,Rural,N
LPP003121,650.0,360.0,1.0,Yes,20166,0.0,Male,0,No,Graduate,John,Lewis,American Samoa,Urban,Y
LPP003122,74.0,360.0,1.0,No,2014,1929.0,Male,0,No,Graduate,Peggy,Rodriguez,Timor-Leste,Urban,Y
LPP003123,70.0,360.0,1.0,No,2718,0.0,Male,0,No,Graduate,Bradley,Miller,Grenada,Semiurban,Y
LPP003124,25.0,360.0,1.0,Yes,3459,0.0,Male,0,Yes,Graduate,Richard,Dominguez,Turkey,Semiurban,Y
LPP003125,102.0,360.0,1.0,No,4895,0.0,Male,0,No,Graduate,Kirsten,Owens,Monaco,Semiurban,Y
LPP003126,290.0,360.0,1.0,No,4000,7750.0,Male,3+,Yes,Graduate,Jessica,Braun,Pitcairn Islands,Semiurban,N
LPP003127,84.0,360.0,1.0,No,4583,0.0,Female,0,Yes,Graduate,William,Martin,Armenia,Rural,N
LPP003128,88.0,360.0,1.0,Yes,3316,3500.0,Male,2,Yes,Graduate,Melissa,Schmitt,Pakistan,Urban,Y
LPP003129,242.0,360.0,0.0,No,14999,0.0,Male,0,No,Graduate,Jade,Fox,Montserrat,Semiurban,N
LPP003130,129.0,360.0,1.0,No,4200,1430.0,Male,2,Yes,Not Graduate,Nancy,Sandoval,Botswana,Rural,N
LPP003131,185.0,360.0,1.0,No,5042,2083.0,Male,2,Yes,Graduate,Sandra,Myers,Saint Helena,Rural,N
LPP003132,168.0,360.0,1.0,No,5417,0.0,Male,0,No,Graduate,Jenna,Washington,Netherlands,Urban,Y
LPP003133,175.0,360.0,1.0,Yes,6950,0.0,Male,0,No,Graduate,Erik,Lutz,Cuba,Semiurban,Y
LPP003134,122.0,360.0,1.0,No,2698,2034.0,Male,0,Yes,Graduate,David,Hurst,Slovenia,Semiurban,Y
LPP003135,187.0,360.0,1.0,No,11757,0.0,Male,2,Yes,Graduate,Cynthia,Young,Lao People's Democratic Republic,Urban,Y
LPP003136,100.0,360.0,1.0,No,2330,4486.0,Female,0,Yes,Graduate,Angela,Sullivan,Canada,Semiurban,Y
LPP003137,70.0,360.0,1.0,No,14866,0.0,Female,2,Yes,Graduate,Robin,Gaines,Panama,Urban,Y
LPP003138,30.0,360.0,1.0,No,1538,1425.0,Male,1,Yes,Graduate,Melissa,Harris,French Guiana,Urban,Y
LPP003139,225.0,360.0,1.0,No,10000,1666.0,Female,0,No,Graduate,Lindsay,Floyd,Hong Kong,Rural,N
LPP003140,125.0,360.0,1.0,No,4860,830.0,Male,0,Yes,Graduate,Marie,Harris,Faroe Islands,Semiurban,Y
LPP003141,118.0,360.0,0.0,No,6277,0.0,Male,0,No,Graduate,Sonya,Cooper,Barbados,Rural,N
LPP003142,152.0,360.0,1.0,Yes,2577,3750.0,Male,0,Yes,Graduate,Larry,Mcfarland,Albania,Rural,Y
LPP003143,244.0,360.0,1.0,No,9166,0.0,Male,0,No,Graduate,Richard,Spencer,Greece,Urban,N
LPP003144,113.0,360.0,1.0,No,2281,0.0,Male,2,Yes,Not Graduate,Marie,Rose,Panama,Rural,N
LPP003145,50.0,360.0,1.0,No,3254,0.0,Male,0,No,Graduate,Megan,Jackson,Gibraltar,Urban,Y
LPP003146,600.0,360.0,0.0,No,39999,0.0,Male,3+,Yes,Graduate,Sean,Booth,Burundi,Semiurban,Y
LPP003147,160.0,360.0,1.0,No,6000,0.0,Male,1,Yes,Graduate,Alexandra,Fisher,Greenland,Rural,Y
LPP003148,187.0,360.0,1.0,No,9538,0.0,Male,1,Yes,Graduate,Ashley,Lee,Kazakhstan,Urban,Y
LPP003149,120.0,360.0,1.0,No,2980,2083.0,Male,0,No,Graduate,Joann,Juarez,Grenada,Rural,Y
LPP003150,255.0,360.0,1.0,No,4583,5625.0,Male,0,Yes,Graduate,James,Romero,Grenada,Semiurban,Y
LPP003151,98.0,360.0,1.0,No,1863,1041.0,Male,0,Yes,Not Graduate,Mark,Norris,Saint Vincent and the Grenadines,Semiurban,Y
LPP003152,275.0,360.0,1.0,No,7933,0.0,Male,0,Yes,Graduate,Daniel,Rivera,Timor-Leste,Urban,N
LPP003153,121.0,360.0,0.0,No,3089,1280.0,Male,1,Yes,Graduate,Lori,Adams,Sao Tome and Principe,Semiurban,N
LPP003154,158.0,360.0,1.0,No,4167,1447.0,Male,2,Yes,Graduate,David,Adams,Romania,Rural,Y
LPP003155,75.0,360.0,1.0,No,9323,0.0,Male,0,Yes,Graduate,Jessica,Banks,El Salvador,Urban,Y
LPP003156,182.0,360.0,1.0,No,3707,3166.0,Male,0,Yes,Graduate,Melissa,Mason,United Kingdom,Rural,Y
LPP003157,112.0,360.0,1.0,No,4583,0.0,Female,0,Yes,Graduate,Michael,Young,Isle of Man,Rural,N
LPP003158,129.0,360.0,1.0,No,2439,3333.0,Male,0,Yes,Graduate,Frank,Murphy,British Indian Ocean Territory (Chagos Archipelago),Rural,Y
LPP003159,63.0,360.0,0.0,No,2237,0.0,Male,0,No,Graduate,Laura,Lee,Turks and Caicos Islands,Semiurban,N
LPP003160,200.0,360.0,1.0,No,8000,0.0,Male,2,Yes,Graduate,Caitlin,Galloway,Nepal,Semiurban,Y
LPP003161,95.0,360.0,1.0,No,1820,1769.0,Male,0,Yes,Not Graduate,Steven,George,Bouvet Island (Bouvetoya),Rural,Y
LPP003162,700.0,360.0,1.0,No,51763,0.0,unknown,3+,Yes,Graduate,Jenna,Macias,Lao People's Democratic Republic,Urban,Y
LPP003163,81.0,360.0,1.0,No,3522,0.0,Male,3+,Yes,Not Graduate,Sheila,Torres,Albania,Rural,N
LPP003164,187.0,360.0,1.0,No,5708,5625.0,Male,0,Yes,Graduate,Darren,Chen,Guernsey,Semiurban,Y
LPP003165,87.0,360.0,1.0,Yes,4344,736.0,Male,0,Yes,Not Graduate,Andrew,Kemp,Timor-Leste,Semiurban,N
LPP003166,116.0,360.0,1.0,No,3497,1964.0,Male,0,Yes,Graduate,Gregory,Ware,Ghana,Rural,Y
LPP003167,101.0,360.0,1.0,No,2045,1619.0,Male,2,Yes,Graduate,Ryan,Nielsen,Svalbard & Jan Mayen Islands,Rural,Y
LPP003168,495.0,360.0,0.0,No,5516,11300.0,Male,3+,Yes,Graduate,George,Duncan,Oman,Semiurban,N
LPP003169,116.0,360.0,1.0,No,3750,0.0,Male,1,Yes,Graduate,Laura,Woodard,Senegal,Semiurban,Y
LPP003170,102.0,360.0,0.0,No,2333,1451.0,Male,0,No,Not Graduate,Robert,Small,Dominican Republic,Urban,N
LPP003171,180.0,360.0,0.0,No,6400,7250.0,Male,1,Yes,Graduate,David,Cook,Syrian Arab Republic,Urban,N
LPP003172,67.0,360.0,1.0,No,1916,5063.0,Male,0,No,Graduate,Michael,Jackson,Mozambique,Rural,N
LPP003173,73.0,360.0,1.0,No,4600,0.0,Male,0,Yes,Graduate,Thomas,Wright,Montenegro,Semiurban,Y
LPP003174,260.0,360.0,1.0,No,33846,0.0,Male,1,Yes,Graduate,Robert,Barnes,Kenya,Semiurban,N
LPP003175,108.0,360.0,1.0,No,3625,0.0,Female,0,Yes,Graduate,John,Yates,Anguilla,Semiurban,Y
LPP003176,120.0,360.0,1.0,Yes,39147,4750.0,Male,0,Yes,Graduate,David,Wilson,Namibia,Semiurban,Y
LPP003177,66.0,360.0,0.0,Yes,2178,0.0,Male,1,Yes,Graduate,Michael,Raymond,Austria,Rural,N
LPP003178,58.0,360.0,1.0,No,2383,2138.0,Male,0,Yes,Graduate,Sara,Lopez,Ecuador,Rural,Y
LPP003179,168.0,360.0,1.0,Yes,674,5296.0,unknown,0,Yes,Graduate,Alex,Roberts,Reunion,Rural,Y
LPP003180,188.0,360.0,1.0,No,9328,0.0,Male,0,Yes,Graduate,Theresa,Lopez,United States Virgin Islands,Rural,Y
LPP003181,48.0,360.0,1.0,No,4885,0.0,Male,0,No,Not Graduate,Dana,Adams,Haiti,Rural,Y
LPP003182,164.0,360.0,1.0,No,12000,0.0,Male,0,No,Graduate,Dennis,Ingram,Indonesia,Semiurban,N
LPP003183,160.0,360.0,1.0,No,6033,0.0,Male,0,Yes,Not Graduate,Tara,Miller,Pakistan,Urban,N
LPP003184,76.0,360.0,1.0,No,3858,0.0,Male,0,No,Graduate,Chad,Payne,Korea,Semiurban,Y
LPP003185,120.0,360.0,1.0,No,4191,0.0,Male,0,No,Graduate,Nicole,Smith,Poland,Rural,Y
LPP003186,170.0,360.0,1.0,No,3125,2583.0,Male,1,Yes,Graduate,Bradley,Wall,Ecuador,Semiurban,N
LPP003187,187.0,360.0,1.0,No,8333,3750.0,Male,0,No,Graduate,Robert,Hammond,Mozambique,Rural,Y
LPP003188,120.0,360.0,1.0,No,1907,2365.0,Female,0,No,Not Graduate,David,Parker,Lesotho,Urban,Y
LPP003189,113.0,360.0,1.0,No,3416,2816.0,Female,0,Yes,Graduate,Gary,Ball,British Indian Ocean Territory (Chagos Archipelago),Semiurban,Y
LPP003190,83.0,360.0,1.0,Yes,11000,0.0,Male,0,No,Graduate,Jason,Boyd,Panama,Urban,N
LPP003191,90.0,360.0,1.0,No,2600,2500.0,Male,1,Yes,Not Graduate,Sandra,Edwards,Kyrgyz Republic,Semiurban,Y
LPP003192,166.0,360.0,0.0,No,4923,0.0,Male,2,No,Graduate,Amanda,Gordon,Netherlands Antilles,Semiurban,Y
LPP003193,145.0,360.0,1.0,No,3992,0.0,Male,3+,Yes,Not Graduate,Shawn,Howard,Spain,Urban,N
LPP003194,135.0,360.0,1.0,No,3500,1083.0,Male,1,Yes,Not Graduate,Christopher,Best,Saudi Arabia,Urban,Y
LPP003195,124.0,360.0,1.0,No,3917,0.0,Male,2,Yes,Not Graduate,Jay,Alvarez,Lithuania,Semiurban,Y
LPP003196,120.0,360.0,1.0,No,4408,0.0,Female,0,No,Not Graduate,Matthew,Adams,Albania,Semiurban,Y
LPP003197,80.0,360.0,1.0,No,3244,0.0,Female,0,No,Graduate,Seth,Day,Gabon,Urban,Y
LPP003198,55.0,360.0,1.0,No,3975,2531.0,Male,0,No,Not Graduate,David,Arias,Bouvet Island (Bouvetoya),Rural,Y
LPP003199,59.0,360.0,1.0,No,2479,0.0,Male,0,No,Graduate,Tracey,Henderson,Croatia,Urban,Y
LPP003200,127.0,360.0,1.0,No,3418,0.0,Male,0,No,Graduate,Nicholas,Mcgrath,Vanuatu,Semiurban,N
LPP003201,214.0,360.0,1.0,No,10000,0.0,Female,0,No,Graduate,Zachary,Levy,American Samoa,Semiurban,N
LPP003202,128.0,360.0,0.0,No,3430,1250.0,Male,3+,Yes,Graduate,Carol,Simmons,Costa Rica,Semiurban,N
LPP003203,240.0,360.0,1.0,Yes,7787,0.0,Male,1,Yes,Graduate,Rhonda,Berg,Micronesia,Urban,Y
LPP003204,130.0,360.0,1.0,Yes,5703,0.0,Male,3+,Yes,Not Graduate,Stephen,Duran,Svalbard & Jan Mayen Islands,Rural,Y
LPP003205,137.0,360.0,1.0,No,3173,3021.0,Male,0,Yes,Graduate,Brittany,Turner,Niue,Urban,Y
LPP003206,100.0,360.0,1.0,No,3850,983.0,Male,3+,Yes,Not Graduate,Ryan,Lloyd,Liberia,Semiurban,Y
LPP003207,135.0,360.0,1.0,No,150,1800.0,Male,0,Yes,Graduate,William,Bentley,Tokelau,Rural,N
LPP003208,131.0,360.0,1.0,No,3727,1775.0,Male,0,Yes,Graduate,Madison,Farmer,Turkmenistan,Semiurban,Y
LPP003209,72.0,360.0,0.0,No,5000,0.0,Male,2,Yes,Graduate,Teresa,Garcia,Mexico,Semiurban,N
LPP003210,127.0,360.0,1.0,No,4283,2383.0,Female,2,Yes,Graduate,Rebecca,Shaw,Chile,Semiurban,Y
LPP003211,60.0,360.0,0.0,No,2221,0.0,Male,0,Yes,Graduate,Corey,Parker,United States of America,Urban,N
LPP003212,116.0,360.0,1.0,No,4009,1717.0,Male,2,Yes,Graduate,James,Smith,Samoa,Semiurban,Y
LPP003213,144.0,360.0,1.0,No,2971,2791.0,Male,0,No,Graduate,Deborah,Young,Libyan Arab Jamahiriya,Semiurban,Y
LPP003214,175.0,360.0,1.0,No,7578,1010.0,Male,0,Yes,Graduate,Vernon,Grant,Nauru,Semiurban,Y
LPP003215,128.0,360.0,1.0,No,6250,0.0,Male,0,Yes,Graduate,William,Jenkins,Italy,Semiurban,Y
LPP003216,170.0,360.0,1.0,No,3250,0.0,Male,0,Yes,Graduate,Dustin,Foster,United Arab Emirates,Rural,N
LPP003217,138.0,360.0,1.0,Yes,4735,0.0,Male,0,Yes,Not Graduate,Michael,Oconnell,Poland,Urban,N
LPP003218,210.0,360.0,1.0,No,6250,1695.0,Male,2,Yes,Graduate,Shannon,Miller,Sudan,Semiurban,Y
LPP003219,158.0,360.0,1.0,No,4758,0.0,Male,0,No,Graduate,Dylan,Chaney,Saint Kitts and Nevis,Semiurban,Y
LPP003220,200.0,360.0,1.0,Yes,6400,0.0,Male,0,No,Graduate,Ronald,Smith,Tokelau,Rural,Y
LPP003221,104.0,360.0,1.0,No,2491,2054.0,Male,1,Yes,Graduate,Sarah,White,Indonesia,Semiurban,Y
LPP003222,42.0,360.0,1.0,No,3716,0.0,Male,0,Yes,Graduate,Mark,Cox,Azerbaijan,Rural,Y
LPP003223,120.0,360.0,1.0,No,3189,2598.0,Male,0,No,Not Graduate,William,Haley,Latvia,Rural,Y
LPP003224,280.0,360.0,1.0,No,8333,0.0,Female,0,No,Graduate,Felicia,Munoz,Taiwan,Semiurban,Y
LPP003225,140.0,360.0,1.0,No,3155,1779.0,Male,1,Yes,Graduate,Katherine,Mason,Pakistan,Semiurban,Y
LPP003226,170.0,360.0,1.0,No,5500,1260.0,Male,1,Yes,Graduate,Amanda,Gonzalez,Samoa,Rural,Y
LPP003227,255.0,360.0,1.0,No,5746,0.0,Male,0,Yes,Graduate,Jane,Dickerson,Singapore,Urban,N
LPP003228,122.0,360.0,1.0,Yes,3463,0.0,Female,0,No,Graduate,Carrie,Walker,Brazil,Urban,Y
LPP003229,112.0,360.0,1.0,No,3812,0.0,Female,1,No,Graduate,William,Pace,Venezuela,Rural,Y
LPP003230,96.0,360.0,1.0,No,3315,0.0,Male,1,Yes,Graduate,Joseph,Robinson,Bangladesh,Semiurban,Y
LPP003231,120.0,360.0,1.0,No,5819,5000.0,Male,2,Yes,Graduate,Anthony,Stevenson,Falkland Islands (Malvinas),Rural,Y
LPP003232,140.0,360.0,1.0,No,2510,1983.0,Male,1,Yes,Not Graduate,Thomas,Lewis,Norway,Urban,N
LPP003233,155.0,360.0,1.0,No,2965,5701.0,Male,0,No,Graduate,Chelsea,Rodriguez,Cape Verde,Urban,Y
LPP003234,108.0,360.0,1.0,Yes,6250,1300.0,Male,2,Yes,Graduate,Brett,Dunlap,Egypt,Rural,Y
LPP003235,123.0,360.0,1.0,No,3406,4417.0,Male,0,Yes,Not Graduate,Garrett,Fletcher,United States Minor Outlying Islands,Semiurban,Y
LPP003236,120.0,360.0,1.0,Yes,6050,4333.0,Male,0,No,Graduate,Shawn,Ali,Armenia,Urban,N
LPP003237,112.0,360.0,1.0,No,9703,0.0,Male,2,Yes,Graduate,Ashley,Howe,Russian Federation,Urban,Y
LPP003238,137.0,360.0,1.0,No,6608,0.0,Male,1,Yes,Not Graduate,Anna,Cook,Greenland,Urban,Y
LPP003239,123.0,360.0,1.0,No,2882,1843.0,Male,1,Yes,Graduate,Todd,Stark,Maldives,Semiurban,Y
LPP003240,90.0,360.0,1.0,No,1809,1868.0,Male,0,Yes,Graduate,Ashley,Ray,Saint Helena,Urban,Y
LPP003241,201.0,360.0,0.0,No,1668,3890.0,Male,0,Yes,Not Graduate,Megan,Hernandez,Bangladesh,Semiurban,N
LPP003242,138.0,360.0,1.0,No,3427,0.0,Female,2,No,Graduate,Charles,Rhodes,Faroe Islands,Urban,N
LPP003243,104.0,360.0,1.0,Yes,2583,2167.0,Male,0,No,Not Graduate,Joanne,Green,Vanuatu,Rural,Y
LPP003244,279.0,360.0,1.0,No,2661,7101.0,Male,1,Yes,Not Graduate,Michael,Johnson,Kenya,Semiurban,Y
LPP003245,192.0,360.0,0.0,Yes,16250,0.0,Male,0,No,Graduate,Rachael,Clark,Honduras,Urban,N
LPP003246,255.0,360.0,1.0,No,3083,0.0,Female,3+,No,Graduate,Mary,Jones,Cuba,Rural,Y
LPP003247,115.0,360.0,0.0,No,6045,0.0,Male,0,No,Not Graduate,Jeanne,Baker,Saint Helena,Rural,N
LPP003248,94.0,360.0,1.0,No,5250,0.0,Male,3+,Yes,Graduate,Brandon,Woodward,Netherlands,Urban,N
LPP003249,304.0,360.0,1.0,No,14683,2100.0,Male,0,Yes,Graduate,Katherine,James,Djibouti,Rural,N
LPP003250,128.0,360.0,1.0,No,4931,0.0,Male,3+,Yes,Not Graduate,Todd,Kennedy,Zimbabwe,Semiurban,N
LPP003251,330.0,360.0,1.0,No,6083,4250.0,Male,1,Yes,Graduate,Hayley,Wagner,Hong Kong,Urban,Y
LPP003252,134.0,360.0,1.0,No,2060,2209.0,Male,0,No,Graduate,Benjamin,Lynch,Mauritania,Semiurban,Y
LPP003253,155.0,360.0,1.0,No,3481,0.0,Female,1,No,Graduate,Matthew,Garcia,Philippines,Semiurban,N
LPP003254,120.0,360.0,1.0,No,7200,0.0,Female,0,No,Graduate,Mark,Barber,Tonga,Rural,Y
LPP003255,128.0,360.0,1.0,Yes,5166,0.0,Male,0,No,Graduate,Lee,Smith,Austria,Semiurban,Y
LPP003256,151.0,360.0,1.0,No,4095,3447.0,Male,0,No,Graduate,Jimmy,Lee,Liechtenstein,Rural,Y
LPP003257,150.0,360.0,1.0,No,4708,1387.0,Male,2,Yes,Graduate,Jessica,Leach,Kazakhstan,Semiurban,Y
LPP003258,160.0,360.0,0.0,No,4333,1811.0,Male,3+,Yes,Graduate,Erin,Brown,Zambia,Urban,Y
LPP003259,135.0,360.0,1.0,No,3418,0.0,Female,0,No,Graduate,George,Delgado,Trinidad and Tobago,Rural,N
LPP003260,90.0,360.0,1.0,No,2876,1560.0,Female,1,No,Graduate,Ronald,Brown,Nicaragua,Urban,Y
LPP003261,30.0,360.0,1.0,No,3237,0.0,Female,0,No,Graduate,Crystal,Farmer,Nepal,Urban,Y
LPP003262,136.0,360.0,1.0,No,11146,0.0,Male,0,Yes,Graduate,Amber,Carlson,Wallis and Futuna,Urban,Y
LPP003263,126.0,360.0,1.0,No,2833,1857.0,Male,0,No,Graduate,Joshua,Jones,Nepal,Rural,Y
LPP003264,150.0,360.0,1.0,No,2620,2223.0,Male,0,Yes,Graduate,Yvette,Castillo,Slovakia (Slovak Republic),Semiurban,Y
LPP003265,90.0,360.0,1.0,No,3900,0.0,Male,2,Yes,Graduate,Cory,Scott,Turkey,Semiurban,Y
LPP003266,115.0,360.0,1.0,No,2750,1842.0,Male,1,Yes,Graduate,Heidi,Johnson,Madagascar,Semiurban,Y
LPP003267,207.0,360.0,1.0,No,3993,3274.0,Male,0,Yes,Graduate,Jennifer,French,Cameroon,Semiurban,Y
LPP003268,80.0,360.0,1.0,No,3103,1300.0,Male,0,Yes,Graduate,Nancy,Mendez,Palestinian Territory,Urban,Y
LPP003269,436.0,360.0,1.0,No,14583,0.0,Male,0,Yes,Graduate,Gabriel,Henderson,France,Semiurban,Y
LPP003270,124.0,360.0,1.0,No,4100,0.0,Female,0,Yes,Not Graduate,Victor,Shaw,Jordan,Rural,Y
LPP003271,158.0,360.0,0.0,Yes,4053,2426.0,Male,1,No,Not Graduate,Diana,Parker,Brunei Darussalam,Urban,N
LPP003272,112.0,360.0,1.0,No,3927,800.0,Male,0,Yes,Graduate,Steven,Rodriguez,Tokelau,Semiurban,Y
LPP003273,78.0,360.0,1.0,No,2301,985.7999877999997,Male,2,Yes,Graduate,Sara,Padilla,Western Sahara,Urban,Y
LPP003274,54.0,360.0,1.0,No,1811,1666.0,Female,0,No,Graduate,James,Strickland,Thailand,Urban,Y
LPP003275,145.0,360.0,1.0,No,20667,0.0,Male,0,Yes,Graduate,Amanda,Gutierrez,Greece,Rural,N
LPP003276,89.0,360.0,1.0,No,3158,3053.0,Male,0,No,Graduate,Richard,Edwards,Paraguay,Rural,Y
LPP003277,99.0,360.0,1.0,Yes,2600,1717.0,Female,0,No,Graduate,Danielle,Mata,Nauru,Semiurban,N
LPP003278,120.0,360.0,1.0,No,3704,2000.0,Male,0,Yes,Graduate,Melanie,Diaz,Cote d'Ivoire,Rural,Y
LPP003279,115.0,360.0,1.0,No,4124,0.0,Female,0,No,Graduate,Aaron,Hart,Malaysia,Semiurban,Y
LPP003280,187.0,360.0,1.0,No,9508,0.0,Male,0,No,Graduate,Stacey,Ramos,Liechtenstein,Rural,Y
LPP003281,139.0,360.0,1.0,No,3075,2416.0,Male,0,Yes,Graduate,Isaac,Taylor,Heard Island and McDonald Islands,Rural,Y
LPP003282,127.0,360.0,0.0,No,4400,0.0,Male,2,Yes,Graduate,Erica,Shaffer,Montserrat,Semiurban,N
LPP003283,134.0,360.0,1.0,No,3153,1560.0,Male,2,Yes,Graduate,Victoria,Henry,Guinea-Bissau,Urban,Y
LPP003284,143.0,360.0,0.0,No,5417,0.0,Female,0,No,Graduate,Kyle,Edwards,Iran,Urban,N
LPP003285,172.0,360.0,1.0,No,2383,3334.0,Male,0,Yes,Graduate,Larry,Franklin,Christmas Island,Semiurban,Y
LPP003286,110.0,360.0,1.0,No,4416,1250.0,Male,3+,Yes,Graduate,Heather,Sutton,South Georgia and the South Sandwich Islands,Urban,Y
LPP003287,200.0,360.0,1.0,No,6875,0.0,Male,1,Yes,Graduate,Sarah,Nelson,Ukraine,Semiurban,Y
LPP003288,135.0,360.0,1.0,No,4666,0.0,Female,1,Yes,Graduate,Todd,Mcneil,Ecuador,Urban,Y
LPP003289,151.0,360.0,1.0,No,5000,2541.0,Female,0,No,Graduate,Rebecca,Thomas,Yemen,Rural,N
LPP003290,113.0,360.0,1.0,No,2014,2925.0,Male,1,Yes,Graduate,Tony,Hansen,Montserrat,Urban,N
LPP003291,93.0,360.0,0.0,No,1800,2934.0,Male,0,Yes,Not Graduate,Angela,Smith,Anguilla,Urban,N
LPP003292,105.0,360.0,1.0,No,2875,1750.0,Male,0,Yes,Not Graduate,Amanda,Nelson,Belize,Semiurban,Y
LPP003293,132.0,360.0,1.0,No,5000,0.0,Female,0,No,Graduate,Brent,Thompson,Saint Martin,Rural,Y
LPP003294,96.0,360.0,1.0,No,1625,1803.0,Male,1,Yes,Graduate,Melissa,Singh,Korea,Urban,Y
LPP003295,140.0,360.0,1.0,No,4000,2500.0,Male,0,No,Graduate,Kenneth,Cobb,Azerbaijan,Rural,Y
LPP003296,145.0,360.0,1.0,No,2000,0.0,Male,0,No,Not Graduate,Karen,Warren,Faroe Islands,Urban,N
LPP003297,135.0,360.0,1.0,No,3762,1666.0,Female,0,No,Graduate,Kara,Smith,Egypt,Rural,Y
LPP003298,104.0,360.0,0.0,No,2400,1863.0,Female,0,No,Graduate,Taylor,Brown,British Indian Ocean Territory (Chagos Archipelago),Urban,N
LPP003299,480.0,360.0,1.0,No,20233,0.0,Male,0,No,Graduate,Linda,Ferguson,Saint Kitts and Nevis,Rural,N
LPP003300,185.0,360.0,1.0,No,7667,0.0,Male,2,Yes,Not Graduate,Timothy,Brewer,Niger,Rural,Y
LPP003301,84.0,360.0,1.0,No,2917,0.0,Female,0,No,Graduate,Alexander,Smith,Niue,Semiurban,Y
LPP003302,111.0,360.0,1.0,No,2927,2405.0,Male,0,No,Not Graduate,Kyle,Kline,Serbia,Semiurban,Y
LPP003303,56.0,360.0,1.0,No,2507,0.0,Female,0,No,Graduate,Nicole,Marshall,Bouvet Island (Bouvetoya),Rural,Y
LPP003304,144.0,360.0,1.0,Yes,5746,0.0,Male,2,Yes,Graduate,Tina,Rodriguez,Guam,Rural,Y
LPP003305,159.0,360.0,1.0,No,2473,1843.0,unknown,0,Yes,Graduate,Jenna,Whitaker,Somalia,Rural,N
LPP003306,111.0,360.0,1.0,No,3399,1640.0,Male,1,Yes,Not Graduate,Paul,Gonzalez,Saint Pierre and Miquelon,Urban,Y
LPP003307,120.0,360.0,1.0,No,3717,0.0,Male,2,Yes,Graduate,Mark,Mcdaniel,Lithuania,Semiurban,Y
LPP003308,88.0,360.0,1.0,No,2058,2134.0,Male,0,Yes,Graduate,Gloria,Hayes,Brazil,Urban,Y
LPP003309,112.0,360.0,1.0,No,3541,0.0,Female,1,No,Graduate,Kelly,Martinez,Niger,Semiurban,Y
LPP003310,155.0,360.0,1.0,Yes,10000,0.0,Male,1,Yes,Graduate,Rebekah,Wolf,Canada,Rural,N
LPP003311,115.0,360.0,1.0,No,2400,2167.0,Male,0,Yes,Graduate,Shannon,Stanley,Cuba,Semiurban,Y
LPP003312,124.0,360.0,1.0,No,4342,189.0,Male,3+,Yes,Graduate,Jonathon,Barber,Cyprus,Semiurban,Y
LPP003313,145.0,360.0,1.0,No,3601,1590.0,Male,2,Yes,Not Graduate,Charles,Kelley,Bhutan,Rural,Y
LPP003314,132.0,360.0,1.0,No,3166,2985.0,Female,0,No,Graduate,Mary,Cooper,Western Sahara,Rural,Y
LPP003315,300.0,360.0,1.0,No,15000,0.0,Male,3+,Yes,Graduate,Dawn,Sellers,Norfolk Island,Rural,Y
LPP003316,376.0,360.0,0.0,Yes,8666,4983.0,Male,1,Yes,Graduate,Tina,Henry,Turkey,Rural,N
LPP003317,130.0,360.0,0.0,No,4917,0.0,Male,0,No,Graduate,Valerie,Jones,Montserrat,Rural,Y
LPP003318,184.0,360.0,1.0,Yes,5818,2160.0,Male,0,Yes,Graduate,Mary,Thompson,Martinique,Semiurban,Y
LPP003319,110.0,360.0,1.0,No,4333,2451.0,Female,0,Yes,Graduate,Manuel,Frank,Burundi,Urban,N
LPP003320,67.0,360.0,1.0,No,2500,0.0,Female,0,No,Graduate,Ryan,King,Estonia,Urban,Y
LPP003321,117.0,360.0,1.0,No,4384,1793.0,Male,1,No,Graduate,John,Kelly,Mexico,Urban,Y
LPP003322,98.0,360.0,1.0,No,2935,0.0,Male,0,No,Graduate,Daniel,Evans,Syrian Arab Republic,Semiurban,Y
LPP003323,71.0,360.0,1.0,No,2833,0.0,Male,0,No,Graduate,Rebekah,Garrett,Finland,Urban,Y
LPP003324,490.0,360.0,1.0,No,63337,0.0,Male,0,Yes,Graduate,Jeff,Wilkerson,Dominica,Urban,Y
LPP003325,182.0,360.0,1.0,Yes,9833,1833.0,unknown,1,Yes,Graduate,Clayton,Lee,French Polynesia,Urban,Y
LPP003326,70.0,360.0,1.0,Yes,5503,4490.0,Male,0,Yes,Graduate,Heather,Bauer,Norway,Semiurban,Y
LPP003327,160.0,360.0,1.0,No,5250,688.0,Male,1,Yes,Graduate,Shannon,Stanley,Tuvalu,Rural,Y
LPP003328,176.0,360.0,1.0,Yes,2500,4600.0,Male,2,Yes,Graduate,Cody,Vega,Kazakhstan,Rural,Y
LPP003329,145.0,360.0,0.0,No,1830,0.0,Female,3+,No,Not Graduate,Lisa,Johnson,Tunisia,Urban,N
LPP003330,71.0,360.0,1.0,No,4160,0.0,Female,0,No,Graduate,Scott,Keller,Botswana,Semiurban,Y
LPP003331,173.0,360.0,1.0,No,2647,1587.0,Male,3+,Yes,Not Graduate,Rachel,Martin,Singapore,Rural,N
LPP003332,46.0,360.0,1.0,No,2378,0.0,Female,0,No,Graduate,Danielle,Brown,Austria,Rural,N
LPP003333,158.0,360.0,1.0,No,4554,1229.0,Male,1,Yes,Not Graduate,William,Preston,Turkmenistan,Urban,Y
LPP003334,74.0,360.0,1.0,No,3173,0.0,Male,3+,Yes,Not Graduate,Jack,Jensen,Montenegro,Semiurban,Y
LPP003335,125.0,360.0,1.0,No,2583,2330.0,Male,2,Yes,Graduate,Molly,Davila,Central African Republic,Rural,Y
LPP003336,160.0,360.0,1.0,No,2499,2458.0,Male,0,Yes,Graduate,Brooke,Dixon,Guyana,Semiurban,Y
LPP003337,152.0,360.0,0.0,No,3523,3230.0,Male,0,Yes,Not Graduate,Jorge,Kim,Malta,Rural,N
LPP003338,126.0,360.0,1.0,No,3083,2168.0,Male,2,Yes,Not Graduate,Elizabeth,Hernandez,Greenland,Urban,Y
LPP003339,259.0,360.0,1.0,No,6333,4583.0,Male,0,Yes,Graduate,Marcus,Olson,Djibouti,Semiurban,Y
LPP003340,187.0,360.0,1.0,No,2625,6250.0,Male,0,Yes,Graduate,Amanda,Reeves,Mexico,Rural,Y
LPP003341,228.0,360.0,1.0,No,9083,0.0,Male,0,Yes,Graduate,Theresa,Hamilton,Liberia,Semiurban,Y
LPP003342,308.0,360.0,1.0,No,8750,4167.0,Male,0,No,Graduate,Mallory,Thompson,Nicaragua,Rural,N
LPP003343,95.0,360.0,1.0,No,2666,2083.0,Male,3+,Yes,Graduate,Michael,Hutchinson,Guinea-Bissau,Rural,Y
LPP003344,105.0,360.0,0.0,Yes,5500,0.0,Female,0,Yes,Graduate,Erika,Wise,Tuvalu,Rural,N
LPP003345,130.0,360.0,1.0,No,2423,505.0,Female,0,Yes,Graduate,Andrew,Boyle,Taiwan,Semiurban,Y
LPP003346,116.0,360.0,1.0,No,3813,0.0,Female,0,No,Graduate,Jamie,Edwards,Ghana,Urban,Y
LPP003347,165.0,360.0,1.0,No,8333,3167.0,Male,2,Yes,Graduate,Hector,Frey,Iran,Rural,Y
LPP003348,67.0,360.0,1.0,No,3875,0.0,Male,1,Yes,Graduate,Alexis,Wells,Bermuda,Urban,N
LPP003349,100.0,360.0,0.0,No,3000,1666.0,Male,0,Yes,Not Graduate,Kelly,Schaefer,Jamaica,Urban,N
LPP003350,200.0,360.0,1.0,No,5167,3167.0,Male,3+,Yes,Graduate,Robert,Ryan,Trinidad and Tobago,Semiurban,Y
LPP003351,81.0,360.0,1.0,No,4723,0.0,Female,1,No,Graduate,Mary,Wells,Ghana,Semiurban,N
LPP003352,236.0,360.0,1.0,No,5000,3667.0,Male,2,Yes,Graduate,Alyssa,Willis,Martinique,Semiurban,Y
LPP003353,130.0,360.0,1.0,No,4750,2333.0,Male,0,Yes,Graduate,Ashley,Bender,Latvia,Urban,Y
LPP003354,95.0,360.0,1.0,No,3013,3033.0,Male,0,Yes,Graduate,Melanie,Mcintosh,Malaysia,Urban,Y
LPP003355,141.0,360.0,1.0,Yes,6822,0.0,Male,0,No,Graduate,Sarah,Rogers,Macedonia,Rural,Y
LPP003356,133.0,360.0,1.0,No,6216,0.0,Male,0,No,Not Graduate,Erin,Alexander,Mauritius,Rural,N
LPP003357,96.0,360.0,1.0,No,2500,0.0,Male,0,No,Graduate,Brandon,Whitaker,Pitcairn Islands,Semiurban,N
LPP003358,124.0,360.0,0.0,No,5124,0.0,Male,0,No,Graduate,Jeffrey,Aguilar,Djibouti,Rural,N
LPP003359,175.0,360.0,1.0,No,6325,0.0,Male,1,Yes,Graduate,Rebecca,Bryant,Sri Lanka,Semiurban,Y
LPP003360,570.0,360.0,1.0,No,19730,5266.0,Male,0,Yes,Graduate,Troy,Hines,Saint Kitts and Nevis,Rural,N
LPP003361,55.0,360.0,1.0,Yes,15759,0.0,Female,0,No,Graduate,Richard,Tran,Saint Helena,Semiurban,Y
LPP003362,155.0,360.0,1.0,No,5185,0.0,Male,2,Yes,Graduate,Daniel,Sloan,Namibia,Semiurban,Y
LPP003363,380.0,360.0,1.0,Yes,9323,7873.0,Male,2,Yes,Graduate,Bobby,Carlson,Christmas Island,Rural,Y
LPP003364,111.0,360.0,0.0,No,3062,1987.0,Male,1,No,Graduate,Caitlyn,Nelson,Bangladesh,Urban,N
LPP003365,110.0,360.0,1.0,No,2764,1459.0,Female,0,No,Graduate,Anna,York,Cook Islands,Urban,Y
LPP003366,120.0,360.0,1.0,No,4817,923.0,Male,0,Yes,Graduate,Corey,Sharp,Aruba,Urban,Y
LPP003367,130.0,360.0,1.0,No,8750,4996.0,Male,3+,Yes,Graduate,Ryan,Stephenson,China,Rural,Y
LPP003368,130.0,360.0,1.0,No,4310,0.0,Male,0,Yes,Graduate,Brandi,Leonard,Greece,Semiurban,Y
LPP003369,71.0,360.0,1.0,No,3069,0.0,Male,0,No,Graduate,Joseph,Simmons,Bermuda,Urban,N
LPP003370,130.0,360.0,1.0,No,5391,0.0,Male,2,Yes,Graduate,Joseph,Brandt,Montserrat,Urban,Y
LPP003371,128.0,360.0,1.0,No,3333,2500.0,Male,0,Yes,Graduate,Nicole,Smith,Reunion,Semiurban,Y
LPP003372,296.0,360.0,1.0,No,5941,4232.0,Male,0,No,Graduate,Brady,Moore,Netherlands,Semiurban,Y
LPP003373,156.0,360.0,1.0,No,6000,0.0,Female,0,No,Graduate,Robert,Waller,Guadeloupe,Urban,Y
LPP003374,128.0,360.0,1.0,Yes,7167,0.0,Male,0,No,Graduate,Leslie,Garcia,Denmark,Urban,Y
LPP003375,100.0,360.0,1.0,No,4566,0.0,Male,2,Yes,Graduate,Jason,Matthews,South Africa,Urban,N
LPP003376,113.0,360.0,1.0,No,3667,0.0,Male,1,No,Graduate,Joshua,Hill,France,Urban,Y
LPP003377,132.0,360.0,1.0,No,2346,1600.0,Male,0,No,Not Graduate,Teresa,Bradley,Pakistan,Semiurban,Y
LPP003378,145.0,360.0,0.0,No,3010,3136.0,Male,0,Yes,Not Graduate,Kristy,Hall,Taiwan,Urban,N
LPP003379,136.0,360.0,1.0,No,2333,2417.0,Male,0,Yes,Graduate,Miguel,Anderson,Dominican Republic,Urban,Y
LPP003380,125.0,360.0,1.0,No,5488,0.0,Male,0,Yes,Graduate,Kelly,Olson,Ethiopia,Rural,Y
LPP003381,185.0,360.0,1.0,No,9167,0.0,Male,3+,No,Graduate,Cody,Alvarado,Vanuatu,Rural,Y
LPP003382,275.0,360.0,1.0,No,9504,0.0,Male,3+,Yes,Graduate,Ana,Dunn,Slovakia (Slovak Republic),Rural,Y
LPP003383,120.0,360.0,1.0,No,2583,2115.0,Male,0,Yes,Graduate,Melissa,Gonzalez,Western Sahara,Urban,Y
LPP003384,113.0,360.0,1.0,No,1993,1625.0,Male,2,Yes,Not Graduate,Cynthia,Fuller,Namibia,Semiurban,Y
LPP003385,113.0,360.0,1.0,No,3100,1400.0,Male,2,Yes,Graduate,Jacob,Martinez,Liechtenstein,Urban,Y
LPP003386,135.0,360.0,1.0,No,3276,484.0,Male,2,Yes,Graduate,Benjamin,Case,Cocos (Keeling) Islands,Semiurban,Y
LPP003387,71.0,360.0,0.0,No,3180,0.0,Female,0,No,Graduate,Matthew,Cobb,French Guiana,Urban,N
LPP003388,95.0,360.0,1.0,No,3033,1459.0,Male,0,Yes,Graduate,Stephanie,Cole,Dominican Republic,Urban,Y
LPP003389,109.0,360.0,1.0,No,3902,1666.0,Male,0,No,Not Graduate,Michael,Phillips,Syrian Arab Republic,Rural,Y
LPP003390,103.0,360.0,0.0,No,1500,1800.0,Female,0,No,Graduate,Philip,Shah,Burkina Faso,Semiurban,N
LPP003391,45.0,360.0,0.0,No,2889,0.0,Male,2,Yes,Not Graduate,Tara,Reilly,Poland,Urban,N
LPP003392,65.0,360.0,1.0,No,2755,0.0,Male,0,No,Not Graduate,Jeremy,Cain,Moldova,Rural,N
LPP003393,103.0,360.0,1.0,No,2500,20000.0,Male,0,No,Graduate,Andrea,Walker,Wallis and Futuna,Semiurban,Y
LPP003394,53.0,360.0,1.0,No,1963,0.0,Female,0,No,Not Graduate,Brandon,Rodriguez,Palau,Semiurban,Y
LPP003395,194.0,360.0,1.0,Yes,7441,0.0,Female,0,No,Graduate,Nathan,Kelley,Guadeloupe,Rural,N
LPP003396,115.0,360.0,1.0,No,4547,0.0,Female,0,No,Graduate,Scott,Mitchell,Grenada,Semiurban,Y
LPP003397,115.0,360.0,1.0,No,2167,2400.0,Male,0,Yes,Not Graduate,Christopher,Morse,Tunisia,Urban,Y
LPP003398,66.0,360.0,1.0,No,2213,0.0,Female,0,No,Not Graduate,Jenna,Cooper,Sierra Leone,Rural,Y
LPP003399,152.0,360.0,0.0,No,8300,0.0,Male,1,Yes,Graduate,Karen,Rubio,Yemen,Semiurban,N
LPP003400,360.0,360.0,0.0,No,81000,0.0,Male,3+,Yes,Graduate,Carla,Wright,Israel,Rural,N
LPP003401,62.0,360.0,1.0,Yes,3867,0.0,Female,1,No,Not Graduate,Charles,Norton,Macedonia,Semiurban,N
LPP003402,160.0,360.0,1.0,No,6256,0.0,Male,0,Yes,Graduate,Deborah,Jackson,Guadeloupe,Urban,Y
LPP003403,218.0,360.0,0.0,No,6096,0.0,Male,0,Yes,Not Graduate,Anthony,Dodson,Tajikistan,Rural,N
LPP003404,110.0,360.0,1.0,No,2253,2033.0,Male,0,Yes,Not Graduate,Michael,Joseph,Bolivia,Rural,Y
LPP003405,178.0,360.0,0.0,No,2149,3237.0,Female,0,Yes,Not Graduate,Eddie,Hill,Wallis and Futuna,Semiurban,N
LPP003406,60.0,360.0,1.0,No,2995,0.0,Female,0,No,Graduate,Patrick,Russell,Bangladesh,Urban,Y
LPP003407,160.0,360.0,1.0,No,2600,0.0,Female,1,No,Graduate,Joshua,Graham,Isle of Man,Urban,N
LPP003408,239.0,360.0,1.0,Yes,1600,20000.0,Male,2,Yes,Graduate,Debra,Thomas,Slovakia (Slovak Republic),Urban,N
LPP003409,112.0,360.0,1.0,No,1025,2773.0,Male,0,Yes,Graduate,Stefanie,Gamble,Pakistan,Rural,Y
LPP003410,138.0,360.0,1.0,No,3246,1417.0,Male,0,Yes,Graduate,Brandon,Vega,British Indian Ocean Territory (Chagos Archipelago),Semiurban,Y
LPP003411,138.0,360.0,1.0,No,5829,0.0,Male,0,Yes,Graduate,Ashley,Castillo,Tajikistan,Rural,Y
LPP003412,80.0,360.0,0.0,No,2720,0.0,Female,0,No,Not Graduate,Dale,Patel,Netherlands,Urban,N
LPP003413,100.0,360.0,1.0,No,1820,1719.0,Male,0,Yes,Graduate,Michael,Dean,Malta,Urban,Y
LPP003414,110.0,360.0,0.0,No,7250,1667.0,Male,1,Yes,Graduate,John,Brown,Andorra,Urban,N
LPP003415,96.0,360.0,1.0,No,14880,0.0,Male,0,Yes,Graduate,Andrew,Moore,Burkina Faso,Semiurban,Y
LPP003416,121.0,360.0,1.0,No,2666,4300.0,Male,0,Yes,Graduate,Donna,Acosta,Guernsey,Rural,Y
LPP003417,81.0,360.0,1.0,No,4606,0.0,Female,1,No,Not Graduate,Kristin,Woodard,Guatemala,Rural,N
LPP003418,133.0,360.0,1.0,No,5935,0.0,Male,2,Yes,Graduate,Sandy,Arnold,Czech Republic,Semiurban,Y
LPP003419,87.0,360.0,1.0,No,2920,16.12000084,Male,0,Yes,Graduate,Phillip,Wells,Bhutan,Rural,Y
LPP003420,60.0,360.0,1.0,No,2717,0.0,Male,0,No,Not Graduate,Monica,Brown,Australia,Urban,Y
LPP003421,150.0,360.0,1.0,Yes,8624,0.0,Female,1,No,Graduate,Roger,Cummings,Sweden,Semiurban,Y
LPP003422,105.0,360.0,0.0,No,6500,0.0,Male,0,No,Graduate,Jessica,Torres,Andorra,Rural,N
LPP003423,405.0,360.0,1.0,No,12876,0.0,Male,0,No,Graduate,James,Jackson,Mozambique,Semiurban,Y
LPP003424,143.0,360.0,1.0,No,2425,2340.0,Male,0,Yes,Graduate,Jose,Miller,New Caledonia,Semiurban,Y
LPP003425,100.0,360.0,1.0,No,3750,0.0,Male,0,No,Graduate,David,Kim,Czech Republic,Urban,Y
LPP003426,145.0,360.0,1.0,No,10047,0.0,Female,0,No,Graduate,Adam,Gross,Saint Kitts and Nevis,Semiurban,Y
LPP003427,50.0,360.0,1.0,No,1926,1851.0,Male,0,No,Graduate,Megan,Cardenas,Bangladesh,Semiurban,Y
LPP003428,145.0,360.0,1.0,No,2213,1125.0,Male,0,Yes,Graduate,Kenneth,Flores,Uganda,Urban,Y
LPP003429,187.0,360.0,0.0,Yes,10416,0.0,Male,0,No,Graduate,Lance,Vargas,Belgium,Urban,N
LPP003430,138.0,360.0,1.0,Yes,7142,0.0,Female,0,Yes,Not Graduate,John,Gutierrez,Eritrea,Rural,Y
LPP003431,187.0,360.0,1.0,No,3660,5064.0,Male,0,No,Graduate,John,Kirk,Guinea-Bissau,Semiurban,Y
LPP003432,180.0,360.0,1.0,No,7901,1833.0,Male,0,Yes,Graduate,Gary,Guzman,United Kingdom,Rural,Y
LPP003433,148.0,360.0,1.0,No,4707,1993.0,Male,3+,No,Not Graduate,Marc,Hammond,Chile,Semiurban,Y
LPP003434,152.0,360.0,1.0,No,37719,0.0,Male,1,No,Graduate,Lisa,Keller,Lithuania,Semiurban,Y
LPP003435,175.0,360.0,1.0,No,7333,8333.0,Male,0,Yes,Graduate,Annette,Spence,Turkey,Rural,Y
LPP003436,130.0,360.0,1.0,Yes,3466,1210.0,Male,1,Yes,Graduate,Vanessa,Leblanc,French Southern Territories,Rural,Y
LPP003437,110.0,360.0,1.0,No,4652,0.0,Male,2,Yes,Not Graduate,Lauren,Santos,Jersey,Rural,Y
LPP003438,55.0,360.0,1.0,No,3539,1376.0,Male,0,Yes,Graduate,Beth,Grant,Gambia,Rural,N
LPP003439,150.0,360.0,0.0,No,3340,1710.0,Male,2,Yes,Graduate,Kristin,Singleton,Guyana,Rural,N
LPP003440,190.0,360.0,1.0,Yes,2769,1542.0,Male,1,No,Not Graduate,Ruth,Roberts,French Guiana,Semiurban,N
LPP003441,125.0,360.0,0.0,No,2309,1255.0,Male,2,Yes,Not Graduate,Nicholas,Gill,Korea,Rural,N
LPP003442,60.0,360.0,1.0,No,1958,1456.0,Male,2,Yes,Not Graduate,Cathy,Becker,Cape Verde,Urban,Y
LPP003443,149.0,360.0,0.0,No,3948,1733.0,Male,0,Yes,Graduate,Wendy,Wade,Libyan Arab Jamahiriya,Rural,N
LPP003444,90.0,360.0,0.0,No,2483,2466.0,Male,0,Yes,Graduate,Aaron,Finley,Grenada,Rural,Y
LPP003445,84.0,360.0,1.0,Yes,7085,0.0,Male,0,No,Graduate,Seth,Sandoval,Haiti,Semiurban,Y
LPP003446,96.0,360.0,1.0,No,3859,0.0,Male,2,Yes,Graduate,Kirsten,Case,Turks and Caicos Islands,Semiurban,Y
LPP003447,118.0,360.0,1.0,No,4301,0.0,Male,0,Yes,Graduate,Jonathan,Hester,Honduras,Urban,Y
LPP003448,173.0,360.0,1.0,No,3708,2569.0,Male,0,Yes,Graduate,Benjamin,Weaver,Faroe Islands,Urban,N
LPP003449,136.0,360.0,1.0,No,4354,0.0,Male,2,No,Graduate,Micheal,Rocha,Ecuador,Rural,Y
LPP003450,160.0,360.0,1.0,No,8334,0.0,Male,0,Yes,Graduate,Laura,Williams,Philippines,Semiurban,N
LPP003451,160.0,360.0,1.0,Yes,2083,4083.0,unknown,0,Yes,Graduate,Erica,Porter,Guernsey,Semiurban,Y
LPP003452,128.0,360.0,1.0,No,7740,0.0,Male,3+,Yes,Graduate,Carrie,Andrews,Indonesia,Urban,Y
LPP003453,153.0,360.0,1.0,No,3015,2188.0,Male,0,Yes,Graduate,Benjamin,Church,Jordan,Rural,Y
LPP003454,132.0,360.0,1.0,No,5191,0.0,Female,1,No,Not Graduate,Kyle,Powell,Luxembourg,Semiurban,Y
LPP003455,98.0,360.0,0.0,No,4166,0.0,Male,0,No,Graduate,Thomas,Foley,Turkmenistan,Semiurban,N
LPP003456,140.0,360.0,1.0,No,6000,0.0,Male,0,No,Graduate,James,Pham,Comoros,Rural,Y
LPP003457,70.0,360.0,0.0,No,2947,1664.0,Male,3+,Yes,Not Graduate,Andrea,Hall,Ukraine,Urban,N
LPP003458,110.0,360.0,1.0,No,16692,0.0,unknown,0,Yes,Graduate,William,Sanchez,Serbia,Semiurban,Y
LPP003459,98.0,360.0,1.0,No,210,2917.0,Female,2,Yes,Not Graduate,Daniel,Dougherty,Gibraltar,Semiurban,Y
LPP003460,110.0,360.0,1.0,No,4333,2451.0,Male,0,Yes,Graduate,Gabriel,Rodriguez,New Caledonia,Urban,N
LPP003461,162.0,360.0,1.0,Yes,3450,2079.0,Male,1,Yes,Graduate,Natalie,Browning,Zimbabwe,Semiurban,Y
LPP003462,113.0,360.0,0.0,No,2653,1500.0,Male,1,Yes,Not Graduate,Nicole,Ochoa,United Kingdom,Rural,N
LPP003463,100.0,360.0,1.0,No,4691,0.0,Male,3+,Yes,Graduate,Sheila,Jensen,Vanuatu,Semiurban,Y
LPP003464,93.0,360.0,1.0,Yes,2500,0.0,Female,0,No,Graduate,Robin,Schmidt,United Kingdom,Urban,Y
LPP003465,162.0,360.0,1.0,No,5532,4648.0,Male,2,No,Graduate,David,Garcia,Gibraltar,Rural,Y
LPP003466,150.0,360.0,1.0,Yes,16525,1014.0,Male,2,Yes,Graduate,Daniel,Harvey,Mauritius,Rural,Y
LPP003467,230.0,360.0,1.0,No,6700,1750.0,Male,2,Yes,Graduate,Shannon,Mata,American Samoa,Semiurban,Y
LPP003468,132.0,360.0,0.0,No,2873,1872.0,unknown,2,Yes,Graduate,Philip,Brown,Norway,Semiurban,N
LPP003469,86.0,360.0,1.0,Yes,16667,2250.0,Male,1,Yes,Graduate,Jose,Avila,Equatorial Guinea,Semiurban,Y
LPP003470,145.0,360.0,1.0,No,2947,1603.0,Male,2,Yes,Graduate,Jessica,Dunn,Georgia,Urban,N
LPP003471,154.0,360.0,1.0,No,4350,0.0,Female,0,No,Not Graduate,Michael,Martin,Paraguay,Rural,Y
LPP003472,113.0,360.0,1.0,No,3095,0.0,Male,3+,Yes,Not Graduate,Christopher,Stephenson,Greenland,Rural,Y
LPP003473,128.0,360.0,1.0,No,2083,3150.0,Male,0,Yes,Graduate,Tabitha,Hayes,South Africa,Semiurban,Y
LPP003474,234.0,360.0,1.0,No,10833,0.0,Male,0,Yes,Graduate,Nicole,Jenkins,Nauru,Semiurban,Y
LPP003475,246.0,360.0,1.0,No,8333,0.0,Male,2,Yes,Graduate,Jennifer,Blanchard,Saint Helena,Semiurban,Y
LPP003476,131.0,360.0,1.0,No,1958,2436.0,Male,1,Yes,Not Graduate,Angela,Williams,Tuvalu,Rural,Y
LPP003477,80.0,360.0,0.0,No,3547,0.0,Male,2,No,Graduate,Shelly,Lopez,Wallis and Futuna,Rural,N
LPP003478,500.0,360.0,1.0,No,18333,0.0,Male,1,Yes,Graduate,Jesse,Roth,Angola,Urban,N
LPP003479,160.0,360.0,1.0,Yes,4583,2083.0,Male,2,Yes,Graduate,Melissa,Taylor,Turkmenistan,Semiurban,Y
LPP003480,75.0,360.0,1.0,No,2435,0.0,Male,0,No,Graduate,Vanessa,Williams,Mexico,Urban,N
LPP003481,96.0,360.0,1.0,No,2699,2785.0,Male,0,No,Not Graduate,Melissa,Nguyen,Morocco,Semiurban,Y
LPP003482,186.0,360.0,1.0,No,5333,1131.0,Male,1,Yes,Not Graduate,Alejandro,Ramos,Singapore,Urban,Y
LPP003483,110.0,360.0,1.0,No,3691,0.0,Male,0,No,Not Graduate,Karen,Price,Comoros,Rural,Y
LPP003484,225.0,360.0,1.0,Yes,17263,0.0,Female,0,No,Not Graduate,Ryan,Snyder,Mexico,Semiurban,Y
LPP003485,119.0,360.0,0.0,No,3597,2157.0,Male,0,Yes,Graduate,Vickie,White,Kenya,Rural,N
LPP003486,105.0,360.0,1.0,No,3326,913.0,Female,1,Yes,Graduate,Tara,Wolfe,Faroe Islands,Semiurban,Y
LPP003487,107.0,360.0,1.0,No,2600,1700.0,Male,0,Yes,Not Graduate,Andrea,Simmons,Central African Republic,Rural,Y
LPP003488,111.0,360.0,1.0,No,4625,2857.0,Male,0,Yes,Graduate,Julia,Gallegos,Germany,Urban,Y
LPP003489,95.0,360.0,1.0,Yes,2895,0.0,Male,1,Yes,Graduate,John,Aguilar,Egypt,Semiurban,Y
LPP003490,209.0,360.0,0.0,No,6283,4416.0,Male,0,No,Graduate,Christopher,White,Saint Lucia,Rural,N
LPP003491,113.0,360.0,1.0,No,645,3683.0,Female,0,No,Graduate,Kevin,Harvey,Micronesia,Rural,Y
LPP003492,100.0,360.0,1.0,No,3159,0.0,Female,0,No,Graduate,Michael,Gilmore,Faroe Islands,Semiurban,Y
LPP003493,208.0,360.0,1.0,No,4865,5624.0,Male,2,Yes,Graduate,Carol,Arroyo,Albania,Semiurban,Y
LPP003494,138.0,360.0,1.0,No,4050,5302.0,Male,1,Yes,Not Graduate,Ronald,Williams,Bermuda,Rural,N
LPP003495,124.0,360.0,1.0,No,3814,1483.0,Male,0,Yes,Not Graduate,Yvonne,Myers,Macedonia,Semiurban,Y
LPP003496,243.0,360.0,1.0,No,3510,4416.0,Male,2,Yes,Graduate,Michael,Walton,Cambodia,Rural,Y
LPP003497,480.0,360.0,1.0,No,20833,6667.0,Male,0,Yes,Graduate,Christopher,Washington,Papua New Guinea,Urban,Y
LPP003498,96.0,360.0,1.0,No,3583,0.0,unknown,0,No,Graduate,Troy,Perry,Western Sahara,Urban,N
LPP003499,188.0,360.0,1.0,Yes,2479,3013.0,Male,0,Yes,Graduate,Joseph,Simpson,Macao,Urban,Y
LPP003500,40.0,360.0,1.0,No,13262,0.0,Female,1,No,Graduate,Robert,Scott,Saint Kitts and Nevis,Urban,Y
LPP003501,100.0,360.0,1.0,No,3598,1287.0,Male,0,No,Not Graduate,Angela,Figueroa,Cape Verde,Rural,N
LPP003502,250.0,360.0,1.0,No,6065,2004.0,Male,1,Yes,Graduate,Amanda,Vaughn,United Kingdom,Semiurban,Y
LPP003503,148.0,360.0,1.0,No,3283,2035.0,Male,2,Yes,Graduate,Thomas,Norton,Mauritius,Urban,Y
LPP003504,70.0,360.0,1.0,No,2130,6666.0,Male,0,Yes,Graduate,David,Bell,Morocco,Semiurban,N
LPP003505,311.0,360.0,1.0,No,5815,3666.0,Male,0,No,Graduate,Tonya,Mcdonald,Gabon,Rural,N
LPP003506,150.0,360.0,1.0,No,3466,3428.0,Male,3+,Yes,Graduate,Patricia,Landry,Nauru,Rural,Y
LPP003507,113.0,360.0,1.0,No,2031,1632.0,Female,2,Yes,Graduate,Elizabeth,Green,Ukraine,Semiurban,Y
LPP003508,123.0,360.0,0.0,No,3074,1800.0,Male,0,Yes,Not Graduate,Andrew,Johnson,Western Sahara,Semiurban,N
LPP003509,185.0,360.0,1.0,No,4683,1915.0,Male,0,No,Graduate,Diana,Boyer,Maldives,Semiurban,N
LPP003510,95.0,360.0,1.0,No,3400,0.0,Female,0,No,Not Graduate,Brittney,Norton,Kyrgyz Republic,Rural,N
LPP003511,45.0,360.0,1.0,No,2192,1742.0,Male,2,Yes,Not Graduate,Norma,Santana,Vietnam,Semiurban,Y
LPP003512,55.0,360.0,1.0,No,2500,0.0,Male,0,No,Graduate,Sean,Johnson,New Caledonia,Semiurban,Y
LPP003513,100.0,360.0,1.0,Yes,5677,1424.0,Male,3+,Yes,Graduate,Katie,Rogers,Jersey,Rural,Y
LPP003514,480.0,360.0,1.0,Yes,7948,7166.0,Male,2,Yes,Graduate,Rebecca,Fernandez,South Africa,Rural,Y
LPP003515,145.0,360.0,1.0,No,4680,2087.0,Male,0,No,Graduate,Emily,Huff,Cameroon,Semiurban,N
LPP003516,400.0,360.0,1.0,Yes,17500,0.0,Male,2,Yes,Graduate,Jennifer,Hoffman,Pitcairn Islands,Rural,Y
LPP003517,110.0,360.0,1.0,No,3775,0.0,Male,0,Yes,Graduate,Mary,Crawford,Martinique,Semiurban,Y
LPP003518,161.0,360.0,0.0,No,5285,1430.0,Male,1,Yes,Not Graduate,Richard,Luna,New Zealand,Semiurban,Y
LPP003519,94.0,360.0,1.0,No,2679,1302.0,Male,1,No,Not Graduate,Michelle,Smith,Eritrea,Semiurban,Y
LPP003520,130.0,360.0,1.0,No,6783,0.0,Male,0,No,Not Graduate,Kayla,Moran,Serbia,Semiurban,Y
LPP003521,216.0,360.0,1.0,No,1025,5500.0,Male,0,Yes,Graduate,Grace,Rodgers,Mongolia,Rural,Y
LPP003522,100.0,360.0,1.0,No,4281,0.0,Male,3+,Yes,Graduate,Scott,Wiggins,Guyana,Urban,Y
LPP003523,110.0,360.0,0.0,No,3588,0.0,Male,2,No,Graduate,Patricia,Barajas,Djibouti,Rural,N
LPP003524,196.0,360.0,1.0,No,11250,0.0,Male,1,No,Graduate,Sheila,Evans,Mauritius,Semiurban,N
LPP003525,125.0,360.0,1.0,Yes,18165,0.0,Female,0,No,Not Graduate,Randy,Schneider,Trinidad and Tobago,Urban,Y
LPP003526,126.0,360.0,1.0,No,2550,2042.0,Male,0,No,Not Graduate,Eric,Green,Uzbekistan,Rural,Y
LPP003527,324.0,360.0,1.0,No,6133,3906.0,Male,0,Yes,Graduate,Wanda,Lewis,Canada,Urban,Y
LPP003528,107.0,360.0,1.0,No,3617,0.0,Male,2,No,Graduate,Mary,Lewis,Botswana,Semiurban,Y
LPP003529,66.0,360.0,1.0,No,2917,536.0,Male,0,Yes,Not Graduate,Zachary,Ward,Greenland,Rural,N
LPP003530,157.0,360.0,1.0,No,6417,0.0,Male,3+,Yes,Graduate,Mary,Ellison,Slovenia,Rural,Y
LPP003531,140.0,360.0,1.0,No,4608,2845.0,Female,1,Yes,Graduate,Kristine,White,Sudan,Semiurban,Y
LPP003532,99.0,360.0,0.0,No,2138,0.0,Female,0,No,Graduate,Mary,Watts,Panama,Semiurban,N
LPP003533,95.0,360.0,1.0,No,3652,0.0,Female,1,No,Graduate,Christopher,Patel,Uganda,Semiurban,Y
