id,first_name,last_name,email,gender,date,product,price,quantity
1,Halsey,Andreone,handreone0@printfriendly.com,Agender,2021-10-24,Lettuce - Boston Bib - Organic,8.8,1
2,Web,Fountaine,wfountaine1@twitpic.com,Agender,2021-10-21,Wine - Cave Springs Dry Riesling,10.2,3
3,Pepe,Skoggins,pskoggins2@diigo.com,Female,2021-10-18,Cookie Dough - Peanut Butter,10.9,1
4,Goldie,Chevis,gchevis3@hatena.ne.jp,Genderfluid,2021-10-19,Triple Sec - Mcguinness,14.2,5
5,Joli,Matuszewski,jmatuszewski4@4shared.com,Non-binary,2021-10-23,Beer - Sleemans Honey Brown,16.8,5
6,Crysta,Wybern,cwybern5@eventbrite.com,Female,2021-10-18,Syrup - Kahlua Chocolate,8.1,5
7,Evyn,Mulrean,emulrean6@sohu.com,Non-binary,2021-10-18,Cake - Cake Sheet Macaroon,18.0,3
8,Edgard,Kingdon,ekingdon7@soup.io,Bigender,2021-10-18,Cherries - Frozen,5.5,2
9,Thoma,Casburn,tcasburn8@nyu.edu,Bigender,2021-10-22,Devonshire Cream,15.9,2
10,Gwynne,Chiene,gchiene9@google.ru,Male,2021-10-22,Pur Source,7.9,3
11,Nellie,MacDermand,nmacdermanda@accuweather.com,Polygender,2021-10-21,Leeks - Large,12.2,4
12,Mordecai,Tinston,mtinstonb@last.fm,Female,2021-10-18,Tea - Apple Green Tea,1.6,4
13,Genovera,Woodthorpe,gwoodthorpec@spiegel.de,Non-binary,2021-10-20,Artichoke - Fresh,1.0,1
14,Wallie,Daskiewicz,wdaskiewiczd@washington.edu,Genderqueer,2021-10-24,Beets - Golden,2.6,2
15,Darrel,Pigney,dpigneye@chicagotribune.com,Genderqueer,2021-10-18,Oneshot Automatic Soap System,16.1,2
16,Marta,Harfleet,mharfleetf@seesaa.net,Non-binary,2021-10-19,Veal - Sweetbread,14.0,5
17,Josepha,Renvoys,jrenvoysg@ow.ly,Agender,2021-10-21,Latex Rubber Gloves Size 9,13.0,3
18,Ardath,Tebb,atebbh@storify.com,Female,2021-10-24,Trueblue - Blueberry 12x473ml,10.4,5
19,Tonnie,Thunderman,tthundermani@bloglines.com,Male,2021-10-22,Pea - Snow,13.1,1
20,Glen,Cerie,gceriej@pcworld.com,Non-binary,2021-10-23,Pork - Side Ribs,14.4,3
21,Yule,Dickon,ydickonk@chronoengine.com,Bigender,2021-10-20,Ecolab - Ster Bac,18.7,3
22,Jolynn,Duprey,jdupreyl@guardian.co.uk,Genderqueer,2021-10-23,Lamb Shoulder Boneless Nz,18.3,5
23,Pascal,Mollene,pmollenem@bing.com,Genderfluid,2021-10-18,"Butter - Salted, Micro",17.6,1
24,Byron,Di Nisco,bdiniscon@wsj.com,Female,2021-10-18,Appetizer - Chicken Satay,14.7,5
25,Nissa,Warrilow,nwarrilowo@hatena.ne.jp,Non-binary,2021-10-24,Zucchini - Yellow,11.5,3
26,Ervin,Wyss,ewyssp@deliciousdays.com,Genderfluid,2021-10-21,Wine - Malbec Trapiche Reserve,5.6,3
27,Basile,McCarlie,bmccarlieq@altervista.org,Female,2021-10-22,Nescafe - Frothy French Vanilla,12.9,3
28,Kessiah,Nerval,knervalr@mapy.cz,Polygender,2021-10-22,"Red Snapper - Fresh, Whole",14.5,1
29,Mame,Kingsbury,mkingsburys@weebly.com,Male,2021-10-20,Beef - Diced,6.0,2
30,Johnathan,Wipper,jwippert@arstechnica.com,Genderfluid,2021-10-21,Cookie Dough - Oatmeal Rasin,3.5,3
31,Cammy,Oldcote,coldcoteu@people.com.cn,Polygender,2021-10-20,Cake Slab,10.5,1
32,Hayyim,Phair,hphairv@sitemeter.com,Bigender,2021-10-18,Goulash Seasoning,8.3,3
33,Lizabeth,Affleck,laffleckw@dell.com,Bigender,2021-10-19,Anisette - Mcguiness,14.8,5
34,Morton,Dicey,mdiceyx@tumblr.com,Male,2021-10-19,Towel Dispenser,14.2,4
35,Marinna,Scopyn,mscopyny@geocities.com,Male,2021-10-23,Chips - Miss Vickies,19.3,5
36,Sascha,Sellars,ssellarsz@artisteer.com,Bigender,2021-10-18,Bagelers - Cinn / Brown Sugar,4.5,4
37,Aloysia,Batiste,abatiste10@vinaora.com,Female,2021-10-19,Beef - Short Loin,16.7,4
38,Chaim,Sevitt,csevitt11@blog.com,Bigender,2021-10-19,Dried Cherries,8.1,4
39,Maddi,Duell,mduell12@bravesites.com,Bigender,2021-10-18,Appetizer - Shrimp Puff,18.5,1
40,Alia,Guittet,aguittet13@sbwire.com,Polygender,2021-10-21,Extract - Almond,18.8,4
41,Herve,Caro,hcaro14@linkedin.com,Bigender,2021-10-24,Sauce - Oyster,3.8,1
42,Ursuline,Scourgie,uscourgie15@comcast.net,Agender,2021-10-21,Container - Hngd Cll Blk 7x7x3,4.9,1
43,Banky,Brearley,bbrearley16@edublogs.org,Genderfluid,2021-10-24,Yoplait Drink,13.5,4
44,Chantal,Vescovini,cvescovini17@paypal.com,Genderqueer,2021-10-19,Wine - Taylors Reserve,15.1,4
45,Theresita,Gliddon,tgliddon18@webs.com,Polygender,2021-10-20,Juice - Mango,14.8,1
46,Dulciana,Snooks,dsnooks19@so-net.ne.jp,Genderfluid,2021-10-20,"Soup - Knorr, Chicken Noodle",3.7,5
47,Arlyne,Charnley,acharnley1a@vinaora.com,Male,2021-10-18,"Pepper - Paprika, Hungarian",14.3,1
48,Bealle,Dishmon,bdishmon1b@latimes.com,Polygender,2021-10-24,Yoghurt Tubes,3.4,1
49,Hyacinthie,Curee,hcuree1c@yale.edu,Non-binary,2021-10-23,"Pork - Loin, Bone - In",8.9,3
50,Rosabella,Kroon,rkroon1d@amazon.de,Genderqueer,2021-10-19,Oil - Peanut,6.4,4
51,Ciel,Budik,cbudik1e@ovh.net,Non-binary,2021-10-18,"Vermacelli - Sprinkles, Assorted",10.1,1
52,Seth,Baudou,sbaudou1f@ebay.co.uk,Female,2021-10-20,Higashimaru Usukuchi Soy,10.3,5
53,Annalise,Hessing,ahessing1g@ycombinator.com,Male,2021-10-18,Sole - Iqf,8.2,1
54,Dalli,Sprott,dsprott1h@businesswire.com,Polygender,2021-10-20,Wine - Black Tower Qr,19.5,2
55,Florry,Gori,fgori1i@sfgate.com,Male,2021-10-19,Beef - Top Butt,19.4,4
56,Allegra,Maber,amaber1j@about.com,Genderqueer,2021-10-21,"Placemat - Scallop, White",4.8,4
57,Nickie,Collicott,ncollicott1k@narod.ru,Genderfluid,2021-10-18,Muffin Orange Individual,4.5,1
58,Orland,Harriagn,oharriagn1l@nymag.com,Female,2021-10-19,"Beans - Turtle, Black, Dry",3.6,1
59,Ruby,Westmarland,rwestmarland1m@washington.edu,Male,2021-10-22,Sea Bass - Whole,18.1,1
60,Giacinta,Claesens,gclaesens1n@webeden.co.uk,Bigender,2021-10-20,Extract - Lemon,16.5,4
61,Holli,Mulholland,hmulholland1o@printfriendly.com,Polygender,2021-10-18,"Red Snapper - Fresh, Whole",11.6,3
62,Roxanne,Jacobbe,rjacobbe1p@economist.com,Agender,2021-10-18,Turkey Tenderloin Frozen,9.5,1
63,Vance,Marquot,vmarquot1q@liveinternet.ru,Polygender,2021-10-18,Pork - Back Ribs,11.6,3
64,Tripp,Mattholie,tmattholie1r@bravesites.com,Bigender,2021-10-19,"Bread - Roll, Italian",6.0,1
65,Michale,Lattimore,mlattimore1s@washingtonpost.com,Polygender,2021-10-24,"Lamb - Whole, Frozen",11.0,2
66,Stinky,Enefer,senefer1t@eventbrite.com,Male,2021-10-19,Melon - Cantaloupe,7.2,1
67,Oralie,Gealle,ogealle1u@gmpg.org,Polygender,2021-10-21,"Lamb - Pieces, Diced",15.8,4
68,Raine,Couser,rcouser1v@adobe.com,Bigender,2021-10-24,Cherries - Fresh,6.7,2
69,Clem,Kleinber,ckleinber1w@gravatar.com,Agender,2021-10-23,Gelatine Leaves - Bulk,15.6,5
70,Dareen,Swetenham,dswetenham1x@godaddy.com,Polygender,2021-10-19,Monkfish - Fresh,19.4,1
71,Adela,Redholes,aredholes1y@livejournal.com,Genderfluid,2021-10-23,Beef - Short Loin,17.0,1
72,Marge,Cosens,mcosens1z@mayoclinic.com,Female,2021-10-18,Chinese Lemon Pork,3.3,2
73,Drusi,Wakeham,dwakeham20@census.gov,Agender,2021-10-24,Compound - Rum,10.7,1
74,Vanni,Justis,vjustis21@patch.com,Genderfluid,2021-10-18,Oven Mitt - 13 Inch,19.0,1
75,Darcy,Allawy,dallawy22@squarespace.com,Bigender,2021-10-22,Bread - White Mini Epi,5.7,3
76,Liz,Masser,lmasser23@europa.eu,Genderfluid,2021-10-22,Appetizer - Seafood Assortment,5.3,2
77,Veradis,Duncombe,vduncombe24@amazon.co.jp,Non-binary,2021-10-20,The Pop Shoppe - Cream Soda,11.1,3
78,Germaine,Crissil,gcrissil25@hugedomains.com,Female,2021-10-21,Soup - Campbellschix Stew,2.9,1
79,Tania,Aylin,taylin26@mlb.com,Male,2021-10-20,Higashimaru Usukuchi Soy,3.3,2
80,Alessandra,Van der Son,avanderson27@fda.gov,Genderfluid,2021-10-23,Rice - Jasmine Sented,12.7,5
81,Earle,Gercke,egercke28@globo.com,Polygender,2021-10-22,Sardines,16.0,4
82,Ransom,Di Angelo,rdiangelo29@amazon.com,Genderqueer,2021-10-22,Dried Cherries,13.1,5
83,Bernete,Uc,buc2a@tamu.edu,Non-binary,2021-10-23,Pepper - Orange,1.4,5
84,Moyna,Slowgrave,mslowgrave2b@rakuten.co.jp,Female,2021-10-18,"Juice - Clamato, 341 Ml",3.0,3
85,Sharai,McAvinchey,smcavinchey2c@newsvine.com,Non-binary,2021-10-24,Soap - Mr.clean Floor Soap,12.4,3
86,Henrik,Dalli,hdalli2d@live.com,Bigender,2021-10-24,Table Cloth 62x120 White,13.3,1
87,Meredeth,Rusling,mrusling2e@privacy.gov.au,Genderfluid,2021-10-24,Bread - Rye,8.4,5
88,Jenny,Bunton,jbunton2f@canalblog.com,Bigender,2021-10-24,Lettuce - Baby Salad Greens,19.9,2
89,Freida,Buttle,fbuttle2g@ucsd.edu,Agender,2021-10-22,Pie Pecan,6.9,4
90,Zonda,Sharville,zsharville2h@ihg.com,Female,2021-10-21,"Oregano - Dry, Rubbed",17.1,4
91,Bentley,Corkett,bcorkett2i@webeden.co.uk,Polygender,2021-10-19,Wine - Tio Pepe Sherry Fino,10.5,1
92,Pen,Orto,porto2j@cmu.edu,Bigender,2021-10-22,Wine - Riesling Alsace Ac 2001,3.6,1
93,Lorelei,Durrance,ldurrance2k@webs.com,Agender,2021-10-24,Yoghurt Tubes,18.7,2
94,Fernandina,Else,felse2l@taobao.com,Non-binary,2021-10-21,Longos - Lasagna Beef,7.9,1
95,Sebastien,McGloughlin,smcgloughlin2m@mayoclinic.com,Male,2021-10-18,Coriander - Seed,18.8,3
96,Maryl,Dalman,mdalman2n@google.co.uk,Agender,2021-10-18,Foil - Round Foil,7.7,4
97,Nancy,Whelpton,nwhelpton2o@vkontakte.ru,Genderfluid,2021-10-20,Pepperoni Slices,11.2,5
98,Delilah,Gontier,dgontier2p@over-blog.com,Polygender,2021-10-18,Cheese - Fontina,14.0,4
99,Rupert,Heffernan,rheffernan2q@booking.com,Non-binary,2021-10-20,"Pasta - Fett Alfredo, Single Serve",2.7,2
100,Winston,Mault,wmault2r@squarespace.com,Male,2021-10-18,Rice - Wild,3.1,2
101,Shay,Bellringer,sbellringer2s@loc.gov,Bigender,2021-10-19,Ham - Cooked Italian,14.2,1
102,Finley,Firbank,ffirbank2t@chron.com,Non-binary,2021-10-22,"Placemat - Scallop, White",9.5,3
103,Ilyssa,Johnsee,ijohnsee2u@bbc.co.uk,Non-binary,2021-10-23,Bread - Kimel Stick Poly,3.5,2
104,Miltie,Eddis,meddis2v@tinypic.com,Male,2021-10-20,"Salmon - Atlantic, Fresh, Whole",12.2,3
105,Aeriel,Leggatt,aleggatt2w@cyberchimps.com,Male,2021-10-22,Tea - Herbal Sweet Dreams,7.7,1
106,Kelley,Jeandon,kjeandon2x@patch.com,Agender,2021-10-19,Horseradish - Prepared,18.5,4
107,Melvyn,Thorpe,mthorpe2y@unc.edu,Bigender,2021-10-19,"Quail - Whole, Bone - In",5.9,4
108,Ashley,Viles,aviles2z@merriam-webster.com,Non-binary,2021-10-18,Soup - Verve - Chipotle Chicken,9.7,1
109,Liz,Zylberdik,lzylberdik30@mail.ru,Polygender,2021-10-24,Crackers - Melba Toast,19.0,2
110,Ulises,Foulsham,ufoulsham31@acquirethisname.com,Female,2021-10-22,"Mushrooms - Black, Dried",15.8,2
111,Darda,Bussens,dbussens32@sourceforge.net,Female,2021-10-22,"Pasta - Shells, Medium, Dry",4.7,5
112,Kelbee,Cockley,kcockley33@europa.eu,Female,2021-10-21,Crackers - Melba Toast,7.6,4
113,Neel,Tenny,ntenny34@virginia.edu,Genderqueer,2021-10-21,"Octopus - Baby, Cleaned",2.4,4
114,Kelley,Roubert,kroubert35@rambler.ru,Non-binary,2021-10-21,Coffee - Egg Nog Capuccino,9.5,1
115,Zita,Brand,zbrand36@time.com,Bigender,2021-10-21,Sesame Seed,11.5,3
116,Rica,Skarman,rskarman37@nih.gov,Non-binary,2021-10-21,"Soup - Knorr, Country Bean",11.0,2
117,Boone,Flement,bflement38@ucla.edu,Bigender,2021-10-18,"Brandy - Orange, Mc Guiness",7.5,5
118,Say,Barkes,sbarkes39@theguardian.com,Bigender,2021-10-23,"Water, Tap",13.9,1
119,Fran,Dawnay,fdawnay3a@usda.gov,Polygender,2021-10-19,Wine - Magnotta - Cab Sauv,9.7,3
120,Vickie,Skelbeck,vskelbeck3b@home.pl,Female,2021-10-21,Wine - Cava Aria Estate Brut,17.0,5
121,Ferdinand,Detoile,fdetoile3c@mail.ru,Genderfluid,2021-10-23,"Bread - Rolls, Corn",19.7,2
122,Gusella,Lockart,glockart3d@booking.com,Agender,2021-10-20,Wine - Jackson Triggs Okonagan,14.2,3
123,Dido,Thirtle,dthirtle3e@freewebs.com,Non-binary,2021-10-21,Cocoa Feuilletine,12.3,4
124,Shea,Twidale,stwidale3f@unesco.org,Genderfluid,2021-10-19,Ham - Proscuitto,2.1,3
125,Wynnie,Phonix,wphonix3g@newyorker.com,Male,2021-10-19,Muffin Mix - Carrot,15.4,1
126,Gunar,Sabbins,gsabbins3h@techcrunch.com,Non-binary,2021-10-22,Clam - Cherrystone,19.3,3
127,Cornelius,Kleinpeltz,ckleinpeltz3i@washingtonpost.com,Genderfluid,2021-10-22,Straws - Cocktale,15.3,1
128,Moselle,Clery,mclery3j@dagondesign.com,Genderfluid,2021-10-19,Pork - Belly Fresh,1.5,3
129,Nilson,Woodroffe,nwoodroffe3k@opera.com,Polygender,2021-10-20,Fuji Apples,15.1,1
130,Fair,MacKereth,fmackereth3l@bbb.org,Genderqueer,2021-10-19,Cassis,18.5,5
131,Nicoli,Kornalik,nkornalik3m@dmoz.org,Male,2021-10-21,Bread - Rye,13.6,4
132,Brigitte,Attersoll,battersoll3n@yolasite.com,Genderqueer,2021-10-22,Vanilla Beans,8.7,1
133,Jasmina,Tumbridge,jtumbridge3o@creativecommons.org,Non-binary,2021-10-18,Pear - Prickly,19.0,5
134,Benny,Kwietak,bkwietak3p@csmonitor.com,Female,2021-10-18,Beer - Rickards Red,5.5,4
135,Krystyna,Canape,kcanape3q@sohu.com,Genderqueer,2021-10-24,Veal - Provimi Inside,1.5,4
136,Marion,Farebrother,mfarebrother3r@eventbrite.com,Non-binary,2021-10-22,"Vermouth - White, Cinzano",14.5,3
137,Cecil,Careless,ccareless3s@barnesandnoble.com,Agender,2021-10-21,Flour - Fast / Rapid,13.0,1
138,Tobye,Phare,tphare3t@nps.gov,Female,2021-10-24,Apple - Granny Smith,2.1,3
139,Laurette,Grombridge,lgrombridge3u@intel.com,Male,2021-10-22,Sausage - Blood Pudding,17.0,5
140,Victoir,Linkin,vlinkin3v@marriott.com,Bigender,2021-10-23,Beans - French,6.3,1
141,Thaddus,Cutchie,tcutchie3w@ftc.gov,Polygender,2021-10-20,Onions - Vidalia,3.0,2
142,Valentine,Cottee,vcottee3x@ameblo.jp,Polygender,2021-10-24,Cheese Cloth,15.4,1
143,Laureen,Randell,lrandell3y@angelfire.com,Female,2021-10-18,Boogies,3.0,3
144,Skippie,Faldoe,sfaldoe3z@dropbox.com,Male,2021-10-23,Wine - Cotes Du Rhone,1.3,1
145,Jannel,Behagg,jbehagg40@ox.ac.uk,Genderfluid,2021-10-21,Lamb Leg - Bone - In Nz,10.4,1
146,Elna,Barkworth,ebarkworth41@hugedomains.com,Non-binary,2021-10-22,"Nut - Cashews, Whole, Raw",16.2,4
147,Jobie,Bruneau,jbruneau42@nature.com,Bigender,2021-10-18,"Mop Head - Cotton, 24 Oz",12.4,2
148,Jonah,Naul,jnaul43@fotki.com,Male,2021-10-24,Cake - Box Window 10x10x2.5,6.7,5
149,Keelia,Scrowson,kscrowson44@cloudflare.com,Male,2021-10-19,Corn - Mini,5.4,3
150,Torie,Jecock,tjecock45@netvibes.com,Genderqueer,2021-10-21,"Cheese - Cheddar, Mild",7.3,5
151,Bianka,Jost,bjost46@eepurl.com,Agender,2021-10-23,Amarula Cream,3.7,4
152,Clemmy,McGarel,cmcgarel47@gnu.org,Agender,2021-10-21,Island Oasis - Magarita Mix,5.0,3
153,Deborah,McKinnon,dmckinnon48@nationalgeographic.com,Female,2021-10-20,"Lamb - Leg, Bone In",7.2,1
154,Robbert,Astie,rastie49@newsvine.com,Agender,2021-10-24,Jameson - Irish Whiskey,19.3,1
155,Massimo,Seeger,mseeger4a@blogspot.com,Male,2021-10-22,Pastry - Carrot Muffin - Mini,12.6,1
156,Wyn,Drinkel,wdrinkel4b@businessweek.com,Female,2021-10-21,"Juice - V8, Tomato",12.6,1
157,Malcolm,Creber,mcreber4c@woothemes.com,Non-binary,2021-10-19,"Bar Mix - Pina Colada, 355 Ml",9.2,3
158,Lauryn,Macauley,lmacauley4d@qq.com,Male,2021-10-23,Wine - Pinot Noir Latour,16.7,1
159,Jacobo,Kennefick,jkennefick4e@yahoo.com,Genderqueer,2021-10-21,Buffalo - Tenderloin,9.2,2
160,Dode,Hildrew,dhildrew4f@lycos.com,Male,2021-10-20,Crackers - Trio,16.7,3
161,Desiri,Palphramand,dpalphramand4g@hao123.com,Genderqueer,2021-10-20,Cookie Dough - Double,4.1,2
162,Terza,Plaskitt,tplaskitt4h@rediff.com,Genderfluid,2021-10-23,Oven Mitts 17 Inch,18.6,5
163,Amble,Cannam,acannam4i@angelfire.com,Agender,2021-10-21,Ice Cream - Vanilla,18.8,4
164,Nobe,Garthside,ngarthside4j@skyrock.com,Male,2021-10-21,Cleaner - Lime Away,9.4,3
165,Georgiana,Ailmer,gailmer4k@lulu.com,Agender,2021-10-21,Bread - Onion Focaccia,6.3,4
166,Brant,Catlow,bcatlow4l@java.com,Male,2021-10-21,"Soup - Campbells, Cream Of",17.5,5
167,Giovanna,Knowller,gknowller4m@slideshare.net,Male,2021-10-24,Tobasco Sauce,9.1,2
168,Phyllys,Pringle,ppringle4n@who.int,Male,2021-10-21,Beef Tenderloin Aaa,3.9,1
169,Kelcy,Glavias,kglavias4o@mayoclinic.com,Agender,2021-10-23,Coffee - Irish Cream,4.7,5
170,Alfie,Hamments,ahamments4p@un.org,Male,2021-10-23,Sauce - Cranberry,12.4,4
171,Arabelle,Scroggs,ascroggs4q@yale.edu,Agender,2021-10-24,"Cheese - Cheddar, Old White",14.6,2
172,Eldon,Gyngyll,egyngyll4r@theatlantic.com,Female,2021-10-18,Wine - Sake,7.2,2
173,Jayne,Zaple,jzaple4s@ocn.ne.jp,Bigender,2021-10-24,Cheese - Bocconcini,1.5,1
174,Florance,Kleszinski,fkleszinski4t@prweb.com,Bigender,2021-10-20,Coffee Beans - Chocolate,7.4,3
175,Jammal,Bigland,jbigland4u@slate.com,Genderfluid,2021-10-19,Sauce - Hp,19.1,2
176,Thorvald,Deavall,tdeavall4v@goo.ne.jp,Female,2021-10-20,Dr. Pepper - 355ml,11.1,3
177,Cirilo,Lenahan,clenahan4w@jimdo.com,Agender,2021-10-21,"Mushroom - Porcini, Dry",11.4,4
178,Gaylene,Mapstone,gmapstone4x@prlog.org,Bigender,2021-10-19,Steampan - Foil,17.7,4
179,Hamid,Haimes,hhaimes4y@mashable.com,Male,2021-10-21,"Wine - Magnotta, Merlot Sr Vqa",16.4,1
180,Cordy,Rubert,crubert4z@github.com,Agender,2021-10-24,"Pepper - Black, Whole",1.3,2
181,Martita,Fulloway,mfulloway50@constantcontact.com,Female,2021-10-19,Chinese Lemon Pork,3.3,1
182,Marlo,Lovel,mlovel51@imgur.com,Polygender,2021-10-20,Rappini - Andy Boy,1.6,5
183,Cari,Mendel,cmendel52@posterous.com,Polygender,2021-10-20,Tarragon - Fresh,1.6,1
184,Ruttger,Graalmans,rgraalmans53@ehow.com,Genderfluid,2021-10-21,"Pineapple - Canned, Rings",18.1,4
185,Adey,Blaylock,ablaylock54@vimeo.com,Genderfluid,2021-10-20,Water Chestnut - Canned,12.3,1
186,Tarra,Chedzoy,tchedzoy55@tamu.edu,Genderfluid,2021-10-22,Wine - Black Tower Qr,15.9,2
187,Leland,Ryland,lryland56@bigcartel.com,Polygender,2021-10-23,"Wine - White, Pinot Grigio",17.2,2
188,Jannel,Hoggan,jhoggan57@amazon.com,Non-binary,2021-10-21,Allspice - Jamaican,4.3,2
189,Jamie,Dodd,jdodd58@princeton.edu,Non-binary,2021-10-19,"Pasta - Elbows, Macaroni, Dry",14.8,2
190,Kimmie,Turfus,kturfus59@fc2.com,Agender,2021-10-21,"Cheese - Boursin, Garlic / Herbs",12.6,4
191,Garwood,Filintsev,gfilintsev5a@google.com.br,Male,2021-10-22,"Chicken - Wings, Tip Off",9.5,5
192,Barb,Giovanazzi,bgiovanazzi5b@techcrunch.com,Male,2021-10-19,Coffee - Egg Nog Capuccino,13.2,3
193,Melamie,Weymont,mweymont5c@disqus.com,Female,2021-10-18,"Sauce - White, Mix",14.4,3
194,Hermie,Sunner,hsunner5d@npr.org,Female,2021-10-23,Huck Towels White,5.5,3
195,Al,Mongain,amongain5e@bloglines.com,Non-binary,2021-10-19,Wine - Barossa Valley Estate,12.4,2
196,Garland,Odlin,godlin5f@youtube.com,Bigender,2021-10-20,Yoplait - Strawbrasp Peac,2.1,2
197,Alexandr,Farndon,afarndon5g@wordpress.org,Agender,2021-10-20,"Beer - Alexander Kieths, Pale Ale",11.2,2
198,Andy,Rylett,arylett5h@slate.com,Genderfluid,2021-10-22,Frangelico,10.5,2
199,Brigitte,Castledine,bcastledine5i@yahoo.co.jp,Genderfluid,2021-10-22,Cocoa Feuilletine,13.0,3
200,Maegan,Bonus,mbonus5j@sciencedaily.com,Genderfluid,2021-10-19,Celery Root,11.6,1
201,Lucretia,Kealy,lkealy5k@nytimes.com,Male,2021-10-20,Dill Weed - Fresh,14.5,2
202,Cherlyn,Bennet,cbennet5l@tmall.com,Genderqueer,2021-10-18,Scallops 60/80 Iqf,6.7,5
203,Krissy,Tschersich,ktschersich5m@deviantart.com,Bigender,2021-10-20,Honey - Comb,6.3,2
204,Annamarie,Denholm,adenholm5n@tamu.edu,Female,2021-10-22,"Cookies - Oreo, 4 Pack",10.7,3
205,Celinka,Byass,cbyass5o@google.fr,Non-binary,2021-10-22,"Syrup - Monin, Swiss Choclate",12.6,4
206,Fidel,Whitewood,fwhitewood5p@biblegateway.com,Polygender,2021-10-24,"Tortillas - Flour, 10",11.5,5
207,Robby,Matous,rmatous5q@google.com,Agender,2021-10-22,"Rosemary - Primerba, Paste",19.4,4
208,Adel,Luffman,aluffman5r@globo.com,Male,2021-10-18,Extract - Lemon,17.5,3
209,Caspar,Ughelli,cughelli5s@thetimes.co.uk,Bigender,2021-10-18,Beer - Steamwhistle,8.0,2
210,Jesus,Worsnup,jworsnup5t@eepurl.com,Non-binary,2021-10-21,"Olives - Green, Pitted",16.5,3
211,Charlie,Loughren,cloughren5u@mysql.com,Male,2021-10-21,Basil - Fresh,14.8,5
212,Jameson,Fayter,jfayter5v@geocities.jp,Agender,2021-10-22,Steel Wool,10.8,4
213,Minna,Lainge,mlainge5w@amazon.co.jp,Genderfluid,2021-10-22,Beer - True North Lager,18.3,2
214,Pauli,Le Maitre,plemaitre5x@odnoklassniki.ru,Agender,2021-10-22,Gatorade - Lemon Lime,11.3,2
215,Marty,Coale,mcoale5y@desdev.cn,Non-binary,2021-10-19,Daikon Radish,9.0,3
216,Vittorio,Moline,vmoline5z@google.de,Bigender,2021-10-24,Bread - White Epi Baguette,12.7,5
217,Bald,McLoney,bmcloney60@seesaa.net,Non-binary,2021-10-19,Bread - Flat Bread,15.5,5
218,Yolane,Vinnicombe,yvinnicombe61@ifeng.com,Female,2021-10-23,Lemon Pepper,18.0,4
219,Avrit,Filipic,afilipic62@booking.com,Male,2021-10-20,"Salt - Rock, Course",11.3,2
220,Deana,Tuther,dtuther63@behance.net,Genderqueer,2021-10-21,Quinoa,6.8,3
221,Gregory,Bertin,gbertin64@parallels.com,Bigender,2021-10-20,Sprouts - China Rose,7.3,3
222,Jarrid,Laurisch,jlaurisch65@miitbeian.gov.cn,Male,2021-10-24,"Lemonade - Natural, 591 Ml",16.3,2
223,Timmie,Cicchitello,tcicchitello66@dmoz.org,Genderfluid,2021-10-24,Gatorade - Xfactor Berry,14.6,5
224,Daphne,Sandwick,dsandwick67@ehow.com,Bigender,2021-10-21,Cheese - Camembert,14.2,2
225,Georges,Masarrat,gmasarrat68@house.gov,Female,2021-10-24,Ecolab - Mikroklene 4/4 L,15.4,2
226,Hewett,Jori,hjori69@omniture.com,Agender,2021-10-23,Pastry - Banana Muffin - Mini,6.1,2
227,Audi,Cella,acella6a@bloomberg.com,Polygender,2021-10-23,Sprite - 355 Ml,17.5,3
228,Isadore,Bizzey,ibizzey6b@rakuten.co.jp,Non-binary,2021-10-20,Cheese - Pont Couvert,5.4,4
229,Tobias,Brainsby,tbrainsby6c@cnet.com,Polygender,2021-10-18,Cake - Mini Potato Pancake,13.3,5
230,Tamma,McCully,tmccully6d@nasa.gov,Agender,2021-10-23,Pastrami,15.9,4
231,Truman,Hollerin,thollerin6e@gmpg.org,Non-binary,2021-10-24,Wine - Redchard Merritt,10.4,4
232,Allard,Cuckoo,acuckoo6f@hhs.gov,Non-binary,2021-10-18,"Mushroom - Enoki, Dry",10.9,5
233,Maudie,Shellard,mshellard6g@cargocollective.com,Polygender,2021-10-22,Pepper Squash,10.4,3
234,Filberto,Kilrow,fkilrow6h@studiopress.com,Polygender,2021-10-19,"Fish - Base, Bouillion",19.5,5
235,Kiah,Eymor,keymor6i@squidoo.com,Male,2021-10-19,Lighter - Bbq,3.9,4
236,L;urette,Ten Broek,ltenbroek6j@netlog.com,Bigender,2021-10-22,Mudslide,14.9,5
237,Tamas,Anthoin,tanthoin6k@apache.org,Non-binary,2021-10-24,Sauce - Balsamic Viniagrette,3.6,5
238,Codie,Walkingshaw,cwalkingshaw6l@bloglines.com,Agender,2021-10-22,Calvados - Boulard,10.2,1
239,Dannel,Gotts,dgotts6m@people.com.cn,Non-binary,2021-10-23,Creme De Menthe Green,9.4,2
240,Kelli,Bifield,kbifield6n@prweb.com,Female,2021-10-19,Broom - Angled,2.8,5
241,Trish,Revie,trevie6o@boston.com,Bigender,2021-10-20,Flour - Strong Pizza,1.3,1
242,Alameda,Hearnes,ahearnes6p@google.com.hk,Non-binary,2021-10-23,Table Cloth 54x54 Colour,1.9,2
243,Emmanuel,Worsnap,eworsnap6q@hhs.gov,Female,2021-10-22,"Soup - Beef Conomme, Dry",17.4,1
244,Gisella,Greenstreet,ggreenstreet6r@narod.ru,Agender,2021-10-22,Tea - Orange Pekoe,9.8,4
245,Currey,Haugen,chaugen6s@mapy.cz,Genderqueer,2021-10-20,Muffin - Banana Nut Individual,4.2,4
246,Dolorita,Bartoshevich,dbartoshevich6t@chronoengine.com,Male,2021-10-23,Chocolate Bar - Smarties,7.5,5
247,Katheryn,Berg,kberg6u@hc360.com,Polygender,2021-10-24,Cactus Pads,3.5,3
248,Cal,Garnar,cgarnar6v@newyorker.com,Male,2021-10-21,Cheese - Sheep Milk,12.2,1
249,Jude,Matteotti,jmatteotti6w@npr.org,Polygender,2021-10-22,"Turkey - Breast, Smoked",6.8,5
250,Natal,Padillo,npadillo6x@adobe.com,Female,2021-10-18,Garbag Bags - Black,12.1,5
251,Tallia,Birkmyr,tbirkmyr6y@accuweather.com,Non-binary,2021-10-22,"Wine - Sherry Dry Sack, William",17.7,1
252,Alfonse,Winterton,awinterton6z@blogs.com,Genderqueer,2021-10-19,Grapefruit - White,11.3,2
253,Tildie,Inch,tinch70@sina.com.cn,Bigender,2021-10-24,Sugar - Splenda Sweetener,17.2,2
254,Alyss,O' Clovan,aoclovan71@naver.com,Female,2021-10-23,"Pasta - Spaghetti, Dry",19.8,3
255,Herrick,Teresi,hteresi72@google.ca,Non-binary,2021-10-24,Sobe - Orange Carrot,14.0,2
256,Ephraim,Morcomb,emorcomb73@omniture.com,Bigender,2021-10-18,Longos - Assorted Sandwich,15.9,2
257,Netta,Spinola,nspinola74@storify.com,Male,2021-10-20,"Juice - Pineapple, 341 Ml",11.8,1
258,Jammie,Bielefeld,jbielefeld75@bloomberg.com,Bigender,2021-10-20,Beer - Pilsner Urquell,5.3,2
259,Shari,Feechan,sfeechan76@technorati.com,Agender,2021-10-21,Flour - Whole Wheat,6.6,2
260,Stavros,Yesipov,syesipov77@globo.com,Non-binary,2021-10-18,Pepper - Gypsy Pepper,6.1,4
261,Lilas,Casolla,lcasolla78@arizona.edu,Male,2021-10-20,"Wine - White, Ej",12.9,2
262,Fania,Soitoux,fsoitoux79@reverbnation.com,Male,2021-10-22,Pie Pecan,11.2,5
263,Nanci,Dauncey,ndauncey7a@nhs.uk,Non-binary,2021-10-21,"Tomatoes - Plum, Canned",19.7,4
264,Giraud,Edgson,gedgson7b@indiatimes.com,Genderqueer,2021-10-18,Cranberry Foccacia,2.4,3
265,Dena,Ellery,dellery7c@icq.com,Genderqueer,2021-10-19,Ice Cream - Fudge Bars,1.5,4
266,Amelita,Splaven,asplaven7d@netlog.com,Bigender,2021-10-21,Apple - Granny Smith,5.8,5
267,Tudor,Gulley,tgulley7e@slate.com,Genderfluid,2021-10-21,Ice Cream Bar - Oreo Sandwich,16.4,3
268,Claudetta,Stilly,cstilly7f@nydailynews.com,Polygender,2021-10-24,Pork - Smoked Back Bacon,12.9,5
269,Matthus,McGurk,mmcgurk7g@dailymotion.com,Male,2021-10-21,Coffee Cup 12oz 5342cd,1.5,4
270,Tadeo,Gerritsma,tgerritsma7h@rakuten.co.jp,Agender,2021-10-24,"Cheese - Brie, Triple Creme",3.9,1
271,Jodie,Thorrold,jthorrold7i@mtv.com,Genderfluid,2021-10-20,"Basil - Primerba, Paste",12.9,2
272,Donavon,Brymner,dbrymner7j@theguardian.com,Female,2021-10-18,"Syrup - Monin, Irish Cream",12.1,1
273,Katerine,Milch,kmilch7k@columbia.edu,Non-binary,2021-10-22,Tomatoes - Yellow Hot House,7.1,4
274,Garreth,Spain,gspain7l@zdnet.com,Bigender,2021-10-22,Corn - On The Cob,5.5,1
275,Kevin,Barnaby,kbarnaby7m@over-blog.com,Genderqueer,2021-10-20,Anisette - Mcguiness,1.5,1
276,Antin,Denys,adenys7n@deviantart.com,Genderqueer,2021-10-24,Spice - Montreal Steak Spice,19.9,4
277,Petey,Glowacki,pglowacki7o@engadget.com,Male,2021-10-21,Foam Espresso Cup Plain White,9.9,5
278,Padraig,Bellocht,pbellocht7p@si.edu,Non-binary,2021-10-24,Chocolate - Dark,6.5,5
279,Kissee,Gell,kgell7q@umn.edu,Genderqueer,2021-10-23,Sauce - Cranberry,4.5,3
280,Kassie,Marzellano,kmarzellano7r@facebook.com,Female,2021-10-23,Wine - Delicato Merlot,7.3,4
281,Ania,Hickisson,ahickisson7s@list-manage.com,Genderfluid,2021-10-23,Beer - Tetleys,3.7,5
282,Kaycee,Linebarger,klinebarger7t@gov.uk,Bigender,2021-10-19,"Coffee - Beans, Whole",4.7,5
283,Shawnee,Loch,sloch7u@independent.co.uk,Genderfluid,2021-10-23,Fruit Mix - Light,11.1,2
284,Daffie,Red,dred7v@wikipedia.org,Agender,2021-10-24,Wine - Chardonnay South,8.8,5
285,Wilbert,Tweedle,wtweedle7w@paypal.com,Bigender,2021-10-18,Wine - Spumante Bambino White,1.6,2
286,Ethelbert,Huxster,ehuxster7x@thetimes.co.uk,Agender,2021-10-23,Pepper - Roasted Red,11.1,3
287,Ariadne,Lenham,alenham7y@dailymotion.com,Male,2021-10-22,"Bread - Pita, Mini",12.7,1
288,Pauly,Warlaw,pwarlaw7z@japanpost.jp,Bigender,2021-10-19,Kiwi Gold Zespri,9.2,2
289,Frederik,MacCathay,fmaccathay80@dailymail.co.uk,Bigender,2021-10-21,"Soup - Campbells, Spinach Crm",14.7,2
290,Martelle,Brommage,mbrommage81@ezinearticles.com,Male,2021-10-21,Syrup - Monin - Granny Smith,9.1,4
291,Elaine,La Vigne,elavigne82@spotify.com,Agender,2021-10-24,Bread Sour Rolls,6.8,4
292,Pren,Ibbetson,pibbetson83@163.com,Polygender,2021-10-18,Sponge Cake Mix - Vanilla,6.6,2
293,Aloin,Margrie,amargrie84@umich.edu,Male,2021-10-20,Soup Campbells - Tomato Bisque,7.6,3
294,Dulcie,Eagleston,deagleston85@redcross.org,Non-binary,2021-10-23,Nutmeg - Ground,5.4,4
295,Tomkin,Ivanenko,tivanenko86@gnu.org,Non-binary,2021-10-22,"Cheese - Cheddar, Medium",3.5,1
296,Janessa,Antill,jantill87@g.co,Genderqueer,2021-10-22,Corn Syrup,16.3,2
297,Delmar,Brook,dbrook88@squidoo.com,Female,2021-10-24,Plaintain,10.0,3
298,Ansley,Pickle,apickle89@parallels.com,Male,2021-10-23,Cake Sheet Combo Party Pack,16.2,5
299,Rickey,Yitzovicz,ryitzovicz8a@oracle.com,Non-binary,2021-10-22,Pear - Asian,12.9,2
300,Sheryl,Crosse,scrosse8b@businessinsider.com,Polygender,2021-10-20,Cookie Choc,6.1,2
301,Kelli,Rolf,krolf8c@intel.com,Male,2021-10-19,"Soup - Beef, Base Mix",10.3,5
302,Sianna,Ivatts,sivatts8d@arizona.edu,Male,2021-10-23,Cookie Dough - Chunky,17.3,3
303,Antonio,Aasaf,aaasaf8e@nih.gov,Genderfluid,2021-10-23,Tuna - Bluefin,3.3,3
304,Amory,Maharry,amaharry8f@yahoo.com,Agender,2021-10-22,Cookies Almond Hazelnut,8.5,3
305,Smitty,Rowsel,srowsel8g@sphinn.com,Female,2021-10-19,Gelatine Leaves - Envelopes,11.5,5
306,Ann-marie,Sjollema,asjollema8h@disqus.com,Female,2021-10-22,Bread - Multigrain,10.1,2
307,Lissy,Revill,lrevill8i@yahoo.com,Male,2021-10-22,Glass Clear 8 Oz,1.2,2
308,Joli,Bartholomaus,jbartholomaus8j@census.gov,Bigender,2021-10-20,Rosemary - Dry,13.3,5
309,Forest,Ketteridge,fketteridge8k@hatena.ne.jp,Male,2021-10-23,Sauce - Alfredo,13.4,3
310,Abba,Childrens,achildrens8l@aol.com,Genderfluid,2021-10-20,"Pepper - White, Ground",5.2,3
311,Trevor,Lestor,tlestor8m@tripod.com,Genderfluid,2021-10-22,Soup Campbells Beef With Veg,8.5,4
312,Modesty,Fitchett,mfitchett8n@goo.ne.jp,Non-binary,2021-10-19,Pasta - Fusili Tri - Coloured,1.0,5
313,Avivah,Biermatowicz,abiermatowicz8o@alexa.com,Genderfluid,2021-10-23,"Cookies - Oreo, 4 Pack",16.0,1
314,Scot,Maharry,smaharry8p@youku.com,Female,2021-10-23,Veal - Liver,15.8,5
315,Husein,Twort,htwort8q@ow.ly,Agender,2021-10-21,"Wine - Sherry Dry Sack, William",16.9,1
316,Harland,Redmayne,hredmayne8r@cloudflare.com,Bigender,2021-10-21,Oyster - In Shell,3.7,4
317,Gnni,Lacer,glacer8s@google.ru,Male,2021-10-20,Chicken - Leg / Back Attach,17.4,1
318,Rogers,Kennett,rkennett8t@samsung.com,Male,2021-10-22,Apron,16.1,2
319,Putnam,Ciccoloi,pciccoloi8u@zdnet.com,Agender,2021-10-24,Pork - Ham Hocks - Smoked,18.6,3
320,Enriqueta,Sandercock,esandercock8v@slate.com,Bigender,2021-10-19,Pomello,15.5,4
321,Ellynn,Siely,esiely8w@japanpost.jp,Bigender,2021-10-18,Crab - Imitation Flakes,7.8,3
322,Michel,Benedite,mbenedite8x@usa.gov,Male,2021-10-21,Veal - Leg,9.8,4
323,Chloette,L'oiseau,cloiseau8y@craigslist.org,Agender,2021-10-23,Nacho Chips,15.0,5
324,Edin,Tumber,etumber8z@icio.us,Agender,2021-10-24,Pimento - Canned,14.3,5
325,Corabel,Lumsdaine,clumsdaine90@vinaora.com,Non-binary,2021-10-22,Beets - Golden,8.2,3
326,Thorpe,Sircomb,tsircomb91@va.gov,Male,2021-10-21,Galliano,1.2,2
327,Tabbatha,Reagan,treagan92@hexun.com,Genderqueer,2021-10-22,Ham - Black Forest,10.2,4
328,Rochell,Gerhartz,rgerhartz93@sohu.com,Agender,2021-10-20,Sugar - Individual Portions,18.2,1
329,Bren,Iscowitz,biscowitz94@angelfire.com,Female,2021-10-23,Cup - Paper 10oz 92959,15.6,5
330,Celinka,Dykes,cdykes95@typepad.com,Genderqueer,2021-10-21,Roe - Flying Fish,8.5,1
331,Carmine,Dutnall,cdutnall96@edublogs.org,Female,2021-10-18,Cream - 35%,10.2,5
332,Emmaline,Inchbald,einchbald97@xing.com,Male,2021-10-24,Bagel - Plain,5.9,1
333,Marillin,Ridpath,mridpath98@jiathis.com,Genderqueer,2021-10-23,Aromat Spice / Seasoning,18.3,2
334,Langston,Buddington,lbuddington99@mac.com,Genderfluid,2021-10-22,Cheese - Parmigiano Reggiano,3.3,2
335,Elliott,Binney,ebinney9a@dell.com,Agender,2021-10-23,Fruit Mix - Light,2.1,3
336,Zorine,Riall,zriall9b@dailymail.co.uk,Male,2021-10-20,Crackers - Soda / Saltins,1.6,3
337,Hedda,Annott,hannott9c@tripod.com,Female,2021-10-23,"Wine - Red, Pinot Noir, Chateau",19.4,1
338,Jami,Gianneschi,jgianneschi9d@noaa.gov,Bigender,2021-10-23,Soap - Pine Sol Floor Cleaner,11.8,1
339,Teresa,Marian,tmarian9e@wiley.com,Non-binary,2021-10-18,Lamb Tenderloin Nz Fr,16.9,4
340,Rosetta,Wagstaffe,rwagstaffe9f@rediff.com,Agender,2021-10-18,Truffle Cups - Brown,19.4,1
341,Corrie,Dresser,cdresser9g@paginegialle.it,Female,2021-10-19,Soup - Campbells Beef Strogonoff,15.5,4
342,Melisse,Bullick,mbullick9h@soup.io,Genderqueer,2021-10-24,Scotch - Queen Anne,12.8,3
343,Oriana,Bletso,obletso9i@ask.com,Male,2021-10-24,Chips Potato Salt Vinegar 43g,11.0,2
344,Adaline,Sapshed,asapshed9j@nytimes.com,Genderfluid,2021-10-23,Beef - Kobe Striploin,17.5,4
345,Dyanna,Mousby,dmousby9k@skyrock.com,Male,2021-10-18,"Bread - Sticks, Thin, Plain",16.9,2
346,Alphard,Elms,aelms9l@ftc.gov,Bigender,2021-10-20,"Chicken - Leg, Fresh",17.7,4
347,Madlin,Filippi,mfilippi9m@shop-pro.jp,Polygender,2021-10-21,Flour Dark Rye,17.0,3
348,Reinaldo,Adamovicz,radamovicz9n@bloglines.com,Agender,2021-10-18,Bread - Crusty Italian Poly,15.4,4
349,Patten,Hollindale,phollindale9o@cnn.com,Agender,2021-10-18,Wine - Peller Estates Late,18.4,4
350,Nanni,Walhedd,nwalhedd9p@amazon.co.jp,Male,2021-10-22,Quiche Assorted,18.7,2
351,Poppy,Shiers,pshiers9q@pagesperso-orange.fr,Genderqueer,2021-10-20,Appetizer - Mushroom Tart,16.8,4
352,Mayor,Pitchers,mpitchers9r@creativecommons.org,Non-binary,2021-10-22,Pork - Caul Fat,2.4,2
353,Gerrie,Bowmen,gbowmen9s@unblog.fr,Female,2021-10-23,Kellogs Cereal In A Cup,17.0,2
354,Pierre,Dannohl,pdannohl9t@stanford.edu,Agender,2021-10-19,Wine - Domaine Boyar Royal,1.8,2
355,Pia,Veljes,pveljes9u@scientificamerican.com,Non-binary,2021-10-23,Pails With Lids,13.7,3
356,Brennen,Merioth,bmerioth9v@google.ca,Bigender,2021-10-22,"Pork - Bacon,back Peameal",11.9,5
357,Harland,Rheubottom,hrheubottom9w@uiuc.edu,Bigender,2021-10-24,Bar Nature Valley,17.5,2
358,Katuscha,Teulier,kteulier9x@microsoft.com,Non-binary,2021-10-20,Dikon,2.3,3
359,Becki,Parmley,bparmley9y@paginegialle.it,Male,2021-10-22,Rice Wine - Aji Mirin,16.9,2
360,Dodie,Swatland,dswatland9z@comsenz.com,Agender,2021-10-18,"Lettuce - Romaine, Heart",2.1,3
361,Hewet,Madine,hmadinea0@cbc.ca,Genderqueer,2021-10-18,Flower - Commercial Bronze,1.0,1
362,Davon,Hinstock,dhinstocka1@admin.ch,Non-binary,2021-10-24,"Pork - Loin, Boneless",2.6,5
363,Vinny,Verry,vverrya2@issuu.com,Agender,2021-10-23,Cheese - Feta,11.6,1
364,Flor,Van Velden,fvanveldena3@independent.co.uk,Genderfluid,2021-10-21,Pastry - Plain Baked Croissant,17.3,3
365,Ignacio,Hurlin,ihurlina4@mit.edu,Genderfluid,2021-10-23,Cheese - Cheddarsliced,3.6,2
366,Dredi,Hasney,dhasneya5@answers.com,Male,2021-10-21,Bread Cranberry Foccacia,1.9,5
367,Rivkah,De Blase,rdeblasea6@cmu.edu,Non-binary,2021-10-23,"Cod - Salted, Boneless",1.4,1
368,Quill,Maleby,qmalebya7@howstuffworks.com,Polygender,2021-10-23,Lamb - Bones,15.7,4
369,Alonso,McKeran,amckerana8@epa.gov,Bigender,2021-10-23,Lettuce - Lambs Mash,9.2,3
370,Rorke,Ferronet,rferroneta9@engadget.com,Genderqueer,2021-10-18,Beer - Sleeman Fine Porter,2.4,4
371,Lena,Vinall,lvinallaa@imageshack.us,Non-binary,2021-10-22,Soup - Campbells Beef Stew,2.5,5
372,Yasmeen,McKerlie,ymckerlieab@4shared.com,Male,2021-10-21,Jello - Assorted,14.5,5
373,Brana,Derisly,bderislyac@cnbc.com,Genderfluid,2021-10-21,Cookie Dough - Peanut Butter,5.3,4
374,Lenka,Dyett,ldyettad@edublogs.org,Agender,2021-10-22,Shrimp - 150 - 250,2.4,4
375,Berny,Jolin,bjolinae@webnode.com,Bigender,2021-10-19,Appetizer - Escargot Puff,17.1,5
376,Desdemona,Sale,dsaleaf@smh.com.au,Non-binary,2021-10-19,"Ranchero - Primerba, Paste",11.3,5
377,Myrna,Ochterlony,mochterlonyag@deliciousdays.com,Agender,2021-10-21,Soup - Tomato Mush. Florentine,2.5,3
378,Chantal,Segar,csegarah@tripadvisor.com,Male,2021-10-19,"Corn - Cream, Canned",13.4,2
379,Emogene,Lorenzin,elorenzinai@moonfruit.com,Male,2021-10-21,Corn Meal,13.3,4
380,Benoite,Norree,bnorreeaj@bloglovin.com,Polygender,2021-10-20,Sun - Dried Tomatoes,18.4,3
381,Quintin,Disney,qdisneyak@seesaa.net,Bigender,2021-10-23,"Cheese - Cheddar, Medium",19.3,3
382,Ayn,Thibodeaux,athibodeauxal@blogs.com,Bigender,2021-10-19,"Asparagus - Green, Fresh",4.2,3
383,Lu,Ayers,layersam@cdc.gov,Male,2021-10-24,Cheese - Brie,19.7,1
384,Herschel,Billham,hbillhaman@disqus.com,Male,2021-10-22,Pasta - Ravioli,8.9,3
385,Evangelina,Trevett,etrevettao@sfgate.com,Genderfluid,2021-10-24,Sugar - Icing,7.0,3
386,Shandy,Crabbe,scrabbeap@seesaa.net,Male,2021-10-20,Ginsing - Fresh,18.4,3
387,Mae,Cosgreave,mcosgreaveaq@statcounter.com,Agender,2021-10-19,"Wine - White, Mosel Gold",3.1,5
388,Cynthia,Grabert,cgrabertar@amazon.de,Genderqueer,2021-10-24,Wheat - Soft Kernal Of Wheat,2.0,5
389,Marris,Baggelley,mbaggelleyas@constantcontact.com,Non-binary,2021-10-23,Persimmons,9.5,4
390,Thoma,Lenaghen,tlenaghenat@example.com,Bigender,2021-10-23,Glaze - Clear,13.5,4
391,Kathleen,Kohter,kkohterau@dyndns.org,Bigender,2021-10-22,Wild Boar - Tenderloin,1.9,4
392,Sashenka,Smaile,ssmaileav@163.com,Genderqueer,2021-10-18,Chinese Foods - Plain Fried Rice,18.4,2
393,Regina,Turley,rturleyaw@domainmarket.com,Male,2021-10-21,Crab - Meat Combo,7.2,4
394,Idaline,Torbard,itorbardax@xing.com,Female,2021-10-18,Curry Paste - Madras,6.9,1
395,Joletta,Monger,jmongeray@go.com,Non-binary,2021-10-20,"Lid - Translucent, 3.5 And 6 Oz",5.1,5
396,Carline,Josipovitz,cjosipovitzaz@360.cn,Genderfluid,2021-10-22,"Pepsi - Diet, 355 Ml",11.9,5
397,Anne-corinne,Chippin,achippinb0@pen.io,Polygender,2021-10-23,Cornflakes,18.9,2
398,Nicko,Pendle,npendleb1@princeton.edu,Polygender,2021-10-23,Mushroom - White Button,13.6,1
399,Jillie,Crosthwaite,jcrosthwaiteb2@privacy.gov.au,Bigender,2021-10-18,Dates,2.3,2
400,Almeria,Bowater,abowaterb3@goo.ne.jp,Bigender,2021-10-23,Wine - Pinot Grigio Collavini,6.8,2
401,Erhart,Dencs,edencsb4@goodreads.com,Agender,2021-10-22,Shrimp - Black Tiger 6 - 8,19.5,2
402,Brod,Cocke,bcockeb5@bloglines.com,Genderfluid,2021-10-24,Chicken - Base,15.3,3
403,Armando,Pickthall,apickthallb6@imdb.com,Male,2021-10-20,Sandwich Wrap,15.1,4
404,Federica,Wagen,fwagenb7@trellian.com,Genderqueer,2021-10-21,Lid - 0090 Clear,3.4,1
405,Jo,Delooze,jdeloozeb8@indiatimes.com,Male,2021-10-20,Sunflower Seed Raw,9.5,2
406,Flore,Davidov,fdavidovb9@gov.uk,Bigender,2021-10-20,Pastry - Carrot Muffin - Mini,4.6,1
407,Ollie,Curthoys,ocurthoysba@jiathis.com,Polygender,2021-10-20,Nescafe - Frothy French Vanilla,7.3,5
408,Marietta,McCaster,mmccasterbb@uol.com.br,Genderqueer,2021-10-22,Muffin Mix - Morning Glory,7.4,2
409,Udell,Chang,uchangbc@latimes.com,Genderfluid,2021-10-22,Muffin - Bran Ind Wrpd,14.8,2
410,Gerome,Wrenn,gwrennbd@amazon.co.uk,Bigender,2021-10-24,Piping - Bags Quizna,13.2,2
411,Koo,Garbert,kgarbertbe@delicious.com,Agender,2021-10-21,Pepper - Green,5.8,3
412,Jodi,Sans,jsansbf@goo.ne.jp,Male,2021-10-19,"Rum - Coconut, Malibu",2.9,2
413,Vyky,Tompkins,vtompkinsbg@squidoo.com,Non-binary,2021-10-19,Bread - Burger,16.3,5
414,Sally,Crowter,scrowterbh@amazon.com,Polygender,2021-10-23,Bread - English Muffin,13.0,3
415,Beale,Eustice,beusticebi@ca.gov,Polygender,2021-10-20,"Wine - Sherry Dry Sack, William",7.8,4
416,Derril,Renals,drenalsbj@usatoday.com,Genderfluid,2021-10-23,"Melon - Watermelon, Seedless",6.7,2
417,Franny,Marusik,fmarusikbk@blog.com,Genderqueer,2021-10-21,Scallops - Live In Shell,6.4,5
418,Zelma,Ferrucci,zferruccibl@xing.com,Male,2021-10-18,Beef - Ground Lean Fresh,19.5,1
419,Jefferey,Mauro,jmaurobm@omniture.com,Genderqueer,2021-10-20,Pork - Shoulder,8.4,4
420,Rubin,Lamers,rlamersbn@npr.org,Genderfluid,2021-10-19,Fudge - Chocolate Fudge,14.0,4
421,Gizela,Durrans,gdurransbo@nsw.gov.au,Genderqueer,2021-10-24,Muffin Batt - Carrot Spice,4.0,2
422,Bary,Washbrook,bwashbrookbp@usda.gov,Genderfluid,2021-10-24,Chips - Miss Vickies,13.5,2
423,Edik,Olivie,eoliviebq@bing.com,Male,2021-10-21,"Syrup - Golden, Lyles",7.5,2
424,Kin,O'Hederscoll,kohederscollbr@mit.edu,Genderfluid,2021-10-18,Beer - Blue,10.7,3
425,Teresita,Porter,tporterbs@unicef.org,Non-binary,2021-10-20,Trueblue - Blueberry Cranberry,16.1,1
426,Aurlie,Rugiero,arugierobt@nhs.uk,Polygender,2021-10-21,Energy Drink Red Bull,5.1,3
427,Elinore,Drysdale,edrysdalebu@prlog.org,Genderqueer,2021-10-21,Thermometer Digital,8.4,3
428,Janey,Ottee,jotteebv@domainmarket.com,Agender,2021-10-18,Godiva White Chocolate,4.7,1
429,Dulcinea,Filoniere,dfilonierebw@japanpost.jp,Female,2021-10-22,Bread Roll Foccacia,9.4,2
430,Merl,Owbridge,mowbridgebx@behance.net,Non-binary,2021-10-24,Ecolab Crystal Fusion,7.6,5
431,Franny,O'Feeny,fofeenyby@seesaa.net,Bigender,2021-10-22,Carrots - Mini Red Organic,9.2,5
432,Charline,Defont,cdefontbz@house.gov,Polygender,2021-10-23,"Beans - Black Bean, Dry",2.0,3
433,Brok,Lumber,blumberc0@deliciousdays.com,Polygender,2021-10-19,Muffin - Mix - Mango Sour Cherry,11.1,5
434,Shannen,Mountain,smountainc1@chicagotribune.com,Female,2021-10-23,Taro Root,10.8,5
435,Trixie,Wraggs,twraggsc2@earthlink.net,Bigender,2021-10-20,Quail - Jumbo Boneless,14.8,4
436,Aubree,Eastment,aeastmentc3@ocn.ne.jp,Female,2021-10-23,Plasticforkblack,18.7,4
437,Burg,Behnecken,bbehneckenc4@feedburner.com,Genderqueer,2021-10-23,"Bread - Roll, Italian",9.5,3
438,Breena,Maffi,bmaffic5@telegraph.co.uk,Polygender,2021-10-21,V8 Splash Strawberry Kiwi,6.0,5
439,Rica,Whittick,rwhittickc6@craigslist.org,Agender,2021-10-20,Appetizer - Mango Chevre,14.3,3
440,Helena,Fairpool,hfairpoolc7@topsy.com,Bigender,2021-10-20,Tuna - Fresh,5.8,5
441,Eleanore,Tozer,etozerc8@sitemeter.com,Non-binary,2021-10-22,"Tart Shells - Sweet, 2",15.9,4
442,Krystalle,Lackeye,klackeyec9@qq.com,Genderqueer,2021-10-23,Coffee - Ristretto Coffee Capsule,5.3,4
443,Elisa,Gabotti,egabottica@nature.com,Non-binary,2021-10-18,"Lamb - Racks, Frenched",16.6,2
444,Aurilia,Olenchenko,aolenchenkocb@irs.gov,Non-binary,2021-10-22,Wine - Manischewitz Concord,6.0,5
445,Astrix,Checchetelli,achecchetellicc@scientificamerican.com,Genderfluid,2021-10-24,Cookie - Dough Variety,2.2,5
446,Kaela,Soigne,ksoignecd@godaddy.com,Genderqueer,2021-10-22,"Soup - Knorr, Country Bean",9.0,4
447,Ronald,Biggin,rbiggince@sourceforge.net,Genderfluid,2021-10-18,Juice - Orangina,6.0,5
448,Teddi,Loakes,tloakescf@gnu.org,Genderfluid,2021-10-23,Shrimp - Black Tiger 16/20,3.2,5
449,Pasquale,Farens,pfarenscg@ezinearticles.com,Female,2021-10-21,Cranberries - Frozen,2.9,2
450,Alex,Beany,abeanych@yandex.ru,Bigender,2021-10-21,Grapes - Green,3.1,2
451,Marrilee,Twitching,mtwitchingci@freewebs.com,Agender,2021-10-21,Rabbit - Whole,4.6,3
452,Othella,Cosgrove,ocosgrovecj@example.com,Genderfluid,2021-10-23,Praline Paste,4.2,3
453,Haley,Sterre,hsterreck@nba.com,Polygender,2021-10-18,Wine - Savigny - Les - Beaune,5.9,2
454,Mitchell,Livingstone,mlivingstonecl@wunderground.com,Genderqueer,2021-10-18,Appetizer - Escargot Puff,7.7,4
455,Roselin,Dally,rdallycm@cloudflare.com,Bigender,2021-10-21,Wiberg Super Cure,9.4,4
456,Broderick,Chesters,bchesterscn@deliciousdays.com,Bigender,2021-10-20,Oil - Pumpkinseed,17.5,2
457,Gael,De Simone,gdesimoneco@bbc.co.uk,Genderqueer,2021-10-18,Potatoes - Parissienne,5.2,3
458,Leonid,Goulborn,lgoulborncp@fotki.com,Genderqueer,2021-10-19,Croissants Thaw And Serve,9.7,3
459,Xerxes,Cassy,xcassycq@diigo.com,Female,2021-10-24,Compound - Passion Fruit,4.2,5
460,Lay,Bukowski,lbukowskicr@cmu.edu,Agender,2021-10-22,"Quail - Eggs, Fresh",17.7,4
461,Cindi,Pennazzi,cpennazzics@nhs.uk,Agender,2021-10-24,Cheese - Cheddarsliced,11.4,3
462,Horst,Hitzschke,hhitzschkect@cam.ac.uk,Bigender,2021-10-22,Ice Cream - Strawberry,3.9,4
463,Moishe,Choat,mchoatcu@diigo.com,Agender,2021-10-19,Grouper - Fresh,9.0,3
464,Calhoun,Bachelor,cbachelorcv@fema.gov,Agender,2021-10-24,Creme De Menth - White,10.9,3
465,Nelli,Trethowan,ntrethowancw@smh.com.au,Genderfluid,2021-10-20,Bread Bowl Plain,15.8,3
466,Ronald,Hinken,rhinkencx@miitbeian.gov.cn,Agender,2021-10-20,Wine - Alsace Gewurztraminer,8.0,2
467,Heath,Conquer,hconquercy@who.int,Polygender,2021-10-19,Broom - Corn,15.4,2
468,Liesa,Addenbrooke,laddenbrookecz@archive.org,Non-binary,2021-10-22,Bread Base - Italian,18.1,3
469,Beatrisa,Jarad,bjaradd0@wunderground.com,Agender,2021-10-22,Blueberries - Frozen,4.1,3
470,Lori,Lindback,llindbackd1@shinystat.com,Genderqueer,2021-10-20,"Vinegar - Balsamic, White",14.7,3
471,Barde,Cotty,bcottyd2@slate.com,Genderqueer,2021-10-19,Pineapple - Golden,8.9,1
472,Earvin,Haycraft,ehaycraftd3@creativecommons.org,Male,2021-10-19,Dr. Pepper - 355ml,13.4,4
473,Lynett,Hedditch,lhedditchd4@dailymail.co.uk,Male,2021-10-23,Cookie Dough - Peanut Butter,16.4,5
474,Aprilette,Boundey,aboundeyd5@reference.com,Non-binary,2021-10-20,Soup - Campbellschix Stew,6.1,2
475,Bianca,Aiskovitch,baiskovitchd6@artisteer.com,Genderqueer,2021-10-21,Bread Fig And Almond,6.2,3
476,Henka,Madgewick,hmadgewickd7@hubpages.com,Bigender,2021-10-24,"Coke - Diet, 355 Ml",6.4,4
477,Eleonora,Cornbell,ecornbelld8@tamu.edu,Genderfluid,2021-10-19,Container Clear 8 Oz,3.6,5
478,Keary,Flemming,kflemmingd9@answers.com,Bigender,2021-10-23,Wine - Periguita Fonseca,1.2,3
479,Papageno,Hadley,phadleyda@noaa.gov,Male,2021-10-22,Dasheen,17.3,5
480,Witty,Zannini,wzanninidb@amazon.co.jp,Agender,2021-10-18,Monkfish - Fresh,1.8,2
481,Svend,Dignan,sdignandc@ezinearticles.com,Polygender,2021-10-24,Asparagus - Frozen,18.5,5
482,Nalani,Kalinsky,nkalinskydd@mail.ru,Agender,2021-10-21,Cheese - Augre Des Champs,16.6,3
483,Dre,Wimes,dwimesde@dagondesign.com,Female,2021-10-22,Rice - Long Grain,10.2,2
484,Auberta,Linsay,alinsaydf@upenn.edu,Genderqueer,2021-10-19,Nougat - Paste / Cream,10.9,5
485,Miles,Renneke,mrennekedg@bizjournals.com,Male,2021-10-23,Cheese - St. Andre,6.0,1
486,Tann,Diehn,tdiehndh@soup.io,Bigender,2021-10-22,Corn Shoots,5.1,1
487,Ferris,Minor,fminordi@over-blog.com,Agender,2021-10-20,Sterno - Chafing Dish Fuel,12.4,3
488,Eolande,Rozet,erozetdj@nbcnews.com,Genderfluid,2021-10-18,Flavouring - Raspberry,3.6,4
489,Federico,McFayden,fmcfaydendk@vkontakte.ru,Polygender,2021-10-23,Pepper Squash,5.3,1
490,Dora,Kumar,dkumardl@canalblog.com,Agender,2021-10-23,Sugar - Splenda Sweetener,5.0,3
491,Guss,Munday,gmundaydm@networkadvertising.org,Genderfluid,2021-10-22,Apron,2.3,4
492,Jeanne,Ledner,jlednerdn@blogspot.com,Male,2021-10-23,Appetizer - Escargot Puff,8.2,4
493,Harley,Matteuzzi,hmatteuzzido@alexa.com,Non-binary,2021-10-18,Soup - Cream Of Broccoli,7.4,4
494,Jamal,Yakubov,jyakubovdp@goodreads.com,Male,2021-10-22,Sponge Cake Mix - Vanilla,5.3,3
495,Noble,Yurkiewicz,nyurkiewiczdq@barnesandnoble.com,Genderfluid,2021-10-23,Table Cloth 53x69 White,7.8,4
496,Ilka,LaBastida,ilabastidadr@webnode.com,Genderqueer,2021-10-22,Beef - Top Sirloin - Aaa,8.2,1
497,Jessie,Briskey,jbriskeyds@ezinearticles.com,Non-binary,2021-10-20,"Wine - White, Ej",5.9,2
498,Reade,Ormond,rormonddt@dell.com,Genderfluid,2021-10-24,Bread - Malt,8.8,2
499,Fernando,Chisholme,fchisholmedu@flickr.com,Polygender,2021-10-22,Tea - Camomele,9.4,4
500,Paulie,Fiddeman,pfiddemandv@mlb.com,Genderqueer,2021-10-23,Sauce - Salsa,10.7,4
501,Lynn,Cutriss,lcutrissdw@cnn.com,Male,2021-10-19,Island Oasis - Cappucino Mix,10.1,5
502,Tanny,Stern,tsterndx@fastcompany.com,Female,2021-10-23,Pasta - Ravioli,4.0,1
503,Nat,Kment,nkmentdy@washingtonpost.com,Polygender,2021-10-24,Mangostein,12.7,5
504,Colette,Norrie,cnorriedz@census.gov,Polygender,2021-10-22,Bar - Granola Trail Mix Fruit Nut,16.7,5
505,Roderic,Swynfen,rswynfene0@1688.com,Male,2021-10-20,The Pop Shoppe - Root Beer,13.2,4
506,Kora,Robel,krobele1@si.edu,Female,2021-10-24,Vinegar - Raspberry,3.0,4
507,Morten,Verrechia,mverrechiae2@utexas.edu,Agender,2021-10-22,Clam - Cherrystone,12.0,5
508,Allistir,Daughtrey,adaughtreye3@phoca.cz,Non-binary,2021-10-23,Vinegar - Tarragon,12.3,3
509,Erika,Roches,erochese4@example.com,Female,2021-10-23,Wine - Zonnebloem Pinotage,3.6,5
510,Whitaker,Pie,wpiee5@blogtalkradio.com,Agender,2021-10-19,Ham - Cooked,5.9,5
511,Carlie,Bowditch,cbowditche6@nytimes.com,Genderfluid,2021-10-21,Dried Figs,1.8,5
512,Ade,MacNess,amacnesse7@wikipedia.org,Female,2021-10-20,"Bread - Crumbs, Bulk",17.6,2
513,Nissa,Eborn,neborne8@epa.gov,Polygender,2021-10-21,Soup - Campbells - Tomato,4.6,1
514,Maybelle,Benny,mbennye9@tinyurl.com,Non-binary,2021-10-23,Ham - Cooked,19.7,2
515,Noami,Stilgo,nstilgoea@istockphoto.com,Female,2021-10-22,Wine - Pinot Noir Mondavi Coastal,10.3,3
516,Joshia,Foye,jfoyeeb@who.int,Non-binary,2021-10-22,Liquid Aminios Acid - Braggs,15.8,1
517,Kristien,McWhorter,kmcwhorterec@de.vu,Bigender,2021-10-19,"Wine - White, Mosel Gold",8.1,5
518,Selle,Haddow,shaddowed@gmpg.org,Non-binary,2021-10-21,"Olives - Green, Pitted",12.7,2
519,Hildagard,Levay,hlevayee@deliciousdays.com,Genderqueer,2021-10-18,Thyme - Dried,16.8,1
520,Grethel,McCullogh,gmcculloghef@addtoany.com,Polygender,2021-10-19,Pants Custom Dry Clean,5.0,4
521,Kit,Laurenz,klaurenzeg@oakley.com,Polygender,2021-10-22,Tia Maria,16.6,1
522,Eleanora,Crother,ecrothereh@cpanel.net,Polygender,2021-10-21,Lime Cordial - Roses,18.6,4
523,Anestassia,Bucham,abuchamei@ihg.com,Male,2021-10-21,"Oregano - Dry, Rubbed",19.3,1
524,Bridgette,Hindenberger,bhindenbergerej@umn.edu,Bigender,2021-10-18,Carrots - Jumbo,3.5,1
525,Carlin,Raycroft,craycroftek@ibm.com,Male,2021-10-18,Turkey - Ground. Lean,9.4,3
526,Niel,McCrone,nmccroneel@ocn.ne.jp,Male,2021-10-24,Venison - Striploin,2.6,1
527,Janene,Tennick,jtennickem@dedecms.com,Polygender,2021-10-23,"Chocolate - Semi Sweet, Calets",1.0,1
528,Issie,Callam,icallamen@photobucket.com,Female,2021-10-23,"Wine - White, Riesling, Henry Of",6.8,5
529,Bernice,Sebborn,bsebborneo@weibo.com,Agender,2021-10-21,Pike - Frozen Fillet,16.4,4
530,Simmonds,Hellcat,shellcatep@furl.net,Female,2021-10-23,Water - Evian 355 Ml,5.0,1
531,Edie,Sotheby,esothebyeq@cnet.com,Genderfluid,2021-10-24,"Chocolate - Pistoles, White",12.8,4
532,Sam,Baily,sbailyer@diigo.com,Female,2021-10-21,Beef - Bresaola,1.4,5
533,Dodie,Shellsheere,dshellsheerees@pinterest.com,Non-binary,2021-10-22,Tomato - Green,18.4,2
534,Dwayne,Sidden,dsiddenet@posterous.com,Female,2021-10-20,Bread - Italian Sesame Poly,7.5,5
535,Frans,Zannelli,fzannellieu@cnn.com,Genderfluid,2021-10-24,Cream Of Tartar,9.5,3
536,Verge,Kilroy,vkilroyev@pagesperso-orange.fr,Genderqueer,2021-10-18,"Tart Shells - Savory, 4",4.1,2
537,Johny,Malmar,jmalmarew@amazon.co.jp,Bigender,2021-10-23,Veal - Insides Provini,18.4,5
538,Carlynn,Eccott,ceccottex@army.mil,Genderqueer,2021-10-20,Aspic - Clear,8.3,1
539,Dario,Hefferan,dhefferaney@soundcloud.com,Male,2021-10-21,Mace,8.3,5
540,Janeczka,Whinray,jwhinrayez@behance.net,Agender,2021-10-21,"Veal - Chops, Split, Frenched",3.2,1
541,Antons,Desesquelle,adesesquellef0@com.com,Male,2021-10-21,Potato - Sweet,19.4,1
542,Klemens,Dowman,kdowmanf1@cornell.edu,Genderqueer,2021-10-20,"Pail - 4l White, With Handle",2.2,1
543,Nanci,Cornillot,ncornillotf2@webeden.co.uk,Non-binary,2021-10-22,Plasticforkblack,19.7,3
544,Rosemarie,Begg,rbeggf3@multiply.com,Polygender,2021-10-24,Bagel - Plain,3.2,1
545,Stanislaus,Kayser,skayserf4@uiuc.edu,Genderqueer,2021-10-24,Paste - Black Olive,12.7,2
546,Consuelo,Keyme,ckeymef5@chronoengine.com,Genderqueer,2021-10-20,Bread - Raisin Walnut Pull,15.4,4
547,Celestyna,McAlpine,cmcalpinef6@gmpg.org,Genderfluid,2021-10-22,Mushroom - King Eryingii,3.4,4
548,Antone,Broyd,abroydf7@lulu.com,Genderqueer,2021-10-23,"Lettuce - Romaine, Heart",4.2,1
549,Clio,Huffy,chuffyf8@nydailynews.com,Male,2021-10-20,Green Tea Refresher,5.3,3
550,Kacie,Poppy,kpoppyf9@multiply.com,Agender,2021-10-18,Ostrich - Fan Fillet,13.7,2
551,Hillyer,Emson,hemsonfa@example.com,Bigender,2021-10-19,Mace Ground,16.5,3
552,Thekla,Moakler,tmoaklerfb@craigslist.org,Non-binary,2021-10-19,Savory,15.8,1
553,Ilse,Vannuchi,ivannuchifc@wix.com,Male,2021-10-23,Vaccum Bag - 14x20,5.7,2
554,Orson,Swinden,oswindenfd@cloudflare.com,Genderqueer,2021-10-18,"Sauce - Apple, Unsweetened",17.3,4
555,Damien,Fincken,dfinckenfe@squarespace.com,Genderqueer,2021-10-23,Cheese - Bakers Cream Cheese,19.8,2
556,Mal,Fidgett,mfidgettff@about.com,Agender,2021-10-19,"Pasta - Elbows, Macaroni, Dry",3.0,1
557,Chane,Cropton,ccroptonfg@discovery.com,Genderqueer,2021-10-24,Wine - Ej Gallo Sierra Valley,13.0,5
558,Philippa,Jolliss,pjollissfh@businessinsider.com,Male,2021-10-22,Bread - Ciabatta Buns,16.0,4
559,Modestia,Figger,mfiggerfi@plala.or.jp,Agender,2021-10-22,Ecolab - Hand Soap Form Antibac,15.0,1
560,Ricardo,Shawyer,rshawyerfj@taobao.com,Non-binary,2021-10-21,"Lamb - Pieces, Diced",16.8,4
561,Ashlen,Medlar,amedlarfk@multiply.com,Non-binary,2021-10-19,Vinegar - Raspberry,7.1,5
562,Brena,De Beauchemp,bdebeauchempfl@reddit.com,Female,2021-10-19,"Wine - Red, Lurton Merlot De",18.7,1
563,Xylia,Bernardinelli,xbernardinellifm@google.com,Female,2021-10-22,Vodka - Moskovskaya,1.5,2
564,Wheeler,Edmundson,wedmundsonfn@prweb.com,Polygender,2021-10-23,Melon - Watermelon Yellow,18.6,5
565,Jeannine,Barrow,jbarrowfo@telegraph.co.uk,Polygender,2021-10-19,Shark - Loin,10.3,1
566,Madel,Chartres,mchartresfp@mozilla.org,Genderfluid,2021-10-21,"Jam - Blackberry, 20 Ml Jar",17.7,1
567,Janifer,Scholes,jscholesfq@pagesperso-orange.fr,Genderfluid,2021-10-24,"Stock - Beef, White",18.9,2
568,Tabbie,Coult,tcoultfr@ow.ly,Male,2021-10-19,Grand Marnier,15.5,3
569,Arman,Tench,atenchfs@wordpress.com,Male,2021-10-22,Cloves - Ground,15.5,1
570,Martie,Fursse,mfursseft@chicagotribune.com,Non-binary,2021-10-20,Tamarillo,6.0,3
571,Nancy,Laborde,nlabordefu@deviantart.com,Agender,2021-10-19,Bay Leaf,18.7,5
572,Caye,Daintree,cdaintreefv@springer.com,Polygender,2021-10-24,Beans - Fine,3.9,3
573,Clarissa,Sebley,csebleyfw@loc.gov,Agender,2021-10-23,Pork - Kidney,8.7,2
574,Anderson,Midghall,amidghallfx@cisco.com,Male,2021-10-22,Tuna - Salad Premix,16.1,5
575,Kacy,Hansford,khansfordfy@cam.ac.uk,Bigender,2021-10-23,Lighter - Bbq,12.3,1
576,Genia,Privett,gprivettfz@columbia.edu,Genderqueer,2021-10-18,Arizona - Green Tea,13.8,5
577,Tish,Tomankiewicz,ttomankiewiczg0@rakuten.co.jp,Polygender,2021-10-18,Lamb Rack Frenched Australian,4.5,4
578,Loren,Tichelaar,ltichelaarg1@chron.com,Female,2021-10-19,"Water - Spring Water, 355 Ml",12.9,1
579,Feliza,Stollwerck,fstollwerckg2@phpbb.com,Female,2021-10-24,Cake - Dulce De Leche,8.3,3
580,Marysa,Maybury,mmayburyg3@wp.com,Male,2021-10-18,Bay Leaf,18.7,3
581,Clari,Sleeford,csleefordg4@si.edu,Male,2021-10-23,Muffin Puck Ww Carrot,13.1,3
582,Orbadiah,Cockrill,ocockrillg5@studiopress.com,Agender,2021-10-23,Sprouts - Onion,5.4,1
583,Nobie,Klicher,nklicherg6@dion.ne.jp,Agender,2021-10-22,"Carrots - Purple, Organic",10.1,5
584,Rufus,Ungerecht,rungerechtg7@yale.edu,Non-binary,2021-10-23,Pastry - Apple Large,4.6,2
585,Armand,Widd,awiddg8@shop-pro.jp,Female,2021-10-21,"Pesto - Primerba, Paste",8.3,3
586,Virginie,Presland,vpreslandg9@surveymonkey.com,Bigender,2021-10-21,Banana,10.0,1
587,Maressa,Emm,memmga@go.com,Polygender,2021-10-21,Container - Clear 16 Oz,16.6,4
588,Marlee,Nucator,mnucatorgb@amazon.co.uk,Agender,2021-10-19,Sauce - Caesar Dressing,7.4,3
589,Gan,Lygoe,glygoegc@tripadvisor.com,Genderqueer,2021-10-24,Muffins - Assorted,1.8,5
590,Alfred,Hamer,ahamergd@tiny.cc,Polygender,2021-10-24,Wine - Alsace Riesling Reserve,3.9,5
591,Armin,Hobbing,ahobbingge@sun.com,Bigender,2021-10-18,Juice - Lime,12.6,1
592,Gabby,List,glistgf@cyberchimps.com,Agender,2021-10-18,Fish - Bones,7.6,2
593,Norris,Logsdail,nlogsdailgg@sohu.com,Agender,2021-10-19,Container - Clear 32 Oz,1.4,5
594,Alanah,Kik,akikgh@twitpic.com,Male,2021-10-20,Pate - Liver,7.9,1
595,Nobe,Hollow,nhollowgi@behance.net,Agender,2021-10-21,Soup Campbells - Tomato Bisque,1.1,3
596,Anett,Illston,aillstongj@csmonitor.com,Genderqueer,2021-10-24,Evaporated Milk - Skim,10.3,2
597,Eb,Barizeret,ebarizeretgk@yahoo.com,Agender,2021-10-23,Wine - Shiraz Wolf Blass Premium,13.3,2
598,Lorenza,Ghelerdini,lghelerdinigl@loc.gov,Genderfluid,2021-10-23,Artichokes - Jerusalem,4.6,2
599,Berni,Sidden,bsiddengm@google.it,Bigender,2021-10-23,"Oil - Truffle, Black",12.7,2
600,Hana,Clague,hclaguegn@wikispaces.com,Polygender,2021-10-19,Lemon Tarts,9.8,2
601,Luz,Maleham,lmalehamgo@ucoz.com,Agender,2021-10-18,Ocean Spray - Kiwi Strawberry,11.2,4
602,Trixie,Lightwood,tlightwoodgp@yelp.com,Polygender,2021-10-19,Chicken - Whole,19.8,3
603,Jeniece,Filippo,jfilippogq@discuz.net,Genderfluid,2021-10-18,Beets - Pickled,15.5,1
604,Kaleena,Dell 'Orto,kdellortogr@comsenz.com,Genderfluid,2021-10-22,Peach - Halves,9.0,2
605,Rutter,Ormes,rormesgs@springer.com,Male,2021-10-21,Petite Baguette,3.6,5
606,Dania,Denington,ddeningtongt@yandex.ru,Male,2021-10-24,Ecolab - Solid Fusion,7.7,4
607,Dara,Varrow,dvarrowgu@exblog.jp,Genderqueer,2021-10-23,Apron,14.1,1
608,Michele,Bleby,mblebygv@biglobe.ne.jp,Genderfluid,2021-10-20,Beans - Soya Bean,4.8,2
609,Margo,Bellworthy,mbellworthygw@t-online.de,Polygender,2021-10-22,"Nut - Hazelnut, Whole",4.1,4
610,Honor,Pitchers,hpitchersgx@squarespace.com,Male,2021-10-19,The Pop Shoppe - Black Cherry,16.6,4
611,Anabella,Reeday,areedaygy@businesswire.com,Female,2021-10-24,Anisette - Mcguiness,18.0,3
612,Tillie,Popley,tpopleygz@discuz.net,Genderqueer,2021-10-24,"Beef - Chuck, Boneless",11.8,5
613,Aurelea,Lammerich,alammerichh0@qq.com,Agender,2021-10-18,"Tendrils - Baby Pea, Organic",3.4,3
614,Patric,Canelas,pcanelash1@ustream.tv,Male,2021-10-24,Lidsoupcont Rp12dn,8.3,2
615,Zolly,Huetson,zhuetsonh2@adobe.com,Bigender,2021-10-22,Campari,14.1,5
616,Merola,Pickervance,mpickervanceh3@wikimedia.org,Polygender,2021-10-23,Sobe - Berry Energy,11.2,2
617,Ellwood,Hilary,ehilaryh4@163.com,Agender,2021-10-22,"Chestnuts - Whole,canned",20.0,4
618,Ina,Goede,igoedeh5@ycombinator.com,Genderfluid,2021-10-19,Artichokes - Jerusalem,16.5,5
619,Ansel,Castree,acastreeh6@ow.ly,Agender,2021-10-23,Eggs - Extra Large,18.0,5
620,Sheeree,Simner,ssimnerh7@umn.edu,Agender,2021-10-18,Pork - Backs - Boneless,6.7,1
621,Teddy,Mottini,tmottinih8@slate.com,Genderfluid,2021-10-20,Cookies - Fortune,9.3,2
622,Kristien,Missington,kmissingtonh9@webnode.com,Female,2021-10-24,Durian Fruit,14.8,4
623,Quintina,Alred,qalredha@imgur.com,Polygender,2021-10-19,Flavouring - Raspberry,2.5,5
624,Brenda,Dorr,bdorrhb@nasa.gov,Female,2021-10-22,Munchies Honey Sweet Trail Mix,3.3,5
625,Shaylynn,Berzin,sberzinhc@theguardian.com,Non-binary,2021-10-23,"Iced Tea - Lemon, 460 Ml",17.9,2
626,Margarette,Leyden,mleydenhd@sciencedirect.com,Polygender,2021-10-18,"Rum - Spiced, Captain Morgan",11.5,1
627,Read,Kleewein,rkleeweinhe@disqus.com,Male,2021-10-24,Flour - Teff,5.0,2
628,Jo,Windross,jwindrosshf@comcast.net,Female,2021-10-20,Coriander - Seed,19.7,5
629,Kylen,Toby,ktobyhg@dot.gov,Genderqueer,2021-10-24,Cheese - Comtomme,9.0,4
630,Tiffi,Zylberdik,tzylberdikhh@yolasite.com,Non-binary,2021-10-22,Bread Base - Italian,10.6,3
631,Valida,Matveyev,vmatveyevhi@printfriendly.com,Non-binary,2021-10-20,Beer - Sleemans Honey Brown,2.2,2
632,Gherardo,Gavriel,ggavrielhj@ft.com,Female,2021-10-23,Crackers - Soda / Saltins,10.6,1
633,Casey,Axup,caxuphk@google.com,Female,2021-10-19,Garbag Bags - Black,6.3,3
634,Candra,Clardge,cclardgehl@cornell.edu,Polygender,2021-10-20,Ecolab - Hand Soap Form Antibac,12.0,1
635,Rosco,Guile,rguilehm@moonfruit.com,Genderqueer,2021-10-22,"Soup - Campbells, Creamy",19.9,3
636,Edgard,Holtaway,eholtawayhn@t-online.de,Bigender,2021-10-22,"Coffee - Colombian, Portioned",13.1,1
637,Tabatha,Bilney,tbilneyho@slashdot.org,Male,2021-10-21,"Water - Spring Water, 355 Ml",7.9,5
638,Alister,Wickrath,awickrathhp@bizjournals.com,Genderfluid,2021-10-24,Rootbeer,8.5,3
639,Karina,Jizhaki,kjizhakihq@oakley.com,Bigender,2021-10-19,V8 Splash Strawberry Banana,18.8,5
640,Pat,Byrcher,pbyrcherhr@creativecommons.org,Bigender,2021-10-21,"Pork - Sausage, Medium",13.3,4
641,Billie,Goodlud,bgoodludhs@purevolume.com,Male,2021-10-20,"Soup - Campbells, Creamy",18.3,3
642,Quill,Broadbent,qbroadbentht@nymag.com,Agender,2021-10-24,Pepper - Red Thai,10.3,1
643,Shepherd,Yearnes,syearneshu@dion.ne.jp,Genderfluid,2021-10-23,"Bread - Multigrain, Loaf",17.3,5
644,Alexandra,Feenan,afeenanhv@bbc.co.uk,Bigender,2021-10-19,Fennel,17.2,3
645,Otes,Norcliffe,onorcliffehw@admin.ch,Bigender,2021-10-23,Apple - Northern Spy,15.2,2
646,Bendick,Gligoraci,bgligoracihx@cbc.ca,Agender,2021-10-24,Bread - White Epi Baguette,9.4,3
647,Munmro,Brito,mbritohy@gravatar.com,Bigender,2021-10-21,Lady Fingers,17.4,4
648,Lon,Edkins,ledkinshz@squidoo.com,Female,2021-10-21,Broom Handle,7.0,2
649,Estrella,Youens,eyouensi0@bloomberg.com,Polygender,2021-10-18,Cookie Double Choco,1.1,4
650,Adeline,Perring,aperringi1@comcast.net,Polygender,2021-10-18,Beer - Sleemans Honey Brown,6.5,3
651,Carson,Riall,crialli2@dot.gov,Non-binary,2021-10-18,Cauliflower,7.5,5
652,Ginevra,Brittle,gbrittlei3@quantcast.com,Male,2021-10-19,Table Cloth 53x53 White,5.3,2
653,Dorelia,Ferriby,dferribyi4@friendfeed.com,Non-binary,2021-10-19,Sage Ground Wiberg,3.4,4
654,Kathie,Ferrarello,kferrarelloi5@ca.gov,Polygender,2021-10-21,"Soup - Knorr, Chicken Noodle",15.6,5
655,Annabell,Comins,acominsi6@zdnet.com,Polygender,2021-10-23,Bandage - Finger Cots,8.4,4
656,Aryn,Tydd,atyddi7@trellian.com,Genderfluid,2021-10-24,Wine - Soave Folonari,9.8,3
657,Knox,Stoddart,kstoddarti8@accuweather.com,Agender,2021-10-18,"Beans - Fava, Canned",18.0,4
658,Neille,Scholfield,nscholfieldi9@infoseek.co.jp,Bigender,2021-10-23,Bacardi Raspberry,12.5,5
659,Millisent,Housbie,mhousbieia@canalblog.com,Bigender,2021-10-21,Sage - Fresh,5.1,2
660,Baily,Caddy,bcaddyib@biglobe.ne.jp,Genderfluid,2021-10-18,Cocoa Powder - Natural,19.4,5
661,Levey,Pancoust,lpancoustic@prlog.org,Genderqueer,2021-10-20,Cloves - Ground,18.4,2
662,Webb,Gavrieli,wgavrieliid@xinhuanet.com,Agender,2021-10-21,Bay Leaf,18.2,1
663,Raddy,Dumphry,rdumphryie@fema.gov,Bigender,2021-10-21,Onions - Vidalia,14.2,5
664,Zelda,Lob,zlobif@arstechnica.com,Male,2021-10-22,Spring Roll Veg Mini,4.0,5
665,Rafaelita,Parkhouse,rparkhouseig@arizona.edu,Bigender,2021-10-21,Beef Cheek Fresh,7.1,1
666,Ruby,Eames,reamesih@un.org,Genderqueer,2021-10-21,Muffin Mix - Chocolate Chip,9.1,2
667,Margette,Parley,mparleyii@dion.ne.jp,Agender,2021-10-20,Longan,12.5,5
668,Felice,Lightning,flightningij@dropbox.com,Polygender,2021-10-24,Bread - Corn Muffaleta Onion,18.4,2
669,Doloritas,Akhurst,dakhurstik@simplemachines.org,Polygender,2021-10-23,Onions - White,13.6,5
670,Kaitlin,Seymour,kseymouril@dedecms.com,Genderfluid,2021-10-19,Passion Fruit,14.4,5
671,Joleen,Matyushenko,jmatyushenkoim@gnu.org,Genderfluid,2021-10-24,Tea - Camomele,9.8,1
672,Mylo,Sollime,msollimein@webmd.com,Agender,2021-10-23,Magnotta Bel Paese Red,12.7,1
673,Querida,Jostan,qjostanio@friendfeed.com,Bigender,2021-10-19,Shiratamako - Rice Flour,10.3,4
674,Consalve,Gaunter,cgaunterip@ameblo.jp,Female,2021-10-23,Fenngreek Seed,18.1,1
675,Erasmus,Haythorne,ehaythorneiq@behance.net,Genderfluid,2021-10-23,Tuna - Fresh,7.3,5
676,Brnaby,Lantiffe,blantiffeir@hatena.ne.jp,Female,2021-10-22,Sage Derby,11.7,2
677,Salem,Brevetor,sbrevetoris@arizona.edu,Genderqueer,2021-10-21,Melon - Honey Dew,1.7,5
678,Dore,Dilley,ddilleyit@google.com,Polygender,2021-10-23,Quinoa,16.6,2
679,Cecilio,Tabert,ctabertiu@wisc.edu,Non-binary,2021-10-22,"Rice Pilaf, Dry,package",5.8,3
680,Lilli,Jobey,ljobeyiv@fda.gov,Bigender,2021-10-22,Tuna - Salad Premix,11.8,3
681,Roseanne,Peirson,rpeirsoniw@bloomberg.com,Genderqueer,2021-10-24,Apricots - Halves,14.6,5
682,Yevette,Harvison,yharvisonix@xinhuanet.com,Genderqueer,2021-10-24,"Wine - Harrow Estates, Vidal",3.6,1
683,Rozanna,Di Pietro,rdipietroiy@angelfire.com,Polygender,2021-10-20,Napkin White - Starched,19.4,3
684,Trevar,Pardoe,tpardoeiz@amazon.co.uk,Female,2021-10-21,Gatorade - Orange,3.4,2
685,Gib,Veltmann,gveltmannj0@theatlantic.com,Agender,2021-10-19,Foil Wrap,8.2,3
686,Brew,Gwyer,bgwyerj1@ocn.ne.jp,Male,2021-10-20,Pizza Pizza Dough,19.8,4
687,Sheridan,O'Mannion,somannionj2@constantcontact.com,Non-binary,2021-10-24,"Oranges - Navel, 72",5.0,1
688,Erek,Chugg,echuggj3@nasa.gov,Male,2021-10-18,Sage - Ground,11.0,3
689,Anthiathia,Wraith,awraithj4@163.com,Agender,2021-10-21,Mayonnaise - Individual Pkg,13.5,3
690,Becka,Formoy,bformoyj5@diigo.com,Bigender,2021-10-18,Daves Island Stinger,9.7,5
691,Isahella,Pettinger,ipettingerj6@blogs.com,Male,2021-10-22,Tofu - Soft,5.7,4
692,Virge,Jendrys,vjendrysj7@admin.ch,Genderfluid,2021-10-22,Oven Mitt - 13 Inch,9.9,3
693,Nara,Dumphry,ndumphryj8@comcast.net,Bigender,2021-10-19,Halibut - Fletches,3.7,5
694,Reggi,Sherwell,rsherwellj9@sciencedaily.com,Genderfluid,2021-10-19,Tandoori Curry Paste,4.3,1
695,Allayne,Peebles,apeeblesja@techcrunch.com,Bigender,2021-10-19,"Crab - Dungeness, Whole, live",5.5,2
696,Hillyer,Ledrane,hledranejb@deviantart.com,Genderqueer,2021-10-22,Water - San Pellegrino,8.6,5
697,Isidore,Billborough,ibillboroughjc@163.com,Agender,2021-10-18,Apples - Spartan,4.6,5
698,Temp,Faulds,tfauldsjd@spiegel.de,Bigender,2021-10-19,Wine - Lou Black Shiraz,18.3,5
699,Holly,Sarrell,hsarrellje@google.es,Female,2021-10-20,Chick Peas - Canned,12.3,2
700,Evelina,Lackemann,elackemannjf@cdbaby.com,Genderqueer,2021-10-20,Longos - Chicken Wings,19.3,5
701,Andi,Looney,alooneyjg@army.mil,Polygender,2021-10-22,"Veal - Brisket, Provimi,bnls",3.3,2
702,Elset,Sola,esolajh@cafepress.com,Agender,2021-10-20,Beans - Kidney White,4.6,3
703,Emmeline,Audley,eaudleyji@epa.gov,Polygender,2021-10-22,Corn Kernels - Frozen,15.2,2
704,Martin,Anand,manandjj@wikispaces.com,Genderqueer,2021-10-19,Olives - Morracan Dired,11.1,2
705,Elicia,Yeude,eyeudejk@tumblr.com,Non-binary,2021-10-21,"Crab - Dungeness, Whole, live",14.2,5
706,Leese,Spriddle,lspriddlejl@google.it,Polygender,2021-10-21,Bagel - Plain,4.3,4
707,Wynn,Enefer,weneferjm@disqus.com,Genderfluid,2021-10-23,"Lamb - Loin, Trimmed, Boneless",13.0,1
708,Fannie,Danovich,fdanovichjn@narod.ru,Polygender,2021-10-24,Horseradish Root,7.5,1
709,Shane,Whettleton,swhettletonjo@sakura.ne.jp,Female,2021-10-19,Chicken - Wieners,13.1,4
710,Yurik,Rhule,yrhulejp@nba.com,Genderqueer,2021-10-22,"Rum - Dark, Bacardi, Black",19.2,1
711,Wynn,Yurocjkin,wyurocjkinjq@narod.ru,Agender,2021-10-24,Ice Cream Bar - Hageen Daz To,8.2,2
712,Ira,Herion,iherionjr@google.co.jp,Agender,2021-10-21,Muffin Hinge - 211n,13.4,4
713,Wilton,Van T'Hoog,wvanthoogjs@flavors.me,Polygender,2021-10-23,Sausage - Andouille,13.3,2
714,Evangelia,Dows,edowsjt@wiley.com,Polygender,2021-10-23,"Lamb - Loin, Trimmed, Boneless",18.6,3
715,Dorri,Smethurst,dsmethurstju@weather.com,Genderfluid,2021-10-21,Muffin - Bran Ind Wrpd,14.2,5
716,Neall,Pirrone,npirronejv@state.gov,Female,2021-10-22,Cheese - Taleggio D.o.p.,6.4,2
717,Tally,Saur,tsaurjw@webmd.com,Bigender,2021-10-19,Chocolate Bar - Reese Pieces,19.8,4
718,Sherman,Mashal,smashaljx@timesonline.co.uk,Genderfluid,2021-10-22,Beer - Moosehead,3.7,1
719,Nevsa,Mathiot,nmathiotjy@google.it,Genderqueer,2021-10-24,Miso Paste White,9.0,2
720,Lilia,Matokhnin,lmatokhninjz@nytimes.com,Genderqueer,2021-10-22,Appetizer - Mushroom Tart,1.3,4
721,Harmonia,Tuckwood,htuckwoodk0@state.tx.us,Polygender,2021-10-22,Bamboo Shoots - Sliced,19.1,2
722,Emalee,Malia,emaliak1@vkontakte.ru,Agender,2021-10-19,Yoplait Drink,7.0,5
723,Saunders,Mabbe,smabbek2@deviantart.com,Agender,2021-10-24,"Soup - Knorr, Country Bean",7.2,2
724,Devin,Adrain,dadraink3@cbc.ca,Polygender,2021-10-24,Fiddlehead - Frozen,7.2,2
725,Latashia,MacFarlane,lmacfarlanek4@washington.edu,Non-binary,2021-10-18,Toothpick Frilled,12.5,4
726,Lorilee,Hanington,lhaningtonk5@npr.org,Male,2021-10-22,Watercress,3.8,5
727,Nelle,Gentry,ngentryk6@rediff.com,Polygender,2021-10-18,Nantucket - Kiwi Berry Cktl.,5.9,1
728,Glyn,Fothergill,gfothergillk7@redcross.org,Polygender,2021-10-24,Pepper - Chili Powder,3.8,3
729,Giraud,Scardifeild,gscardifeildk8@msu.edu,Female,2021-10-24,Pickle - Dill,2.7,3
730,Brittni,Annable,bannablek9@prweb.com,Bigender,2021-10-23,"Tray - Foam, Square 4 - S",16.8,4
731,Ervin,Hargreave,ehargreaveka@sciencedirect.com,Female,2021-10-19,Roe - Flying Fish,19.6,3
732,Ferdy,Bundey,fbundeykb@weather.com,Genderfluid,2021-10-20,Sobe - Green Tea,7.6,4
733,Eberto,Letford,eletfordkc@oaic.gov.au,Non-binary,2021-10-20,Carbonated Water - White Grape,2.9,4
734,Caryn,Sheward,cshewardkd@mozilla.org,Non-binary,2021-10-18,Red Currants,14.0,4
735,Brewer,Doni,bdonike@un.org,Agender,2021-10-23,Chocolate - Milk Coating,13.5,1
736,Henryetta,Adriani,hadrianikf@addtoany.com,Polygender,2021-10-18,Coffee - Dark Roast,5.6,2
737,Gilburt,Hainning,ghainningkg@plala.or.jp,Female,2021-10-21,Garbage Bag - Clear,18.6,2
738,Abbe,Mac,amackh@weibo.com,Genderfluid,2021-10-18,Cookie Double Choco,12.9,4
739,Fulton,Edgerton,fedgertonki@slate.com,Genderqueer,2021-10-22,Cheese - Gouda Smoked,4.5,5
740,Alia,Applegarth,aapplegarthkj@wikipedia.org,Agender,2021-10-18,Wheat - Soft Kernal Of Wheat,5.6,5
741,Bernard,Haton,bhatonkk@360.cn,Non-binary,2021-10-24,Kellogs All Bran Bars,15.0,5
742,Shawn,Horsey,shorseykl@bloomberg.com,Female,2021-10-20,French Kiss Vanilla,15.2,3
743,Arline,Jephson,ajephsonkm@artisteer.com,Bigender,2021-10-20,Coffee Swiss Choc Almond,5.5,4
744,Hagen,Dryburgh,hdryburghkn@bbb.org,Non-binary,2021-10-19,Soup - Cream Of Broccoli,18.3,5
745,Maible,Gilliat,mgilliatko@nydailynews.com,Genderqueer,2021-10-23,Tahini Paste,3.6,5
746,Gayle,Pothergill,gpothergillkp@symantec.com,Genderfluid,2021-10-23,Beer - Blue Light,14.5,3
747,Chilton,Willstrop,cwillstropkq@shop-pro.jp,Female,2021-10-22,Venison - Liver,12.6,1
748,Davida,Cornew,dcornewkr@about.com,Male,2021-10-24,Pepper - Scotch Bonnet,4.5,3
749,Hedwiga,Heistermann,hheistermannks@delicious.com,Female,2021-10-23,Lamb - Shoulder,1.4,1
750,Clerkclaude,Thompstone,cthompstonekt@addthis.com,Genderqueer,2021-10-21,V8 - Berry Blend,18.1,2
751,Lucius,Jorge,ljorgeku@kickstarter.com,Bigender,2021-10-24,"Split Peas - Yellow, Dry",7.9,3
752,Pavlov,Anespie,panespiekv@latimes.com,Bigender,2021-10-20,Salad Dressing,15.1,1
753,Caterina,Helliwell,chelliwellkw@unesco.org,Agender,2021-10-23,Puree - Pear,11.4,2
754,Ralph,Heggs,rheggskx@altervista.org,Genderfluid,2021-10-19,Wine - Two Oceans Sauvignon,4.4,4
755,Archibald,Jeroch,ajerochky@facebook.com,Agender,2021-10-22,Beans - Kidney White,14.6,4
756,Karil,Sprason,ksprasonkz@fda.gov,Bigender,2021-10-23,Chinese Lemon Pork,6.6,1
757,Zach,Simmank,zsimmankl0@tinypic.com,Genderfluid,2021-10-23,Sprouts - Alfalfa,7.1,5
758,Arlyne,Banbrook,abanbrookl1@who.int,Polygender,2021-10-24,Gingerale - Diet - Schweppes,17.8,2
759,Reginald,Truss,rtrussl2@cbslocal.com,Bigender,2021-10-18,Apron,1.7,5
760,Guinna,Touhig,gtouhigl3@weibo.com,Non-binary,2021-10-24,Towels - Paper / Kraft,13.6,4
761,Dewie,Burns,dburnsl4@furl.net,Polygender,2021-10-18,"Nut - Cashews, Whole, Raw",6.3,1
762,Robyn,McElmurray,rmcelmurrayl5@istockphoto.com,Polygender,2021-10-24,Lobster - Tail 6 Oz,4.5,2
763,Giacinta,Watford,gwatfordl6@plala.or.jp,Genderqueer,2021-10-20,"Soup - Campbells, Lentil",4.5,5
764,Karyn,Churching,kchurchingl7@pinterest.com,Male,2021-10-24,Wine - Segura Viudas Aria Brut,6.0,4
765,Nickolai,Pentony,npentonyl8@baidu.com,Male,2021-10-19,Gatorade - Cool Blue Raspberry,13.4,2
766,Idalia,Capini,icapinil9@examiner.com,Genderqueer,2021-10-24,Bread - Dark Rye,11.7,5
767,Joyous,Hodgon,jhodgonla@wufoo.com,Non-binary,2021-10-21,Orange - Blood,11.7,3
768,Claire,Senn,csennlb@nba.com,Bigender,2021-10-18,Kahlua,14.4,5
769,Odele,Hegley,ohegleylc@illinois.edu,Agender,2021-10-18,Haggis,17.5,1
770,Joshia,Leavy,jleavyld@noaa.gov,Genderqueer,2021-10-21,Mousse - Mango,18.4,1
771,Jeremie,Ciccottini,jciccottinile@ucla.edu,Non-binary,2021-10-23,"Split Peas - Yellow, Dry",4.7,2
772,Vicky,Lowings,vlowingslf@ovh.net,Male,2021-10-23,Ginger - Ground,6.9,5
773,Clemmie,Marchi,cmarchilg@earthlink.net,Polygender,2021-10-21,"Bread - White, Unsliced",14.2,4
774,Kenneth,Maccree,kmaccreelh@webs.com,Genderqueer,2021-10-19,Juice - Ocean Spray Kiwi,4.7,1
775,Kerianne,Rattry,krattryli@cdbaby.com,Male,2021-10-22,Broom - Corn,5.4,4
776,Deloria,Moniker,dmonikerlj@flavors.me,Agender,2021-10-19,Bar Energy Chocchip,9.8,5
777,Brina,Aronow,baronowlk@facebook.com,Bigender,2021-10-22,Beef - Montreal Smoked Brisket,3.4,2
778,Trista,McGarahan,tmcgarahanll@reddit.com,Bigender,2021-10-21,Vodka - Moskovskaya,9.4,5
779,Juli,Gatus,jgatuslm@surveymonkey.com,Bigender,2021-10-18,"Beef - Rib Roast, Capless",18.0,1
780,Cindi,Beddoes,cbeddoesln@usgs.gov,Bigender,2021-10-20,Soup - Campbells Beef Strogonoff,9.9,2
781,Xymenes,Sexon,xsexonlo@stumbleupon.com,Female,2021-10-18,Crackers - Soda / Saltins,6.2,1
782,Hodge,Droghan,hdroghanlp@nih.gov,Genderfluid,2021-10-18,Garbag Bags - Black,4.1,1
783,Cal,Glencross,cglencrosslq@berkeley.edu,Male,2021-10-22,Aspic - Clear,1.3,2
784,Jobye,Rewcastle,jrewcastlelr@samsung.com,Genderqueer,2021-10-21,"Marsala - Sperone, Fine, D.o.c.",13.4,5
785,Jessee,Crosbie,jcrosbiels@hhs.gov,Genderqueer,2021-10-20,"Tart Shells - Savory, 4",2.3,2
786,Lionel,Butterfield,lbutterfieldlt@reuters.com,Genderfluid,2021-10-20,Bouillion - Fish,10.8,1
787,Melisenda,Woolatt,mwoolattlu@mayoclinic.com,Polygender,2021-10-22,"Lid - 10,12,16 Oz",16.3,2
788,Devlin,Alejandri,dalejandrilv@slate.com,Female,2021-10-22,Pastry - Choclate Baked,5.8,2
789,Mickey,Howling,mhowlinglw@devhub.com,Non-binary,2021-10-19,Lamb - Rack,1.7,1
790,Ninon,Schusterl,nschusterllx@nih.gov,Female,2021-10-24,Glass - Juice Clear 5oz 55005,5.8,3
791,Federica,Urvoy,furvoyly@jalbum.net,Bigender,2021-10-18,Mussels - Frozen,7.0,1
792,Carin,Spackman,cspackmanlz@webeden.co.uk,Male,2021-10-21,Milk - Condensed,5.8,5
793,Cassy,Gossop,cgossopm0@histats.com,Bigender,2021-10-19,Scallops - 10/20,10.4,2
794,Bear,Le Fleming,bleflemingm1@prweb.com,Male,2021-10-18,"Wine - White, Ej",14.6,3
795,Fayth,Fidgeon,ffidgeonm2@sun.com,Male,2021-10-21,"Coconut - Shredded, Sweet",3.4,1
796,Kyla,Waycott,kwaycottm3@prweb.com,Male,2021-10-23,Cognac - Courvaisier,11.8,4
797,Siouxie,Shouler,sshoulerm4@alexa.com,Male,2021-10-20,Pear - Asian,16.5,3
798,Annnora,Tomaselli,atomasellim5@msu.edu,Agender,2021-10-24,Snails - Large Canned,3.6,1
799,Randie,Bee,rbeem6@desdev.cn,Genderqueer,2021-10-23,Trueblue - Blueberry,13.4,5
800,Gregor,Silvester,gsilvesterm7@sakura.ne.jp,Non-binary,2021-10-23,Tuna - Sushi Grade,18.3,3
801,Dacie,de Mendoza,ddemendozam8@google.com.au,Male,2021-10-18,Muffin Batt - Choc Chk,14.4,4
802,Amabelle,Grunder,agrunderm9@bravesites.com,Male,2021-10-19,"Chilli Paste, Hot Sambal Oelek",14.2,4
803,Halsy,Gergher,hgergherma@whitehouse.gov,Female,2021-10-23,Tofu - Firm,10.6,3
804,Morganne,Medley,mmedleymb@creativecommons.org,Polygender,2021-10-18,"Tarragon - Primerba, Paste",1.3,1
805,Anthiathia,Barmadier,abarmadiermc@arstechnica.com,Non-binary,2021-10-24,"Beef - Bones, Cut - Up",12.6,2
806,Nicola,Knock,nknockmd@theglobeandmail.com,Non-binary,2021-10-19,Grapes - Red,18.4,2
807,Broddie,Haverson,bhaversonme@cmu.edu,Agender,2021-10-20,Sauce - Soy Low Sodium - 3.87l,18.1,3
808,Charity,Tabour,ctabourmf@ca.gov,Bigender,2021-10-24,Wine - Clavet Saint Emilion,3.9,5
809,Cynthea,Pryce,cprycemg@nytimes.com,Male,2021-10-24,Wine - Chateau Timberlay,16.2,2
810,Kingsly,Pellingar,kpellingarmh@about.me,Polygender,2021-10-22,Berry Brulee,19.3,5
811,Meade,Piola,mpiolami@nba.com,Polygender,2021-10-24,Pork - Shoulder,10.6,1
812,Joete,Cargon,jcargonmj@usgs.gov,Male,2021-10-23,Sauce - Ranch Dressing,10.2,5
813,Tandie,Scampion,tscampionmk@php.net,Agender,2021-10-23,Spice - Peppercorn Melange,19.5,2
814,Sauncho,Razzell,srazzellml@tamu.edu,Agender,2021-10-19,Dc Hikiage Hira Huba,13.2,2
815,Clem,Crielly,ccriellymm@imageshack.us,Bigender,2021-10-21,Table Cloth 54x54 White,1.2,5
816,Marcia,Clews,mclewsmn@oaic.gov.au,Genderqueer,2021-10-20,Milk - 2% 250 Ml,14.5,2
817,Megan,Dursley,mdursleymo@geocities.com,Agender,2021-10-20,Cake - Box Window 10x10x2.5,16.0,1
818,Conn,Lockhurst,clockhurstmp@gmpg.org,Genderqueer,2021-10-20,Steel Wool S.o.s,2.6,2
819,Sibley,McLarnon,smclarnonmq@webeden.co.uk,Male,2021-10-19,"Coffee - Beans, Whole",6.1,5
820,Lem,Van Der Straaten,lvanderstraatenmr@chicagotribune.com,Polygender,2021-10-18,Scallops - Live In Shell,4.5,3
821,Garek,Kearns,gkearnsms@google.fr,Female,2021-10-24,Drambuie,12.7,4
822,Sammy,Chatenier,schateniermt@google.es,Genderfluid,2021-10-18,Mustard - Dijon,10.4,1
823,Ellis,Scandrick,escandrickmu@github.com,Genderfluid,2021-10-24,Beef - Short Loin,1.9,5
824,Robyn,Stuffins,rstuffinsmv@seattletimes.com,Bigender,2021-10-18,Lettuce - Arugula,8.1,3
825,Hunfredo,Cubitt,hcubittmw@wufoo.com,Bigender,2021-10-19,"Jam - Raspberry,jar",8.6,2
826,Leonerd,Lucus,llucusmx@tripod.com,Male,2021-10-18,Temperature Recording Station,3.8,3
827,Rubetta,Karslake,rkarslakemy@microsoft.com,Non-binary,2021-10-20,Cake Sheet Combo Party Pack,10.1,5
828,Verile,Hammerton,vhammertonmz@businesswire.com,Genderqueer,2021-10-23,"Pail - 15l White, With Handle",17.2,2
829,Matthew,Wrench,mwrenchn0@1und1.de,Polygender,2021-10-21,Pastry - Choclate Baked,15.4,5
830,Oralle,Okill,ookilln1@fastcompany.com,Genderfluid,2021-10-23,"Shrimp - 16/20, Iqf, Shell On",12.9,4
831,Saundra,Rijkeseis,srijkeseisn2@dropbox.com,Genderfluid,2021-10-21,"Wine - Red, Wolf Blass, Yellow",18.6,5
832,Konrad,Nasey,knaseyn3@slashdot.org,Polygender,2021-10-19,Syrup - Chocolate,1.7,1
833,Natka,Annear,nannearn4@japanpost.jp,Genderqueer,2021-10-23,"Soup - Canadian Pea, Dry Mix",3.3,4
834,Kary,Haggis,khaggisn5@arstechnica.com,Genderfluid,2021-10-24,Cookies - Englishbay Chochip,17.5,5
835,Agna,Baldcock,abaldcockn6@scientificamerican.com,Female,2021-10-19,Island Oasis - Sweet And Sour Mix,2.9,4
836,See,MacLeod,smacleodn7@joomla.org,Female,2021-10-23,Glass Clear 8 Oz,5.0,1
837,Colene,Handley,chandleyn8@skyrock.com,Female,2021-10-19,Shrimp - Prawn,16.9,4
838,Gunilla,Dack,gdackn9@accuweather.com,Polygender,2021-10-19,Bread - 10 Grain Parisian,8.6,4
839,Gaspar,Chazelle,gchazellena@uiuc.edu,Male,2021-10-21,Sauce - Salsa,12.0,1
840,Michaela,Gyford,mgyfordnb@nydailynews.com,Non-binary,2021-10-21,Wine - Pinot Noir Latour,11.1,5
841,Hamish,Meininking,hmeininkingnc@intel.com,Agender,2021-10-21,Mousse - Banana Chocolate,5.4,2
842,Lowell,Ronan,lronannd@photobucket.com,Genderfluid,2021-10-19,Wine - Domaine Boyar Royal,7.2,5
843,Laurel,Beel,lbeelne@blog.com,Polygender,2021-10-18,Mushroom - King Eryingii,16.6,1
844,Christy,Dymidowski,cdymidowskinf@vkontakte.ru,Female,2021-10-21,Gooseberry,8.9,4
845,Em,Claricoats,eclaricoatsng@nsw.gov.au,Male,2021-10-23,Garlic - Peeled,13.6,3
846,Laetitia,Mullin,lmullinnh@cbslocal.com,Female,2021-10-21,Fondant - Icing,11.7,3
847,Joshua,Demschke,jdemschkeni@nationalgeographic.com,Non-binary,2021-10-22,Jam - Apricot,15.0,4
848,Kendrick,Kender,kkendernj@qq.com,Female,2021-10-19,"Pasta - Bauletti, Chicken White",10.8,4
849,Quinlan,Ormesher,qormeshernk@kickstarter.com,Bigender,2021-10-24,"Bread - Bagels, Plain",14.2,1
850,Decca,Kleinstub,dkleinstubnl@infoseek.co.jp,Polygender,2021-10-24,Pineapple - Regular,13.4,4
851,Dominik,Jizhaki,djizhakinm@123-reg.co.uk,Female,2021-10-23,"Beans - Kidney, Red Dry",6.7,3
852,Miriam,Treadger,mtreadgernn@hibu.com,Male,2021-10-18,Puff Pastry - Slab,3.5,2
853,Noelyn,Plitz,nplitzno@uol.com.br,Male,2021-10-24,Laundry - Bag Cloth,14.0,2
854,Vergil,Matisoff,vmatisoffnp@usgs.gov,Genderfluid,2021-10-19,Sobe - Tropical Energy,18.2,4
855,Errol,Knappett,eknappettnq@gov.uk,Bigender,2021-10-20,Mince Meat - Filling,13.2,2
856,Jedd,Fradson,jfradsonnr@utexas.edu,Non-binary,2021-10-21,Initation Crab Meat,14.0,2
857,Debbie,Lauritsen,dlauritsenns@unc.edu,Bigender,2021-10-19,"Apple - Delicious, Golden",11.8,2
858,Ray,Addinall,raddinallnt@nba.com,Agender,2021-10-21,Ecolab - Ster Bac,16.0,1
859,Delores,Gieves,dgievesnu@freewebs.com,Bigender,2021-10-24,Pur Value,18.2,3
860,Adams,Siemantel,asiemantelnv@independent.co.uk,Agender,2021-10-20,Chip - Potato Dill Pickle,16.5,2
861,Inna,Filipic,ifilipicnw@posterous.com,Polygender,2021-10-23,"Wine - Red, Cooking",14.9,5
862,Debor,Raselles,drasellesnx@who.int,Genderfluid,2021-10-18,Sauce - Hollandaise,12.7,3
863,Prissie,Burmaster,pburmasterny@webeden.co.uk,Genderfluid,2021-10-22,Bagel - Sesame Seed Presliced,15.0,5
864,Candice,O'Cridigan,cocridigannz@youtu.be,Agender,2021-10-18,"Squash - Pattypan, Yellow",14.1,2
865,Keri,Gabel,kgabelo0@facebook.com,Genderqueer,2021-10-24,"Mushroom - Chantrelle, Fresh",15.3,5
866,Travers,Heck,thecko1@ed.gov,Male,2021-10-21,"Artichoke - Hearts, Canned",15.2,1
867,Chad,Jurisch,cjurischo2@addthis.com,Genderqueer,2021-10-22,"Wine - White, Ej Gallo",18.6,3
868,Iorgo,MacGinley,imacginleyo3@foxnews.com,Genderqueer,2021-10-24,Syrup - Pancake,14.7,3
869,Lorne,MacMenamin,lmacmenamino4@gizmodo.com,Female,2021-10-24,Wine - Vovray Sec Domaine Huet,9.7,5
870,Joycelin,Riggey,jriggeyo5@multiply.com,Female,2021-10-24,Wooden Mop Handle,14.0,1
871,Ravid,Prator,rpratoro6@irs.gov,Genderqueer,2021-10-18,Eggs - Extra Large,7.3,3
872,Artair,Mealiffe,amealiffeo7@theglobeandmail.com,Female,2021-10-18,Pan Grease,1.8,3
873,Deanne,Neill,dneillo8@godaddy.com,Female,2021-10-24,Beets,12.4,1
874,Kassia,Comiskey,kcomiskeyo9@wsj.com,Genderfluid,2021-10-24,Onion - Dried,16.5,2
875,Curt,Habergham,chaberghamoa@sciencedirect.com,Female,2021-10-21,Squid - Breaded,13.0,1
876,Camila,Pounder,cpounderob@furl.net,Genderqueer,2021-10-23,Puree - Raspberry,10.5,3
877,Colly,Keoghane,ckeoghaneoc@bigcartel.com,Bigender,2021-10-24,Island Oasis - Lemonade,15.2,2
878,Tessie,Keigher,tkeigherod@springer.com,Polygender,2021-10-19,Green Scrubbie Pad H.duty,11.1,5
879,Joshua,Prandin,jprandinoe@vinaora.com,Male,2021-10-23,"Beans - Black Bean, Canned",16.4,3
880,Ardelis,Frizell,afrizellof@aol.com,Genderfluid,2021-10-20,Chips Potato Swt Chilli Sour,16.7,5
881,Karita,Relton,kreltonog@joomla.org,Non-binary,2021-10-22,Pickerel - Fillets,14.4,4
882,Clerissa,Lerer,clereroh@odnoklassniki.ru,Bigender,2021-10-20,Pork Loin Bine - In Frenched,13.0,3
883,Georgeanne,Danilevich,gdanilevichoi@de.vu,Female,2021-10-20,Wine - Spumante Bambino White,17.6,1
884,Kipp,Baynes,kbaynesoj@pbs.org,Polygender,2021-10-21,"Beef - Tenderlion, Center Cut",7.1,1
885,Katharyn,Catterall,kcatterallok@a8.net,Bigender,2021-10-23,Beer - Maudite,10.0,4
886,Maddalena,Henze,mhenzeol@fotki.com,Male,2021-10-19,Cumin - Ground,10.4,5
887,Lottie,Dee,ldeeom@wikispaces.com,Genderqueer,2021-10-21,Chicken - Soup Base,7.9,3
888,Noelani,Goodright,ngoodrighton@yandex.ru,Female,2021-10-22,Sauce - Hp,10.3,2
889,Staffard,Levecque,slevecqueoo@discuz.net,Male,2021-10-19,Pop - Club Soda Can,12.7,1
890,Alethea,Cockerell,acockerellop@state.gov,Non-binary,2021-10-24,"Nut - Walnut, Chopped",17.0,3
891,Mic,Scanes,mscanesoq@usgs.gov,Bigender,2021-10-21,"Wine - Red, Lurton Merlot De",8.5,2
892,Averil,Lenton,alentonor@pagesperso-orange.fr,Female,2021-10-22,Pastry - Lemon Danish - Mini,7.1,2
893,Kathryne,Westfield,kwestfieldos@mtv.com,Male,2021-10-20,Wine - Chablis J Moreau Et Fils,16.6,1
894,Allie,Antonchik,aantonchikot@usnews.com,Female,2021-10-24,Aspic - Amber,11.3,1
895,Valerye,Sollner,vsollnerou@slashdot.org,Agender,2021-10-24,Clam Nectar,15.5,4
896,Tome,Docker,tdockerov@xrea.com,Male,2021-10-23,Chicken - Whole,14.5,4
897,Roger,Parkey,rparkeyow@multiply.com,Non-binary,2021-10-24,Chick Peas - Dried,4.1,2
898,Dino,Braid,dbraidox@vk.com,Bigender,2021-10-22,Duck - Whole,6.6,3
899,Bartlett,Chisholm,bchisholmoy@shop-pro.jp,Male,2021-10-24,Squash - Butternut,9.4,2
900,Leupold,Howard,lhowardoz@uol.com.br,Genderfluid,2021-10-18,Tomatoes - Orange,11.9,1
901,Daffi,Overbury,doverburyp0@comsenz.com,Female,2021-10-18,Garbage Bag - Clear,16.0,2
902,Ange,Deeny,adeenyp1@nyu.edu,Male,2021-10-24,Mackerel Whole Fresh,8.8,2
903,Estel,Leisman,eleismanp2@list-manage.com,Bigender,2021-10-18,Catfish - Fillets,2.4,2
904,Burgess,Rickcord,brickcordp3@utexas.edu,Genderfluid,2021-10-20,Grapefruit - White,3.1,2
905,Borg,Coplestone,bcoplestonep4@deliciousdays.com,Male,2021-10-18,Wild Boar - Tenderloin,1.1,2
906,Brigg,Beaver,bbeaverp5@histats.com,Non-binary,2021-10-20,Rice - Aborio,18.0,1
907,Sam,Kirsch,skirschp6@shareasale.com,Male,2021-10-20,Pastry - Plain Baked Croissant,6.0,1
908,Gordy,Hixley,ghixleyp7@webnode.com,Genderfluid,2021-10-24,Wine - Gewurztraminer Pierre,4.9,2
909,Gradey,Shade,gshadep8@slashdot.org,Non-binary,2021-10-23,Wine - Segura Viudas Aria Brut,2.4,3
910,Bendite,Duesbury,bduesburyp9@ca.gov,Male,2021-10-23,Muffin Mix - Carrot,5.9,5
911,Willetta,Lossman,wlossmanpa@theatlantic.com,Agender,2021-10-20,Sauce Bbq Smokey,10.3,5
912,Lemar,Sabati,lsabatipb@patch.com,Male,2021-10-18,"Pasta - Fusili, Dry",2.9,1
913,Renado,Isack,risackpc@g.co,Bigender,2021-10-23,"Cheese - Cheddar, Mild",9.0,3
914,Hale,Tadd,htaddpd@nih.gov,Bigender,2021-10-21,Wine - Winzer Krems Gruner,4.5,5
915,Rustin,Bernuzzi,rbernuzzipe@umich.edu,Genderfluid,2021-10-19,Crawfish,11.7,1
916,Donnie,Aucock,daucockpf@ucsd.edu,Female,2021-10-20,Marzipan 50/50,5.1,4
917,Leanora,Shellshear,lshellshearpg@biblegateway.com,Female,2021-10-20,Melon - Honey Dew,12.2,2
918,Gunner,Earwicker,gearwickerph@diigo.com,Agender,2021-10-22,Cookie Trail Mix,12.7,2
919,Brook,Flucker,bfluckerpi@wunderground.com,Polygender,2021-10-18,Sherry - Dry,8.3,1
920,Hillier,MacCambridge,hmaccambridgepj@ask.com,Female,2021-10-18,Energy Drink Bawls,9.5,3
921,Marylynne,Calfe,mcalfepk@va.gov,Female,2021-10-21,"Soup - Campbells, Classic Chix",9.7,5
922,Moses,Wharf,mwharfpl@istockphoto.com,Genderqueer,2021-10-18,Eggplant Oriental,4.1,3
923,Happy,Skrines,hskrinespm@hp.com,Non-binary,2021-10-24,Cheese - Le Cheve Noir,14.5,4
924,Bradley,Pinkard,bpinkardpn@washington.edu,Bigender,2021-10-23,Apple - Fuji,19.9,3
925,Clayson,Lebond,clebondpo@freewebs.com,Agender,2021-10-24,Juice - V8 Splash,6.0,4
926,Mendy,Ivanyushin,mivanyushinpp@domainmarket.com,Polygender,2021-10-22,Grapefruit - Pink,15.3,2
927,Lynnell,Dive,ldivepq@uol.com.br,Non-binary,2021-10-19,"Thyme - Lemon, Fresh",5.7,5
928,Donia,Coultass,dcoultasspr@msu.edu,Male,2021-10-23,"Basil - Dry, Rubbed",18.3,1
929,Corina,Dimeloe,cdimeloeps@posterous.com,Agender,2021-10-20,Ecolab - Ster Bac,7.0,1
930,Fayth,Bernier,fbernierpt@ocn.ne.jp,Genderfluid,2021-10-22,"Doilies - 8, Paper",13.2,3
931,Jobye,Treasure,jtreasurepu@1688.com,Female,2021-10-23,Fuji Apples,11.2,3
932,Kit,Armistead,karmisteadpv@archive.org,Genderqueer,2021-10-24,Wine - Valpolicella Masi,3.1,2
933,Stanford,Betts,sbettspw@clickbank.net,Female,2021-10-23,Marzipan 50/50,12.7,3
934,Clementine,Stollmeier,cstollmeierpx@dropbox.com,Bigender,2021-10-24,Spinach - Frozen,17.2,5
935,Lorianna,Burgwyn,lburgwynpy@mit.edu,Male,2021-10-20,Potatoes - Pei 10 Oz,11.2,3
936,Maximilianus,Kunz,mkunzpz@paginegialle.it,Genderfluid,2021-10-24,Soup - Cream Of Potato / Leek,1.8,4
937,Jo ann,Gannan,jgannanq0@ted.com,Bigender,2021-10-21,Cookies - Englishbay Oatmeal,7.0,5
938,Krysta,Bernaert,kbernaertq1@google.cn,Male,2021-10-19,Wine - Winzer Krems Gruner,5.5,2
939,Blisse,Wardlow,bwardlowq2@go.com,Female,2021-10-21,Sprouts Dikon,5.9,2
940,Tyson,Robberecht,trobberechtq3@w3.org,Genderfluid,2021-10-19,Sauce - Plum,3.1,5
941,Danika,Critchlow,dcritchlowq4@parallels.com,Non-binary,2021-10-18,Sauce - Vodka Blush,12.1,1
942,Yanaton,Stredder,ystredderq5@bizjournals.com,Female,2021-10-20,Pail With Metal Handle 16l White,12.5,3
943,Zoe,Godsil,zgodsilq6@sohu.com,Male,2021-10-18,Wine - Chianti Classica Docg,18.0,2
944,Ole,Hazlegrove,ohazlegroveq7@un.org,Male,2021-10-24,Marjoram - Fresh,9.4,5
945,Romonda,Roger,rrogerq8@bing.com,Bigender,2021-10-22,Petite Baguette,17.3,3
946,Costanza,Kohrs,ckohrsq9@usda.gov,Non-binary,2021-10-18,Ecolab - Power Fusion,16.3,2
947,Lauretta,Rihanek,lrihanekqa@123-reg.co.uk,Polygender,2021-10-20,Wine - Sicilia Igt Nero Avola,14.4,4
948,Berny,MacMurray,bmacmurrayqb@tripod.com,Non-binary,2021-10-23,Dragon Fruit,13.8,5
949,Spence,McTurk,smcturkqc@uiuc.edu,Bigender,2021-10-20,Wine - Balbach Riverside,3.6,3
950,Korry,Zanettini,kzanettiniqd@indiatimes.com,Non-binary,2021-10-19,Pears - Anjou,11.2,3
951,Toby,Searl,tsearlqe@hhs.gov,Genderqueer,2021-10-22,"Pepper - Chillies, Crushed",15.7,1
952,Clio,Hovenden,chovendenqf@indiatimes.com,Genderfluid,2021-10-21,Bay Leaf Ground,18.3,2
953,Heinrick,Stiggles,hstigglesqg@rediff.com,Bigender,2021-10-21,Liquid Aminios Acid - Braggs,10.4,3
954,Inger,Bricksey,ibrickseyqh@xing.com,Polygender,2021-10-22,Scallops - Live In Shell,14.7,3
955,Courtney,Krysztowczyk,ckrysztowczykqi@vinaora.com,Female,2021-10-22,"Sparkling Wine - Rose, Freixenet",3.0,1
956,Hayes,Tomaini,htomainiqj@cocolog-nifty.com,Genderfluid,2021-10-18,Pur Value,15.9,5
957,Van,Weddeburn,vweddeburnqk@rakuten.co.jp,Bigender,2021-10-20,"Pepsi - Diet, 355 Ml",6.1,4
958,Shell,Lawdham,slawdhamql@stumbleupon.com,Polygender,2021-10-19,Nectarines,15.1,3
959,Inna,MacKonochie,imackonochieqm@homestead.com,Polygender,2021-10-20,Paper - Brown Paper Mini Cups,13.3,5
960,Maressa,Illingsworth,millingsworthqn@google.it,Genderfluid,2021-10-22,Hersey Shakes,5.8,5
961,Jerrine,Bairnsfather,jbairnsfatherqo@hao123.com,Non-binary,2021-10-21,Island Oasis - Sweet And Sour Mix,11.4,4
962,Si,Reignolds,sreignoldsqp@boston.com,Genderqueer,2021-10-22,"Orange - Canned, Mandarin",9.3,3
963,Fairfax,Baiden,fbaidenqq@adobe.com,Genderqueer,2021-10-20,Pork Loin Bine - In Frenched,3.1,4
964,Margaretha,Torbard,mtorbardqr@ft.com,Agender,2021-10-18,"Rum - Cream, Amarula",2.7,2
965,Bellina,Phinn,bphinnqs@ehow.com,Non-binary,2021-10-21,Ocean Spray - Ruby Red,19.4,4
966,Shelley,Clift,scliftqt@xing.com,Female,2021-10-19,Bagel - Everything Presliced,5.9,3
967,Mireielle,Dunbobbin,mdunbobbinqu@pagesperso-orange.fr,Male,2021-10-21,Soup - Cream Of Broccoli,8.8,4
968,Gaby,Lillicrop,glillicropqv@sakura.ne.jp,Genderqueer,2021-10-19,Cookies Oatmeal Raisin,10.0,4
969,Myrtie,Semeniuk,msemeniukqw@diigo.com,Non-binary,2021-10-19,"Brownies - Two Bite, Chocolate",3.2,3
970,Trudie,Arnow,tarnowqx@ox.ac.uk,Agender,2021-10-20,Tea - Herbal Sweet Dreams,9.9,1
971,Chelsea,Albone,calboneqy@phpbb.com,Non-binary,2021-10-19,Pickerel - Fillets,5.2,4
972,Terza,Gerrey,tgerreyqz@fastcompany.com,Polygender,2021-10-23,Plasticspoonblack,12.6,5
973,Eugenie,Morratt,emorrattr0@gnu.org,Non-binary,2021-10-19,Chickensplit Half,8.7,1
974,Annabelle,de Cullip,adecullipr1@tinypic.com,Polygender,2021-10-24,"Ice - Clear, 300 Lb For Carving",11.5,5
975,Nestor,O'Duggan,nodugganr2@quantcast.com,Non-binary,2021-10-23,"Quail - Whole, Boneless",6.8,4
976,Lynnell,Reboul,lreboulr3@netscape.com,Female,2021-10-22,Longos - Chicken Caeser Salad,9.4,2
977,Dante,Bonner,dbonnerr4@goo.gl,Male,2021-10-23,Squid - Tubes / Tenticles 10/20,19.2,1
978,Andrus,Bernadon,abernadonr5@alexa.com,Female,2021-10-24,Muffin Mix - Oatmeal,4.7,1
979,Waite,Kemet,wkemetr6@economist.com,Bigender,2021-10-22,Wine - Redchard Merritt,2.0,1
980,Ludvig,Gready,lgreadyr7@youku.com,Genderqueer,2021-10-18,Vaccum Bag - 14x20,8.9,5
981,Margalit,Joron,mjoronr8@cdbaby.com,Agender,2021-10-23,Beans - Wax,4.1,2
982,Gayel,MacGown,gmacgownr9@123-reg.co.uk,Female,2021-10-20,Dc - Frozen Momji,5.4,2
983,Janna,Cullnean,jcullneanra@ehow.com,Male,2021-10-23,"Fish - Artic Char, Cold Smoked",1.3,1
984,Brande,Ranner,brannerrb@princeton.edu,Non-binary,2021-10-18,Milk - Homo,12.5,1
985,Genvieve,Gaskarth,ggaskarthrc@nih.gov,Female,2021-10-23,"Flour - Bran, Red",10.5,4
986,Calvin,Dixson,cdixsonrd@blogs.com,Bigender,2021-10-18,"7up Diet, 355 Ml",9.6,2
987,Eolanda,Duckitt,educkittre@si.edu,Agender,2021-10-23,Cheese - St. Andre,16.8,5
988,Min,Heynen,mheynenrf@aol.com,Polygender,2021-10-18,"Capon - Breast, Double, Wing On",6.7,4
989,Martina,Autie,mautierg@dyndns.org,Genderfluid,2021-10-18,"Pail - 15l White, With Handle",13.8,1
990,Kath,Bassano,kbassanorh@accuweather.com,Non-binary,2021-10-24,Muffin Mix - Banana Nut,15.4,1
991,Robinette,Yarr,ryarrri@sourceforge.net,Agender,2021-10-20,Kiwi Gold Zespri,19.3,5
992,Giovanni,Handrock,ghandrockrj@wufoo.com,Agender,2021-10-24,Lettuce - Frisee,7.5,4
993,Gregoire,McHardy,gmchardyrk@latimes.com,Agender,2021-10-20,Initation Crab Meat,3.7,4
994,Allegra,Lynch,alynchrl@hatena.ne.jp,Genderqueer,2021-10-23,Cup Translucent 9 Oz,3.1,2
995,Archibaldo,Tudor,atudorrm@zimbio.com,Genderfluid,2021-10-23,Fondant - Icing,7.4,4
996,Arabelle,Gerckens,agerckensrn@i2i.jp,Genderqueer,2021-10-24,Sauce - Sesame Thai Dressing,7.9,4
997,Teodora,Chesterman,tchestermanro@instagram.com,Male,2021-10-23,"Nut - Hazelnut, Whole",2.6,3
998,Antoine,Di Lucia,adiluciarp@cisco.com,Bigender,2021-10-24,Assorted Desserts,2.4,5
999,Enid,Shrieve,eshrieverq@pagesperso-orange.fr,Non-binary,2021-10-23,Kolrabi,10.8,2
1000,Candida,Bernon,cbernonrr@macromedia.com,Bigender,2021-10-18,Red Cod Fillets - 225g,7.8,4
